date,symbol,weight
2025-01-16,AU,0.295508
2025-01-16,AG,0.102407
2025-01-16,IH,0.110567
2025-01-16,IF,0.091338
2025-01-16,SN,0.110108
2025-01-16,A,0.096945
2025-01-16,IC,0.056725
2025-01-16,OI,0.0529
2025-01-16,Y,0.048241
2025-01-16,RU,0.035262
2025-01-16,I,-0.013431
2025-01-16,UR,-0.023547
2025-01-16,SA,-0.013179
2025-01-16,RM,-0.012511
2025-01-16,V,-0.020154
2025-01-16,LH,-0.026077
2025-01-16,JM,-0.009964
2025-01-16,CF,-0.075925
2025-01-16,J,-0.010816
2025-01-16,TS,-0.794394
2025-01-17,AU,0.204369
2025-01-17,AG,0.071228
2025-01-17,SN,0.092339
2025-01-17,IH,0.094466
2025-01-17,IF,0.093392
2025-01-17,OI,0.038104
2025-01-17,A,0.062604
2025-01-17,Y,0.034582
2025-01-17,TL,0.280245
2025-01-17,RU,0.028672
2025-01-17,I,-0.013455
2025-01-17,UR,-0.019733
2025-01-17,LH,-0.026027
2025-01-17,SA,-0.012474
2025-01-17,RM,-0.012328
2025-01-17,V,-0.021494
2025-01-17,CF,-0.072443
2025-01-17,JM,-0.009833
2025-01-17,TS,-0.801411
2025-01-17,J,-0.010802
2025-01-20,AU,0.201572
2025-01-20,AG,0.070124
2025-01-20,IH,0.097296
2025-01-20,IF,0.095989
2025-01-20,SN,0.089138
2025-01-20,OI,0.038948
2025-01-20,A,0.061155
2025-01-20,TL,0.278293
2025-01-20,Y,0.038452
2025-01-20,RU,0.029033
2025-01-20,I,-0.013308
2025-01-20,UR,-0.019832
2025-01-20,RM,-0.012667
2025-01-20,LH,-0.025215
2025-01-20,SA,-0.011956
2025-01-20,CF,-0.072556
2025-01-20,V,-0.020772
2025-01-20,J,-0.010269
2025-01-20,JM,-0.009294
2025-01-20,TS,-0.80413
2025-01-21,AU,0.213467
2025-01-21,AG,0.078496
2025-01-21,IH,0.124807
2025-01-21,SN,0.080276
2025-01-21,IF,0.116187
2025-01-21,A,0.073096
2025-01-21,OI,0.037784
2025-01-21,TL,0.213799
2025-01-21,Y,0.039047
2025-01-21,SC,0.023041
2025-01-21,I,-0.01357
2025-01-21,UR,-0.02021
2025-01-21,RM,-0.013023
2025-01-21,LH,-0.024272
2025-01-21,SA,-0.012535
2025-01-21,CF,-0.075651
2025-01-21,V,-0.020948
2025-01-21,J,-0.0101
2025-01-21,JM,-0.009267
2025-01-21,TS,-0.800426
2025-01-22,AU,0.231207
2025-01-22,AG,0.081057
2025-01-22,SN,0.069241
2025-01-22,IH,0.10694
2025-01-22,IF,0.114255
2025-01-22,A,0.081398
2025-01-22,OI,0.03908
2025-01-22,TL,0.214671
2025-01-22,Y,0.040154
2025-01-22,SC,0.021995
2025-01-22,I,-0.0137
2025-01-22,UR,-0.021828
2025-01-22,CF,-0.071457
2025-01-22,LH,-0.024652
2025-01-22,RM,-0.013189
2025-01-22,SA,-0.012785
2025-01-22,V,-0.021082
2025-01-22,J,-0.010297
2025-01-22,JM,-0.009349
2025-01-22,TS,-0.80166
2025-01-23,AU,0.254487
2025-01-23,AG,0.07075
2025-01-23,SN,0.064593
2025-01-23,IH,0.108897
2025-01-23,IF,0.097989
2025-01-23,A,0.059532
2025-01-23,TL,0.231271
2025-01-23,OI,0.039468
2025-01-23,Y,0.03624
2025-01-23,RU,0.036772
2025-01-23,I,-0.015423
2025-01-23,UR,-0.022688
2025-01-23,LH,-0.028281
2025-01-23,RM,-0.013999
2025-01-23,CF,-0.058203
2025-01-23,V,-0.018229
2025-01-23,SA,-0.014528
2025-01-23,J,-0.011279
2025-01-23,TS,-0.807504
2025-01-23,JM,-0.009866
2025-01-24,AU,0.249541
2025-01-24,AG,0.069985
2025-01-24,SN,0.074616
2025-01-24,IF,0.087271
2025-01-24,IH,0.101753
2025-01-24,A,0.065008
2025-01-24,OI,0.040257
2025-01-24,TL,0.227754
2025-01-24,Y,0.043657
2025-01-24,RU,0.040158
2025-01-24,I,-0.015654
2025-01-24,UR,-0.022401
2025-01-24,LH,-0.028999
2025-01-24,RM,-0.013675
2025-01-24,CF,-0.051071
2025-01-24,V,-0.018456
2025-01-24,SA,-0.014394
2025-01-24,J,-0.011185
2025-01-24,JM,-0.010066
2025-01-24,TS,-0.8141
2025-01-27,AU,0.242228
2025-01-27,AG,0.068401
2025-01-27,SN,0.077013
2025-01-27,IH,0.100015
2025-01-27,IF,0.08297
2025-01-27,A,0.065648
2025-01-27,OI,0.041797
2025-01-27,TL,0.234844
2025-01-27,RU,0.041537
2025-01-27,Y,0.045547
2025-01-27,I,-0.017141
2025-01-27,UR,-0.025038
2025-01-27,LH,-0.030983
2025-01-27,RM,-0.015987
2025-01-27,V,-0.018428
2025-01-27,CF,-0.051764
2025-01-27,SA,-0.017183
2025-01-27,J,-0.01176
2025-01-27,JM,-0.010991
2025-01-27,TS,-0.800724
2025-02-05,AU,0.093559
2025-02-05,AG,0.049607
2025-02-05,SN,0.071964
2025-02-05,IH,0.116482
2025-02-05,IF,0.091252
2025-02-05,OI,0.051509
2025-02-05,A,0.074102
2025-02-05,TL,0.275128
2025-02-05,Y,0.045908
2025-02-05,RB,0.130489
2025-02-05,I,-0.015561
2025-02-05,UR,-0.019913
2025-02-05,V,-0.015846
2025-02-05,LH,-0.032044
2025-02-05,RM,-0.017302
2025-02-05,CF,-0.041906
2025-02-05,SA,-0.014448
2025-02-05,J,-0.009904
2025-02-05,TS,-0.789366
2025-02-05,CU,-0.043711
2025-02-06,AG,0.054163
2025-02-06,AU,0.102031
2025-02-06,SN,0.06948
2025-02-06,IH,0.112812
2025-02-06,IF,0.086768
2025-02-06,A,0.084134
2025-02-06,OI,0.051539
2025-02-06,TL,0.268315
2025-02-06,RB,0.125446
2025-02-06,Y,0.045311
2025-02-06,I,-0.015522
2025-02-06,UR,-0.020261
2025-02-06,LH,-0.032956
2025-02-06,V,-0.016317
2025-02-06,RM,-0.017684
2025-02-06,SA,-0.015013
2025-02-06,CF,-0.043642
2025-02-06,TS,-0.786438
2025-02-06,J,-0.010004
2025-02-06,CU,-0.042163
2025-02-07,AU,0.141355
2025-02-07,AG,0.075243
2025-02-07,IH,0.12232
2025-02-07,SN,0.095583
2025-02-07,IF,0.09187
2025-02-07,OI,0.075536
2025-02-07,A,0.118074
2025-02-07,IC,0.055558
2025-02-07,RB,0.164487
2025-02-07,Y,0.059974
2025-02-07,I,-0.015984
2025-02-07,UR,-0.020702
2025-02-07,LH,-0.033455
2025-02-07,SA,-0.01535
2025-02-07,RM,-0.018136
2025-02-07,CF,-0.044626
2025-02-07,V,-0.016763
2025-02-07,TS,-0.781837
2025-02-07,J,-0.010252
2025-02-07,CU,-0.042895
2025-02-10,AG,0.072198
2025-02-10,AU,0.134189
2025-02-10,SN,0.097942
2025-02-10,IH,0.129679
2025-02-10,IF,0.095952
2025-02-10,OI,0.080416
2025-02-10,A,0.110412
2025-02-10,IC,0.057723
2025-02-10,M,0.0578
2025-02-10,RB,0.163689
2025-02-10,I,-0.017437
2025-02-10,UR,-0.021941
2025-02-10,LH,-0.032636
2025-02-10,CF,-0.046683
2025-02-10,RM,-0.019588
2025-02-10,SA,-0.016258
2025-02-10,V,-0.017442
2025-02-10,TS,-0.773443
2025-02-10,J,-0.010222
2025-02-10,CU,-0.044348
2025-02-11,AU,0.127616
2025-02-11,AG,0.065977
2025-02-11,IH,0.161667
2025-02-11,SN,0.105195
2025-02-11,IF,0.124034
2025-02-11,OI,0.086284
2025-02-11,IC,0.073709
2025-02-11,A,0.118284
2025-02-11,SC,0.078683
2025-02-11,M,0.058551
2025-02-11,I,-0.018768
2025-02-11,UR,-0.026037
2025-02-11,LH,-0.031978
2025-02-11,CF,-0.050073
2025-02-11,SA,-0.019631
2025-02-11,SR,-0.042702
2025-02-11,V,-0.021111
2025-02-11,TS,-0.494891
2025-02-11,J,-0.011738
2025-02-11,TF,-0.283072
2025-02-12,AU,0.128305
2025-02-12,AG,0.066148
2025-02-12,IH,0.15912
2025-02-12,SN,0.106087
2025-02-12,IF,0.123971
2025-02-12,IC,0.073785
2025-02-12,A,0.119358
2025-02-12,SC,0.079055
2025-02-12,OI,0.084964
2025-02-12,M,0.059208
2025-02-12,I,-0.017611
2025-02-12,UR,-0.024504
2025-02-12,CF,-0.049589
2025-02-12,LH,-0.030853
2025-02-12,SA,-0.019311
2025-02-12,SR,-0.040772
2025-02-12,V,-0.020448
2025-02-12,TS,-0.499327
2025-02-12,TF,-0.285622
2025-02-12,J,-0.011962
2025-02-13,AU,0.133499
2025-02-13,AG,0.069822
2025-02-13,SN,0.109311
2025-02-13,IH,0.165674
2025-02-13,IF,0.122983
2025-02-13,IC,0.072376
2025-02-13,A,0.119477
2025-02-13,OI,0.080226
2025-02-13,SC,0.06533
2025-02-13,M,0.061302
2025-02-13,UR,-0.027272
2025-02-13,I,-0.015574
2025-02-13,CF,-0.051045
2025-02-13,LH,-0.027523
2025-02-13,SA,-0.016263
2025-02-13,SR,-0.032511
2025-02-13,FU,-0.014862
2025-02-13,TF,-0.279863
2025-02-13,TS,-0.511766
2025-02-13,HC,-0.023319
2025-02-14,AU,0.146675
2025-02-14,AG,0.064715
2025-02-14,SN,0.101673
2025-02-14,IH,0.163687
2025-02-14,IF,0.124235
2025-02-14,IC,0.078071
2025-02-14,A,0.107962
2025-02-14,OI,0.078264
2025-02-14,M,0.064041
2025-02-14,SC,0.070677
2025-02-14,UR,-0.025224
2025-02-14,I,-0.015828
2025-02-14,SA,-0.015908
2025-02-14,CF,-0.050966
2025-02-14,LH,-0.02775
2025-02-14,SR,-0.03162
2025-02-14,FU,-0.01509
2025-02-14,TF,-0.279978
2025-02-14,TS,-0.513734
2025-02-14,HC,-0.023901
2025-02-17,AU,0.143379
2025-02-17,AG,0.060617
2025-02-17,IH,0.134703
2025-02-17,SN,0.093557
2025-02-17,IF,0.103124
2025-02-17,IC,0.064705
2025-02-17,A,0.091872
2025-02-17,M,0.065795
2025-02-17,OI,0.074146
2025-02-17,RB,0.168103
2025-02-17,UR,-0.025618
2025-02-17,I,-0.016208
2025-02-17,SR,-0.031813
2025-02-17,CF,-0.048956
2025-02-17,LH,-0.027668
2025-02-17,SA,-0.014751
2025-02-17,FU,-0.014936
2025-02-17,TS,-0.524675
2025-02-17,TF,-0.282236
2025-02-17,J,-0.013139
2025-02-18,AU,0.136353
2025-02-18,AG,0.058037
2025-02-18,IH,0.128751
2025-02-18,IF,0.099188
2025-02-18,SN,0.092452
2025-02-18,IC,0.062378
2025-02-18,A,0.092634
2025-02-18,M,0.066432
2025-02-18,RB,0.170046
2025-02-18,JD,0.09373
2025-02-18,UR,-0.025491
2025-02-18,I,-0.016156
2025-02-18,SR,-0.031882
2025-02-18,CF,-0.048849
2025-02-18,SA,-0.014796
2025-02-18,LH,-0.027652
2025-02-18,FU,-0.014937
2025-02-18,TS,-0.524778
2025-02-18,J,-0.013143
2025-02-18,TF,-0.282316
2025-02-19,AU,0.142982
2025-02-19,AG,0.060397
2025-02-19,IH,0.133825
2025-02-19,SN,0.091132
2025-02-19,IF,0.101132
2025-02-19,IC,0.061921
2025-02-19,A,0.099889
2025-02-19,M,0.066429
2025-02-19,RB,0.177498
2025-02-19,P,0.064795
2025-02-19,UR,-0.025961
2025-02-19,I,-0.016262
2025-02-19,SR,-0.031667
2025-02-19,CF,-0.051601
2025-02-19,SA,-0.014922
2025-02-19,LH,-0.027716
2025-02-19,FU,-0.01444
2025-02-19,JM,-0.011868
2025-02-19,TS,-0.524949
2025-02-19,TF,-0.280616
2025-02-20,AU,0.143434
2025-02-20,AG,0.060854
2025-02-20,IH,0.137571
2025-02-20,SN,0.090271
2025-02-20,IF,0.103237
2025-02-20,IC,0.062732
2025-02-20,A,0.101924
2025-02-20,M,0.066272
2025-02-20,RB,0.169997
2025-02-20,P,0.063707
2025-02-20,UR,-0.026078
2025-02-20,SR,-0.032522
2025-02-20,I,-0.017022
2025-02-20,CF,-0.052924
2025-02-20,LH,-0.028759
2025-02-20,SA,-0.015472
2025-02-20,FU,-0.014727
2025-02-20,TS,-0.522982
2025-02-20,JM,-0.012466
2025-02-20,TF,-0.277047
2025-02-21,AU,0.148328
2025-02-21,AG,0.062552
2025-02-21,IH,0.131692
2025-02-21,SN,0.096396
2025-02-21,IF,0.10211
2025-02-21,IC,0.062316
2025-02-21,A,0.092456
2025-02-21,RB,0.168188
2025-02-21,M,0.064372
2025-02-21,OI,0.07159
2025-02-21,UR,-0.026283
2025-02-21,SR,-0.033212
2025-02-21,I,-0.017099
2025-02-21,CF,-0.052635
2025-02-21,SA,-0.01515
2025-02-21,LH,-0.028631
2025-02-21,FU,-0.014446
2025-02-21,TS,-0.528671
2025-02-21,JM,-0.012722
2025-02-21,TF,-0.27115
2025-02-24,AU,0.159277
2025-02-24,AG,0.061964
2025-02-24,IH,0.125458
2025-02-24,SN,0.097017
2025-02-24,IF,0.09741
2025-02-24,IC,0.059773
2025-02-24,RB,0.152271
2025-02-24,A,0.099583
2025-02-24,M,0.068807
2025-02-24,RU,0.078441
2025-02-24,UR,-0.026735
2025-02-24,SR,-0.03573
2025-02-24,I,-0.016182
2025-02-24,CF,-0.048113
2025-02-24,SA,-0.015119
2025-02-24,MA,-0.029151
2025-02-24,LH,-0.03021
2025-02-24,TS,-0.512449
2025-02-24,JM,-0.01264
2025-02-24,TF,-0.273672
2025-02-25,AU,0.141294
2025-02-25,AG,0.059642
2025-02-25,IH,0.130195
2025-02-25,SN,0.096831
2025-02-25,IF,0.101047
2025-02-25,IC,0.064051
2025-02-25,RB,0.136925
2025-02-25,M,0.068641
2025-02-25,A,0.106295
2025-02-25,TA,0.095078
2025-02-25,UR,-0.022993
2025-02-25,SR,-0.04107
2025-02-25,I,-0.013615
2025-02-25,CF,-0.045005
2025-02-25,SA,-0.013777
2025-02-25,Y,-0.020499
2025-02-25,MA,-0.027243
2025-02-25,TS,-0.784007
2025-02-25,JM,-0.011252
2025-02-25,HC,-0.020537
2025-02-26,AU,0.139257
2025-02-26,AG,0.059554
2025-02-26,IH,0.131718
2025-02-26,SN,0.096612
2025-02-26,IF,0.102029
2025-02-26,IC,0.064602
2025-02-26,M,0.068615
2025-02-26,RB,0.138566
2025-02-26,A,0.105267
2025-02-26,TA,0.09378
2025-02-26,UR,-0.023165
2025-02-26,SR,-0.040734
2025-02-26,CF,-0.045281
2025-02-26,I,-0.013696
2025-02-26,SA,-0.013774
2025-02-26,Y,-0.020622
2025-02-26,MA,-0.027021
2025-02-26,JM,-0.011268
2025-02-26,HC,-0.020105
2025-02-26,TS,-0.784334
2025-02-27,AU,0.140867
2025-02-27,AG,0.060305
2025-02-27,IH,0.131839
2025-02-27,SN,0.095109
2025-02-27,IF,0.102615
2025-02-27,IC,0.065233
2025-02-27,RB,0.139547
2025-02-27,M,0.068767
2025-02-27,A,0.101298
2025-02-27,TA,0.09442
2025-02-27,UR,-0.023302
2025-02-27,SR,-0.041293
2025-02-27,CF,-0.046855
2025-02-27,I,-0.014098
2025-02-27,SA,-0.013161
2025-02-27,Y,-0.020575
2025-02-27,MA,-0.02606
2025-02-27,HC,-0.020553
2025-02-27,JM,-0.011257
2025-02-27,TS,-0.782846
2025-02-28,AU,0.150697
2025-02-28,AG,0.06442
2025-02-28,SN,0.10741
2025-02-28,IH,0.117408
2025-02-28,IF,0.093419
2025-02-28,IC,0.06073
2025-02-28,RB,0.140598
2025-02-28,A,0.104114
2025-02-28,M,0.076512
2025-02-28,RU,0.084692
2025-02-28,UR,-0.022369
2025-02-28,CF,-0.045691
2025-02-28,SR,-0.03612
2025-02-28,I,-0.013888
2025-02-28,SA,-0.013619
2025-02-28,FU,-0.015175
2025-02-28,JM,-0.010869
2025-02-28,Y,-0.02123
2025-02-28,HC,-0.021723
2025-02-28,TS,-0.799317
2025-03-03,AU,0.150655
2025-03-03,AG,0.064602
2025-03-03,SN,0.107541
2025-03-03,IH,0.117053
2025-03-03,IF,0.093553
2025-03-03,IC,0.060952
2025-03-03,RB,0.139654
2025-03-03,M,0.076494
2025-03-03,A,0.10445
2025-03-03,RU,0.085046
2025-03-03,CF,-0.079421
2025-03-03,UR,-0.040999
2025-03-03,SR,-0.056242
2025-03-03,I,-0.025083
2025-03-03,FU,-0.022219
2025-03-03,SA,-0.023213
2025-03-03,LH,-0.049223
2025-03-03,JM,-0.018562
2025-03-03,HC,-0.037064
2025-03-03,TF,-0.647974
2025-03-04,AU,0.156817
2025-03-04,AG,0.070218
2025-03-04,SN,0.10552
2025-03-04,IH,0.124264
2025-03-04,IF,0.101316
2025-03-04,IC,0.065534
2025-03-04,RB,0.136042
2025-03-04,M,0.07773
2025-03-04,RU,0.091181
2025-03-04,SC,0.071378
2025-03-04,CF,-0.075659
2025-03-04,UR,-0.039029
2025-03-04,SR,-0.060575
2025-03-04,MA,-0.044374
2025-03-04,SA,-0.022077
2025-03-04,I,-0.026473
2025-03-04,JM,-0.017641
2025-03-04,LH,-0.051863
2025-03-04,J,-0.018862
2025-03-04,TF,-0.643448
2025-03-05,AU,0.156748
2025-03-05,AG,0.066561
2025-03-05,SN,0.108236
2025-03-05,IH,0.1215
2025-03-05,IF,0.095699
2025-03-05,IC,0.062001
2025-03-05,RB,0.137775
2025-03-05,M,0.070089
2025-03-05,RU,0.082311
2025-03-05,A,0.099079
2025-03-05,CF,-0.046466
2025-03-05,SR,-0.038958
2025-03-05,UR,-0.023895
2025-03-05,MA,-0.027549
2025-03-05,I,-0.016249
2025-03-05,SA,-0.012343
2025-03-05,JM,-0.010666
2025-03-05,J,-0.011729
2025-03-05,LH,-0.03236
2025-03-05,TS,-0.779785
2025-03-06,AU,0.14445
2025-03-06,AG,0.063924
2025-03-06,SN,0.109916
2025-03-06,IH,0.124791
2025-03-06,IF,0.102891
2025-03-06,IC,0.067006
2025-03-06,M,0.063295
2025-03-06,RB,0.145876
2025-03-06,A,0.105583
2025-03-06,SC,0.072267
2025-03-06,CF,-0.046495
2025-03-06,SR,-0.038963
2025-03-06,UR,-0.023677
2025-03-06,I,-0.016283
2025-03-06,MA,-0.027662
2025-03-06,SA,-0.012383
2025-03-06,JM,-0.010662
2025-03-06,LH,-0.032374
2025-03-06,J,-0.01174
2025-03-06,TS,-0.779761
2025-03-07,AU,0.143589
2025-03-07,AG,0.06408
2025-03-07,SN,0.112171
2025-03-07,IH,0.125408
2025-03-07,IF,0.103142
2025-03-07,IC,0.066975
2025-03-07,RB,0.143904
2025-03-07,M,0.063498
2025-03-07,SC,0.072979
2025-03-07,A,0.104255
2025-03-07,CF,-0.076425
2025-03-07,SR,-0.063662
2025-03-07,UR,-0.040057
2025-03-07,MA,-0.047073
2025-03-07,I,-0.027148
2025-03-07,SA,-0.02018
2025-03-07,JM,-0.018019
2025-03-07,J,-0.019632
2025-03-07,LH,-0.052438
2025-03-07,TF,-0.635366
2025-03-10,AU,0.143716
2025-03-10,AG,0.064177
2025-03-10,SN,0.112277
2025-03-10,IH,0.12505
2025-03-10,IF,0.102959
2025-03-10,IC,0.067049
2025-03-10,RB,0.14274
2025-03-10,M,0.063975
2025-03-10,SC,0.073391
2025-03-10,A,0.104665
2025-03-10,CF,-0.075821
2025-03-10,UR,-0.04024
2025-03-10,MA,-0.047335
2025-03-10,SR,-0.06395
2025-03-10,I,-0.027381
2025-03-10,SA,-0.020298
2025-03-10,J,-0.019915
2025-03-10,LH,-0.051649
2025-03-10,JM,-0.018239
2025-03-10,TF,-0.635172
2025-03-11,AU,0.142239
2025-03-11,AG,0.064877
2025-03-11,SN,0.114005
2025-03-11,IH,0.128407
2025-03-11,IF,0.105205
2025-03-11,IC,0.069422
2025-03-11,RB,0.142436
2025-03-11,M,0.060966
2025-03-11,SC,0.074078
2025-03-11,A,0.098366
2025-03-11,CF,-0.077327
2025-03-11,UR,-0.040228
2025-03-11,MA,-0.048295
2025-03-11,I,-0.028174
2025-03-11,SR,-0.066126
2025-03-11,SA,-0.020743
2025-03-11,J,-0.020454
2025-03-11,LH,-0.053633
2025-03-11,JM,-0.018649
2025-03-11,TF,-0.626372
2025-03-12,AU,0.142628
2025-03-12,AG,0.065254
2025-03-12,SN,0.114012
2025-03-12,IF,0.105134
2025-03-12,IC,0.069512
2025-03-12,IH,0.128199
2025-03-12,SC,0.074067
2025-03-12,RB,0.143166
2025-03-12,M,0.060917
2025-03-12,A,0.097112
2025-03-12,CF,-0.079556
2025-03-12,MA,-0.049384
2025-03-12,I,-0.028926
2025-03-12,UR,-0.041205
2025-03-12,SR,-0.067952
2025-03-12,SA,-0.021258
2025-03-12,J,-0.020947
2025-03-12,LH,-0.055499
2025-03-12,JM,-0.019026
2025-03-12,TF,-0.616247
2025-03-13,AU,0.14163
2025-03-13,AG,0.06524
2025-03-13,SN,0.114261
2025-03-13,IH,0.129227
2025-03-13,IF,0.106423
2025-03-13,IC,0.070686
2025-03-13,SC,0.073475
2025-03-13,RB,0.140254
2025-03-13,M,0.060425
2025-03-13,A,0.098378
2025-03-13,CF,-0.078871
2025-03-13,MA,-0.048864
2025-03-13,SR,-0.066471
2025-03-13,UR,-0.042089
2025-03-13,SA,-0.021322
2025-03-13,I,-0.028466
2025-03-13,LH,-0.056846
2025-03-13,J,-0.020516
2025-03-13,JM,-0.018736
2025-03-13,TF,-0.617819
2025-03-14,AU,0.146284
2025-03-14,AG,0.07002
2025-03-14,SN,0.063659
2025-03-14,IH,0.109156
2025-03-14,IF,0.100457
2025-03-14,IC,0.079756
2025-03-14,SC,0.085647
2025-03-14,RB,0.16091
2025-03-14,M,0.069304
2025-03-14,A,0.114808
2025-03-14,CF,-0.081817
2025-03-14,UR,-0.040642
2025-03-14,SR,-0.066402
2025-03-14,MA,-0.044516
2025-03-14,SA,-0.022084
2025-03-14,I,-0.027541
2025-03-14,J,-0.0218
2025-03-14,LH,-0.053267
2025-03-14,JM,-0.019728
2025-03-14,TF,-0.622203
2025-03-17,AU,0.147613
2025-03-17,AG,0.070548
2025-03-17,SN,0.062617
2025-03-17,IH,0.110306
2025-03-17,SC,0.087902
2025-03-17,IF,0.101421
2025-03-17,IC,0.08093
2025-03-17,M,0.07004
2025-03-17,RB,0.15422
2025-03-17,A,0.114403
2025-03-17,CF,-0.084587
2025-03-17,UR,-0.043093
2025-03-17,MA,-0.044915
2025-03-17,SR,-0.06844
2025-03-17,I,-0.027164
2025-03-17,SA,-0.022601
2025-03-17,J,-0.022265
2025-03-17,LH,-0.056769
2025-03-17,JM,-0.019799
2025-03-17,TF,-0.610367
2025-03-18,AU,0.149054
2025-03-18,AG,0.070791
2025-03-18,SN,0.061916
2025-03-18,SC,0.087979
2025-03-18,IH,0.110756
2025-03-18,IF,0.102045
2025-03-18,IC,0.081464
2025-03-18,M,0.070589
2025-03-18,RB,0.152832
2025-03-18,A,0.112573
2025-03-18,CF,-0.085695
2025-03-18,I,-0.027373
2025-03-18,UR,-0.043403
2025-03-18,MA,-0.045491
2025-03-18,SR,-0.06678
2025-03-18,SA,-0.022819
2025-03-18,J,-0.022412
2025-03-18,LH,-0.056984
2025-03-18,TF,-0.609043
2025-03-18,JM,-0.019999
2025-03-19,AU,0.113377
2025-03-19,AG,0.056387
2025-03-19,SN,0.051498
2025-03-19,SC,0.064724
2025-03-19,IF,0.10159
2025-03-19,IH,0.107888
2025-03-19,TL,0.232332
2025-03-19,A,0.091165
2025-03-19,RB,0.127255
2025-03-19,M,0.053784
2025-03-19,CF,-0.087299
2025-03-19,UR,-0.044043
2025-03-19,I,-0.026703
2025-03-19,SR,-0.067141
2025-03-19,MA,-0.046051
2025-03-19,J,-0.022004
2025-03-19,SA,-0.023006
2025-03-19,LH,-0.056417
2025-03-19,TF,-0.607509
2025-03-19,JM,-0.019826
2025-03-20,AU,0.152215
2025-03-20,AG,0.071238
2025-03-20,SN,0.062199
2025-03-20,SC,0.089158
2025-03-20,IF,0.10157
2025-03-20,IH,0.10958
2025-03-20,IC,0.081154
2025-03-20,A,0.108827
2025-03-20,RB,0.154746
2025-03-20,M,0.069314
2025-03-20,CF,-0.0912
2025-03-20,UR,-0.041099
2025-03-20,SR,-0.07244
2025-03-20,I,-0.028384
2025-03-20,MA,-0.046446
2025-03-20,J,-0.02357
2025-03-20,SA,-0.024316
2025-03-20,LH,-0.062218
2025-03-20,TF,-0.589409
2025-03-20,JM,-0.020917
2025-03-21,AU,0.139455
2025-03-21,AG,0.065406
2025-03-21,SN,0.057437
2025-03-21,SC,0.094547
2025-03-21,IF,0.090399
2025-03-21,IH,0.096583
2025-03-21,IC,0.072008
2025-03-21,RB,0.138927
2025-03-21,A,0.108036
2025-03-21,JD,0.137203
2025-03-21,CF,-0.091732
2025-03-21,I,-0.028998
2025-03-21,SR,-0.072881
2025-03-21,UR,-0.041359
2025-03-21,MA,-0.047985
2025-03-21,SA,-0.024274
2025-03-21,J,-0.02373
2025-03-21,LH,-0.060329
2025-03-21,JM,-0.020862
2025-03-21,TF,-0.587848
2025-03-24,AU,0.134776
2025-03-24,AG,0.067564
2025-03-24,SN,0.061152
2025-03-24,SC,0.095082
2025-03-24,IH,0.110671
2025-03-24,IF,0.103955
2025-03-24,IC,0.081242
2025-03-24,A,0.122535
2025-03-24,JD,0.148147
2025-03-24,P,0.074875
2025-03-24,CF,-0.099041
2025-03-24,I,-0.027026
2025-03-24,UR,-0.042695
2025-03-24,MA,-0.046568
2025-03-24,SR,-0.076917
2025-03-24,J,-0.023205
2025-03-24,SA,-0.02354
2025-03-24,LH,-0.060913
2025-03-24,HC,-0.039411
2025-03-24,TF,-0.560684
2025-03-25,AU,0.134538
2025-03-25,AG,0.06775
2025-03-25,SN,0.060946
2025-03-25,SC,0.09587
2025-03-25,IH,0.111027
2025-03-25,IF,0.104406
2025-03-25,IC,0.081244
2025-03-25,JD,0.148284
2025-03-25,A,0.122474
2025-03-25,P,0.073461
2025-03-25,CF,-0.100631
2025-03-25,SR,-0.077387
2025-03-25,J,-0.022319
2025-03-25,I,-0.027625
2025-03-25,SA,-0.023626
2025-03-25,UR,-0.042968
2025-03-25,MA,-0.046094
2025-03-25,LH,-0.060198
2025-03-25,JM,-0.021332
2025-03-25,TF,-0.577821
2025-03-26,AU,0.139999
2025-03-26,SN,0.057578
2025-03-26,AG,0.06509
2025-03-26,SC,0.094911
2025-03-26,IH,0.096631
2025-03-26,IF,0.090716
2025-03-26,IC,0.072722
2025-03-26,A,0.108441
2025-03-26,JD,0.138117
2025-03-26,RB,0.135793
2025-03-26,CF,-0.063618
2025-03-26,SR,-0.047902
2025-03-26,I,-0.017743
2025-03-26,J,-0.013994
2025-03-26,SA,-0.0156
2025-03-26,UR,-0.025981
2025-03-26,MA,-0.029194
2025-03-26,LH,-0.037937
2025-03-26,JM,-0.013874
2025-03-26,TS,-0.734156
2025-03-27,AU,0.135579
2025-03-27,SN,0.060597
2025-03-27,SC,0.09623
2025-03-27,AG,0.067783
2025-03-27,IH,0.111178
2025-03-27,IF,0.104934
2025-03-27,IC,0.081625
2025-03-27,A,0.124001
2025-03-27,JD,0.144479
2025-03-27,P,0.073592
2025-03-27,SR,-0.047788
2025-03-27,CF,-0.063386
2025-03-27,I,-0.017787
2025-03-27,J,-0.014025
2025-03-27,UR,-0.026011
2025-03-27,SA,-0.015599
2025-03-27,LH,-0.037967
2025-03-27,MA,-0.029266
2025-03-27,JM,-0.013904
2025-03-27,TS,-0.734267
2025-03-28,AU,0.150148
2025-03-28,SN,0.060249
2025-03-28,SC,0.089964
2025-03-28,AG,0.069933
2025-03-28,IH,0.10415
2025-03-28,IC,0.080113
2025-03-28,IF,0.098321
2025-03-28,A,0.132929
2025-03-28,P,0.070362
2025-03-28,RB,0.143831
2025-03-28,SR,-0.051958
2025-03-28,I,-0.018295
2025-03-28,CF,-0.063973
2025-03-28,UR,-0.024867
2025-03-28,SA,-0.015282
2025-03-28,LH,-0.038279
2025-03-28,V,-0.022991
2025-03-28,J,-0.01359
2025-03-28,JM,-0.013615
2025-03-28,TS,-0.73715
2025-03-31,AU,0.155135
2025-03-31,SN,0.063243
2025-03-31,AG,0.071593
2025-03-31,SC,0.09599
2025-03-31,IH,0.109022
2025-03-31,IC,0.080913
2025-03-31,IF,0.102219
2025-03-31,A,0.134679
2025-03-31,P,0.076371
2025-03-31,RU,0.110835
2025-03-31,SR,-0.085736
2025-03-31,I,-0.029331
2025-03-31,CF,-0.103273
2025-03-31,UR,-0.040804
2025-03-31,SA,-0.024816
2025-03-31,J,-0.021864
2025-03-31,V,-0.037958
2025-03-31,LH,-0.063391
2025-03-31,JM,-0.021403
2025-03-31,TF,-0.571423
2025-04-01,AU,0.153711
2025-04-01,SN,0.062499
2025-04-01,AG,0.073263
2025-04-01,SC,0.092138
2025-04-01,IH,0.109982
2025-04-01,IF,0.10268
2025-04-01,IC,0.080744
2025-04-01,A,0.136915
2025-04-01,RU,0.110926
2025-04-01,P,0.077143
2025-04-01,SR,-0.047278
2025-04-01,I,-0.016933
2025-04-01,CF,-0.063475
2025-04-01,SA,-0.015518
2025-04-01,J,-0.012862
2025-04-01,JM,-0.013118
2025-04-01,MA,-0.026961
2025-04-01,UR,-0.023366
2025-04-01,LH,-0.037324
2025-04-01,TS,-0.743165
2025-04-02,AU,0.156924
2025-04-02,SN,0.060326
2025-04-02,AG,0.074397
2025-04-02,SC,0.09357
2025-04-02,IF,0.103777
2025-04-02,IH,0.111486
2025-04-02,IC,0.081219
2025-04-02,A,0.132259
2025-04-02,P,0.075937
2025-04-02,RU,0.110104
2025-04-02,CF,-0.061186
2025-04-02,SR,-0.048705
2025-04-02,I,-0.017457
2025-04-02,SA,-0.014957
2025-04-02,UR,-0.023061
2025-04-02,J,-0.013131
2025-04-02,MA,-0.027383
2025-04-02,JM,-0.012996
2025-04-02,M,-0.028082
2025-04-02,TS,-0.753042
2025-04-03,AU,0.143133
2025-04-03,SN,0.055387
2025-04-03,AG,0.068823
2025-04-03,SC,0.090462
2025-04-03,IF,0.106394
2025-04-03,IH,0.116943
2025-04-03,IC,0.081515
2025-04-03,A,0.128124
2025-04-03,JD,0.136667
2025-04-03,P,0.072551
2025-04-03,SR,-0.047477
2025-04-03,CF,-0.067605
2025-04-03,I,-0.018493
2025-04-03,J,-0.013708
2025-04-03,SA,-0.015952
2025-04-03,M,-0.027759
2025-04-03,UR,-0.023095
2025-04-03,FU,-0.01565
2025-04-03,JM,-0.013519
2025-04-03,TS,-0.756743
2025-04-07,AU,0.132566
2025-04-07,SN,0.053983
2025-04-07,AG,0.054785
2025-04-07,SC,0.075631
2025-04-07,IF,0.059387
2025-04-07,IH,0.072093
2025-04-07,IC,0.054319
2025-04-07,A,0.182047
2025-04-07,JD,0.226027
2025-04-07,RU,0.089162
2025-04-07,SR,-0.047441
2025-04-07,CF,-0.048327
2025-04-07,SA,-0.015352
2025-04-07,UR,-0.022879
2025-04-07,J,-0.013505
2025-04-07,I,-0.017764
2025-04-07,M,-0.03083
2025-04-07,V,-0.022032
2025-04-07,JM,-0.012742
2025-04-07,TS,-0.769129
2025-04-08,AU,0.130639
2025-04-08,SN,0.052898
2025-04-08,AG,0.053449
2025-04-08,IF,0.054218
2025-04-08,SC,0.075341
2025-04-08,IC,0.051863
2025-04-08,IH,0.064378
2025-04-08,A,0.178118
2025-04-08,HC,0.148123
2025-04-08,JD,0.190975
2025-04-08,I,-0.017612
2025-04-08,UR,-0.022317
2025-04-08,SR,-0.044565
2025-04-08,CF,-0.044117
2025-04-08,J,-0.014007
2025-04-08,M,-0.036883
2025-04-08,SA,-0.016474
2025-04-08,FU,-0.012519
2025-04-08,JM,-0.012885
2025-04-08,TS,-0.778622
2025-04-09,AU,0.130569
2025-04-09,SN,0.052849
2025-04-09,AG,0.05354
2025-04-09,IF,0.054172
2025-04-09,IH,0.064304
2025-04-09,SC,0.075237
2025-04-09,IC,0.051797
2025-04-09,JD,0.191177
2025-04-09,A,0.178163
2025-04-09,HC,0.148192
2025-04-09,I,-0.016583
2025-04-09,SR,-0.042437
2025-04-09,CF,-0.038565
2025-04-09,J,-0.013636
2025-04-09,M,-0.03127
2025-04-09,FU,-0.011484
2025-04-09,MA,-0.027139
2025-04-09,SA,-0.016084
2025-04-09,JM,-0.012266
2025-04-09,TS,-0.790536
2025-04-10,AU,0.140892
2025-04-10,SN,0.057824
2025-04-10,AG,0.061514
2025-04-10,IF,0.060037
2025-04-10,IH,0.07249
2025-04-10,IC,0.056676
2025-04-10,SC,0.074488
2025-04-10,JD,0.248936
2025-04-10,HC,0.151604
2025-04-10,P,0.07554
2025-04-10,I,-0.015644
2025-04-10,SR,-0.04117
2025-04-10,CF,-0.034734
2025-04-10,J,-0.013269
2025-04-10,M,-0.033499
2025-04-10,SA,-0.015905
2025-04-10,FU,-0.010838
2025-04-10,MA,-0.023978
2025-04-10,JM,-0.012725
2025-04-10,TS,-0.798237
2025-04-11,AU,0.13068
2025-04-11,AG,0.058352
2025-04-11,SN,0.058978
2025-04-11,IH,0.076025
2025-04-11,IF,0.062046
2025-04-11,IC,0.057819
2025-04-11,SC,0.077589
2025-04-11,JD,0.209498
2025-04-11,RU,0.086002
2025-04-11,A,0.18301
2025-04-11,I,-0.015944
2025-04-11,SR,-0.041206
2025-04-11,J,-0.013693
2025-04-11,CF,-0.035149
2025-04-11,RM,-0.026844
2025-04-11,SA,-0.015877
2025-04-11,UR,-0.022011
2025-04-11,FU,-0.011219
2025-04-11,JM,-0.012976
2025-04-11,TS,-0.805081
2025-04-14,AU,0.11804
2025-04-14,AG,0.052073
2025-04-14,SN,0.053174
2025-04-14,IH,0.065528
2025-04-14,IF,0.054139
2025-04-14,IC,0.05117
2025-04-14,SC,0.08014
2025-04-14,JD,0.199031
2025-04-14,HC,0.149515
2025-04-14,A,0.17719
2025-04-14,I,-0.016407
2025-04-14,SR,-0.044792
2025-04-14,J,-0.014518
2025-04-14,RM,-0.031016
2025-04-14,SA,-0.015928
2025-04-14,CF,-0.033479
2025-04-14,UR,-0.022916
2025-04-14,MA,-0.027343
2025-04-14,JM,-0.013935
2025-04-14,TS,-0.779666
2025-04-15,AU,0.114931
2025-04-15,AG,0.05056
2025-04-15,SN,0.052016
2025-04-15,IH,0.065695
2025-04-15,IC,0.052124
2025-04-15,IF,0.05468
2025-04-15,SC,0.07889
2025-04-15,HC,0.153619
2025-04-15,A,0.177478
2025-04-15,JD,0.200008
2025-04-15,I,-0.01765
2025-04-15,SR,-0.045709
2025-04-15,UR,-0.022167
2025-04-15,CF,-0.034477
2025-04-15,V,-0.023769
2025-04-15,J,-0.014022
2025-04-15,MA,-0.025448
2025-04-15,M,-0.042848
2025-04-15,JM,-0.014117
2025-04-15,TS,-0.759792
2025-04-16,AU,0.112819
2025-04-16,AG,0.050829
2025-04-16,SN,0.052072
2025-04-16,IC,0.052292
2025-04-16,IH,0.065837
2025-04-16,IF,0.054788
2025-04-16,SC,0.080931
2025-04-16,A,0.181312
2025-04-16,JD,0.194089
2025-04-16,HC,0.15503
2025-04-16,I,-0.017335
2025-04-16,UR,-0.021837
2025-04-16,CF,-0.033911
2025-04-16,V,-0.023515
2025-04-16,MA,-0.025205
2025-04-16,M,-0.041158
2025-04-16,SR,-0.048379
2025-04-16,JM,-0.013955
2025-04-16,J,-0.013854
2025-04-16,TS,-0.760851
2025-04-17,AU,0.111131
2025-04-17,AG,0.051607
2025-04-17,NI,0.067924
2025-04-17,IC,0.051114
2025-04-17,IH,0.063828
2025-04-17,IF,0.053163
2025-04-17,SC,0.078595
2025-04-17,A,0.177574
2025-04-17,HC,0.153448
2025-04-17,JD,0.191616
2025-04-17,I,-0.017767
2025-04-17,CF,-0.034241
2025-04-17,V,-0.024175
2025-04-17,UR,-0.021757
2025-04-17,MA,-0.02411
2025-04-17,SR,-0.048759
2025-04-17,M,-0.041117
2025-04-17,JM,-0.014492
2025-04-17,J,-0.014224
2025-04-17,TS,-0.759357
2025-04-18,AU,0.129781
2025-04-18,AG,0.058861
2025-04-18,NI,0.075309
2025-04-18,IC,0.056915
2025-04-18,IH,0.074049
2025-04-18,IF,0.060693
2025-04-18,SC,0.074016
2025-04-18,A,0.229251
2025-04-18,P,0.081268
2025-04-18,HC,0.159857
2025-04-18,I,-0.016831
2025-04-18,V,-0.024363
2025-04-18,CF,-0.035284
2025-04-18,UR,-0.02283
2025-04-18,LH,-0.058311
2025-04-18,MA,-0.023064
2025-04-18,SR,-0.046763
2025-04-18,J,-0.013356
2025-04-18,TS,-0.744812
2025-04-18,JM,-0.014386
2025-04-21,AU,0.135999
2025-04-21,AG,0.065013
2025-04-21,NI,0.086766
2025-04-21,IC,0.06408
2025-04-21,IH,0.087525
2025-04-21,IM,0.061217
2025-04-21,SC,0.08319
2025-04-21,A,0.221442
2025-04-21,P,0.088424
2025-04-21,OI,0.106343
2025-04-21,I,-0.026822
2025-04-21,MA,-0.040562
2025-04-21,UR,-0.039987
2025-04-21,CF,-0.059761
2025-04-21,LH,-0.098443
2025-04-21,SR,-0.076555
2025-04-21,SA,-0.029982
2025-04-21,J,-0.022713
2025-04-21,TF,-0.580995
2025-04-21,JM,-0.02418
2025-04-22,AU,0.130735
2025-04-22,AG,0.067848
2025-04-22,SN,0.066193
2025-04-22,IC,0.068136
2025-04-22,IF,0.073017
2025-04-22,IH,0.089334
2025-04-22,SC,0.086968
2025-04-22,OI,0.110589
2025-04-22,A,0.217873
2025-04-22,P,0.089307
2025-04-22,I,-0.016705
2025-04-22,UR,-0.022248
2025-04-22,MA,-0.024033
2025-04-22,CF,-0.035261
2025-04-22,SR,-0.043008
2025-04-22,LH,-0.054493
2025-04-22,SA,-0.017948
2025-04-22,J,-0.014329
2025-04-22,TS,-0.528545
2025-04-22,TF,-0.24343
2025-04-23,AU,0.122998
2025-04-23,AG,0.071521
2025-04-23,SN,0.069287
2025-04-23,IF,0.078271
2025-04-23,IC,0.070603
2025-04-23,SC,0.087789
2025-04-23,IM,0.066823
2025-04-23,A,0.223934
2025-04-23,P,0.093145
2025-04-23,OI,0.115628
2025-04-23,CF,-0.033658
2025-04-23,MA,-0.023358
2025-04-23,I,-0.01631
2025-04-23,LH,-0.055662
2025-04-23,UR,-0.022678
2025-04-23,SA,-0.016515
2025-04-23,SR,-0.044395
2025-04-23,TS,-0.52587
2025-04-23,J,-0.013563
2025-04-23,TF,-0.247992
2025-04-24,AU,0.099233
2025-04-24,AG,0.059052
2025-04-24,SN,0.060701
2025-04-24,IF,0.064042
2025-04-24,IC,0.061893
2025-04-24,SC,0.093832
2025-04-24,IH,0.076573
2025-04-24,OI,0.101792
2025-04-24,A,0.169296
2025-04-24,JD,0.213585
2025-04-24,CF,-0.033944
2025-04-24,I,-0.0164
2025-04-24,LH,-0.052062
2025-04-24,MA,-0.023083
2025-04-24,UR,-0.022687
2025-04-24,V,-0.024461
2025-04-24,SR,-0.043766
2025-04-24,TS,-0.522862
2025-04-24,TF,-0.245782
2025-04-24,JM,-0.014953
2025-04-25,AU,0.117079
2025-04-25,AG,0.06907
2025-04-25,SN,0.067001
2025-04-25,IC,0.069537
2025-04-25,IF,0.073747
2025-04-25,SC,0.089573
2025-04-25,P,0.092056
2025-04-25,A,0.219568
2025-04-25,IH,0.089471
2025-04-25,OI,0.112898
2025-04-25,CF,-0.037156
2025-04-25,MA,-0.024544
2025-04-25,LH,-0.044959
2025-04-25,V,-0.024906
2025-04-25,I,-0.018265
2025-04-25,UR,-0.026353
2025-04-25,RM,-0.023441
2025-04-25,TS,-0.537972
2025-04-25,JM,-0.015331
2025-04-25,TF,-0.247073
2025-04-28,AU,0.120442
2025-04-28,AG,0.071607
2025-04-28,SN,0.068709
2025-04-28,IC,0.071856
2025-04-28,IF,0.078689
2025-04-28,P,0.090786
2025-04-28,SC,0.089752
2025-04-28,A,0.22727
2025-04-28,OI,0.112909
2025-04-28,IM,0.06798
2025-04-28,MA,-0.021871
2025-04-28,CF,-0.03499
2025-04-28,LH,-0.051039
2025-04-28,V,-0.025123
2025-04-28,I,-0.015947
2025-04-28,UR,-0.021408
2025-04-28,SR,-0.042161
2025-04-28,TS,-0.525994
2025-04-28,JM,-0.014545
2025-04-28,TF,-0.246922
2025-04-29,AU,0.045092
2025-04-29,AG,0.030294
2025-04-29,SN,0.030222
2025-04-29,IC,0.034466
2025-04-29,IF,0.037809
2025-04-29,P,0.037222
2025-04-29,A,0.085342
2025-04-29,SC,0.036337
2025-04-29,T,0.619352
2025-04-29,OI,0.043864
2025-04-29,MA,-0.022607
2025-04-29,I,-0.017936
2025-04-29,V,-0.025332
2025-04-29,CF,-0.03655
2025-04-29,LH,-0.04159
2025-04-29,UR,-0.022689
2025-04-29,RM,-0.021411
2025-04-29,TS,-0.541096
2025-04-29,JM,-0.014625
2025-04-29,TF,-0.256165
2025-04-30,AU,0.121425
2025-04-30,AG,0.072379
2025-04-30,SN,0.069316
2025-04-30,IC,0.072569
2025-04-30,IF,0.079131
2025-04-30,A,0.223678
2025-04-30,P,0.091254
2025-04-30,IM,0.068951
2025-04-30,SC,0.087703
2025-04-30,OI,0.113594
2025-04-30,I,-0.018288
2025-04-30,V,-0.025585
2025-04-30,CF,-0.038738
2025-04-30,LH,-0.043518
2025-04-30,TS,-0.547069
2025-04-30,UR,-0.020857
2025-04-30,SA,-0.01551
2025-04-30,RM,-0.021026
2025-04-30,JM,-0.014399
2025-04-30,TF,-0.255011
2025-05-06,AU,0.120675
2025-05-06,AG,0.072482
2025-05-06,SN,0.069437
2025-05-06,IC,0.072189
2025-05-06,IF,0.078986
2025-05-06,P,0.091885
2025-05-06,SC,0.088203
2025-05-06,A,0.223401
2025-05-06,IM,0.068513
2025-05-06,OI,0.114229
2025-05-06,I,-0.018395
2025-05-06,CF,-0.037489
2025-05-06,V,-0.025124
2025-05-06,LH,-0.041829
2025-05-06,RM,-0.021657
2025-05-06,TS,-0.538727
2025-05-06,UR,-0.020569
2025-05-06,MA,-0.022845
2025-05-06,TF,-0.258749
2025-05-06,JM,-0.014615
2025-05-07,AU,0.127371
2025-05-07,AG,0.078232
2025-05-07,SN,0.069264
2025-05-07,IC,0.069384
2025-05-07,IF,0.074269
2025-05-07,P,0.092808
2025-05-07,SC,0.084595
2025-05-07,A,0.228072
2025-05-07,OI,0.110003
2025-05-07,IM,0.066001
2025-05-07,LH,-0.043969
2025-05-07,I,-0.018357
2025-05-07,CF,-0.03619
2025-05-07,V,-0.024706
2025-05-07,RM,-0.022132
2025-05-07,TS,-0.53441
2025-05-07,UR,-0.020535
2025-05-07,MA,-0.022848
2025-05-07,TF,-0.262239
2025-05-07,JM,-0.014615
2025-05-08,AU,0.12504
2025-05-08,AG,0.077094
2025-05-08,SN,0.070384
2025-05-08,IC,0.071454
2025-05-08,IF,0.076123
2025-05-08,P,0.094192
2025-05-08,SC,0.083995
2025-05-08,A,0.220711
2025-05-08,OI,0.112938
2025-05-08,IM,0.068069
2025-05-08,LH,-0.043471
2025-05-08,I,-0.018309
2025-05-08,CF,-0.035897
2025-05-08,V,-0.024503
2025-05-08,RM,-0.022
2025-05-08,UR,-0.020411
2025-05-08,TS,-0.53681
2025-05-08,MA,-0.022694
2025-05-08,TF,-0.261201
2025-05-08,JM,-0.014703
2025-05-09,AU,0.148584
2025-05-09,AG,0.079979
2025-05-09,SN,0.069637
2025-05-09,IF,0.076978
2025-05-09,IC,0.071453
2025-05-09,P,0.094825
2025-05-09,OI,0.132075
2025-05-09,SC,0.080096
2025-05-09,IM,0.067261
2025-05-09,RB,0.179111
2025-05-09,LH,-0.043613
2025-05-09,I,-0.018189
2025-05-09,CF,-0.035567
2025-05-09,RM,-0.021778
2025-05-09,V,-0.024201
2025-05-09,UR,-0.020231
2025-05-09,MA,-0.022491
2025-05-09,TS,-0.540027
2025-05-09,JM,-0.014515
2025-05-09,TF,-0.259387
2025-05-12,AU,0.129284
2025-05-12,AG,0.071316
2025-05-12,SN,0.064284
2025-05-12,IF,0.070047
2025-05-12,IM,0.061725
2025-05-12,IC,0.065143
2025-05-12,P,0.091864
2025-05-12,RB,0.152455
2025-05-12,SC,0.075173
2025-05-12,A,0.218709
2025-05-12,I,-0.016946
2025-05-12,LH,-0.044823
2025-05-12,CF,-0.032819
2025-05-12,RM,-0.021145
2025-05-12,V,-0.023896
2025-05-12,UR,-0.019842
2025-05-12,TS,-0.543042
2025-05-12,MA,-0.021293
2025-05-12,TF,-0.262055
2025-05-12,JM,-0.014139
2025-05-13,AU,0.148473
2025-05-13,AG,0.077342
2025-05-13,SN,0.068065
2025-05-13,IF,0.073591
2025-05-13,RB,0.172123
2025-05-13,IH,0.089084
2025-05-13,IC,0.070077
2025-05-13,P,0.092204
2025-05-13,SC,0.079556
2025-05-13,OI,0.129485
2025-05-13,LH,-0.045062
2025-05-13,I,-0.017148
2025-05-13,CF,-0.032778
2025-05-13,RM,-0.021358
2025-05-13,UR,-0.02003
2025-05-13,V,-0.024022
2025-05-13,TF,-0.26361
2025-05-13,MA,-0.021277
2025-05-13,TS,-0.540373
2025-05-13,JM,-0.014342
2025-05-14,AU,0.12736
2025-05-14,SN,0.063201
2025-05-14,AG,0.07088
2025-05-14,IF,0.067296
2025-05-14,RB,0.150007
2025-05-14,P,0.087506
2025-05-14,IC,0.065116
2025-05-14,IH,0.080503
2025-05-14,A,0.212781
2025-05-14,SC,0.075349
2025-05-14,LH,-0.044993
2025-05-14,I,-0.016231
2025-05-14,RM,-0.020321
2025-05-14,CF,-0.031368
2025-05-14,V,-0.022498
2025-05-14,UR,-0.020222
2025-05-14,TS,-0.553815
2025-05-14,TF,-0.26121
2025-05-14,RU,-0.015588
2025-05-14,JM,-0.013754
2025-05-15,AU,0.125096
2025-05-15,SN,0.062899
2025-05-15,AG,0.068037
2025-05-15,RB,0.135599
2025-05-15,IF,0.06647
2025-05-15,P,0.088908
2025-05-15,IH,0.079126
2025-05-15,IM,0.060758
2025-05-15,A,0.213286
2025-05-15,J,0.099819
2025-05-15,LH,-0.04286
2025-05-15,I,-0.016745
2025-05-15,RM,-0.020746
2025-05-15,CF,-0.031344
2025-05-15,RU,-0.015514
2025-05-15,TS,-0.55405
2025-05-15,UR,-0.020156
2025-05-15,TF,-0.2614
2025-05-15,V,-0.023251
2025-05-15,JM,-0.013934
2025-05-16,AU,0.118171
2025-05-16,SN,0.064469
2025-05-16,AG,0.07166
2025-05-16,RB,0.148538
2025-05-16,IF,0.067713
2025-05-16,P,0.088672
2025-05-16,IH,0.081014
2025-05-16,IM,0.06168
2025-05-16,SC,0.072111
2025-05-16,A,0.225973
2025-05-16,RU,-0.015758
2025-05-16,I,-0.016783
2025-05-16,RM,-0.020961
2025-05-16,LH,-0.04181
2025-05-16,CF,-0.032095
2025-05-16,TS,-0.556049
2025-05-16,V,-0.022502
2025-05-16,UR,-0.020566
2025-05-16,TF,-0.260118
2025-05-16,JM,-0.013358
2025-05-19,AU,0.118706
2025-05-19,AG,0.072369
2025-05-19,SN,0.064258
2025-05-19,RB,0.145964
2025-05-19,IF,0.066321
2025-05-19,P,0.088207
2025-05-19,IH,0.079248
2025-05-19,SC,0.071576
2025-05-19,A,0.229215
2025-05-19,IC,0.064137
2025-05-19,RU,-0.015854
2025-05-19,I,-0.016914
2025-05-19,RM,-0.021403
2025-05-19,LH,-0.042521
2025-05-19,TS,-0.565661
2025-05-19,CF,-0.031033
2025-05-19,JM,-0.01393
2025-05-19,TF,-0.260098
2025-05-19,UR,-0.020413
2025-05-19,FU,-0.012172
2025-05-20,AU,0.11915
2025-05-20,AG,0.072635
2025-05-20,SN,0.064223
2025-05-20,RB,0.146883
2025-05-20,IF,0.066047
2025-05-20,A,0.229031
2025-05-20,SC,0.071758
2025-05-20,IH,0.078999
2025-05-20,IC,0.0638
2025-05-20,P,0.087475
2025-05-20,I,-0.017098
2025-05-20,RU,-0.015874
2025-05-20,LH,-0.042587
2025-05-20,RM,-0.021588
2025-05-20,TS,-0.565688
2025-05-20,TF,-0.259617
2025-05-20,CF,-0.03118
2025-05-20,FU,-0.012203
2025-05-20,JM,-0.013987
2025-05-20,UR,-0.020178
2025-05-21,AU,0.114762
2025-05-21,AG,0.069932
2025-05-21,SN,0.06297
2025-05-21,RB,0.12959
2025-05-21,IF,0.065067
2025-05-21,IH,0.077942
2025-05-21,SC,0.070669
2025-05-21,A,0.220693
2025-05-21,IM,0.059999
2025-05-21,HC,0.128377
2025-05-21,I,-0.017273
2025-05-21,RU,-0.017394
2025-05-21,LH,-0.040578
2025-05-21,RM,-0.022014
2025-05-21,UR,-0.020859
2025-05-21,TF,-0.255471
2025-05-21,TS,-0.559706
2025-05-21,FU,-0.012536
2025-05-21,SR,-0.039925
2025-05-21,JM,-0.014243
2025-05-22,AU,0.11006
2025-05-22,AG,0.069899
2025-05-22,SN,0.062759
2025-05-22,RB,0.150052
2025-05-22,IF,0.065562
2025-05-22,IH,0.078316
2025-05-22,SC,0.069386
2025-05-22,A,0.206488
2025-05-22,IM,0.061
2025-05-22,Y,0.126478
2025-05-22,I,-0.017203
2025-05-22,RM,-0.021946
2025-05-22,UR,-0.020639
2025-05-22,LH,-0.039969
2025-05-22,RU,-0.017344
2025-05-22,TS,-0.561875
2025-05-22,TF,-0.255032
2025-05-22,FU,-0.012258
2025-05-22,SR,-0.039648
2025-05-22,JM,-0.014086
2025-05-23,AU,0.108842
2025-05-23,AG,0.069328
2025-05-23,SN,0.062561
2025-05-23,RB,0.149667
2025-05-23,SC,0.069357
2025-05-23,IF,0.06574
2025-05-23,IH,0.078561
2025-05-23,A,0.208351
2025-05-23,Y,0.126184
2025-05-23,IM,0.06141
2025-05-23,I,-0.016989
2025-05-23,UR,-0.020197
2025-05-23,RU,-0.017045
2025-05-23,RM,-0.021759
2025-05-23,LH,-0.039532
2025-05-23,SR,-0.03913
2025-05-23,TF,-0.256006
2025-05-23,TS,-0.563391
2025-05-23,FU,-0.0123
2025-05-23,JM,-0.013651
2025-05-26,AU,0.063736
2025-05-26,AG,0.048864
2025-05-26,SN,0.043552
2025-05-26,RB,0.099087
2025-05-26,SC,0.046673
2025-05-26,IF,0.050418
2025-05-26,IH,0.060005
2025-05-26,A,0.122906
2025-05-26,TL,0.377232
2025-05-26,Y,0.087528
2025-05-26,I,-0.016525
2025-05-26,RM,-0.022336
2025-05-26,UR,-0.02009
2025-05-26,RU,-0.016863
2025-05-26,LH,-0.039269
2025-05-26,SR,-0.039103
2025-05-26,TF,-0.259971
2025-05-26,TS,-0.559435
2025-05-26,FU,-0.012139
2025-05-26,J,-0.014267
2025-05-27,AU,0.063428
2025-05-27,AG,0.048772
2025-05-27,SN,0.043673
2025-05-27,RB,0.099885
2025-05-27,IH,0.059984
2025-05-27,IF,0.050403
2025-05-27,SC,0.046586
2025-05-27,TL,0.375713
2025-05-27,A,0.123082
2025-05-27,Y,0.088475
2025-05-27,I,-0.016622
2025-05-27,UR,-0.020092
2025-05-27,RM,-0.022428
2025-05-27,RU,-0.016964
2025-05-27,LH,-0.039216
2025-05-27,SR,-0.039182
2025-05-27,TF,-0.259964
2025-05-27,TS,-0.55917
2025-05-27,FU,-0.012067
2025-05-27,J,-0.014295
2025-05-28,AU,0.108454
2025-05-28,AG,0.069987
2025-05-28,SN,0.061384
2025-05-28,RB,0.15097
2025-05-28,SC,0.069337
2025-05-28,IH,0.078767
2025-05-28,IF,0.065854
2025-05-28,IM,0.061562
2025-05-28,A,0.207454
2025-05-28,Y,0.126231
2025-05-28,UR,-0.020159
2025-05-28,RM,-0.022655
2025-05-28,I,-0.016912
2025-05-28,RU,-0.015754
2025-05-28,LH,-0.039817
2025-05-28,SR,-0.037753
2025-05-28,TS,-0.560783
2025-05-28,TF,-0.259425
2025-05-28,FU,-0.012623
2025-05-28,J,-0.014117
2025-05-29,AU,0.135056
2025-05-29,AG,0.075102
2025-05-29,SN,0.064543
2025-05-29,RB,0.149104
2025-05-29,SC,0.069636
2025-05-29,IF,0.069767
2025-05-29,IH,0.08431
2025-05-29,IM,0.063377
2025-05-29,Y,0.14755
2025-05-29,HC,0.141555
2025-05-29,UR,-0.020138
2025-05-29,I,-0.017482
2025-05-29,RM,-0.022481
2025-05-29,RU,-0.015869
2025-05-29,LH,-0.039608
2025-05-29,SR,-0.038142
2025-05-29,TS,-0.56242
2025-05-29,TF,-0.257364
2025-05-29,FU,-0.012883
2025-05-29,JM,-0.013613
2025-05-30,AU,0.113637
2025-05-30,AG,0.069816
2025-05-30,SN,0.058423
2025-05-30,RB,0.132054
2025-05-30,SC,0.064816
2025-05-30,IH,0.079048
2025-05-30,IF,0.065716
2025-05-30,IM,0.060142
2025-05-30,HC,0.126792
2025-05-30,A,0.229556
2025-05-30,I,-0.017532
2025-05-30,UR,-0.019955
2025-05-30,RM,-0.022553
2025-05-30,RU,-0.01529
2025-05-30,LH,-0.03914
2025-05-30,SR,-0.038324
2025-05-30,TF,-0.258539
2025-05-30,TS,-0.563419
2025-05-30,FU,-0.012211
2025-05-30,JM,-0.013036
2025-06-03,AU,0.117578
2025-06-03,AG,0.070341
2025-06-03,SN,0.060358
2025-06-03,RB,0.136724
2025-06-03,SC,0.063285
2025-06-03,IH,0.08403
2025-06-03,IF,0.069809
2025-06-03,IM,0.062992
2025-06-03,A,0.240332
2025-06-03,J,0.09455
2025-06-03,UR,-0.01976
2025-06-03,I,-0.01558
2025-06-03,RM,-0.022809
2025-06-03,RU,-0.015176
2025-06-03,SR,-0.036166
2025-06-03,TF,-0.259184
2025-06-03,TS,-0.567094
2025-06-03,LH,-0.038475
2025-06-03,FU,-0.012736
2025-06-03,JM,-0.013021
2025-06-04,AU,0.145354
2025-06-04,SN,0.064266
2025-06-04,AG,0.078178
2025-06-04,SC,0.067749
2025-06-04,RB,0.153462
2025-06-04,IH,0.092531
2025-06-04,IM,0.067771
2025-06-04,IF,0.076289
2025-06-04,Y,0.157698
2025-06-04,J,0.096704
2025-06-04,UR,-0.020357
2025-06-04,I,-0.015853
2025-06-04,RM,-0.025416
2025-06-04,SR,-0.038695
2025-06-04,RU,-0.015503
2025-06-04,TF,-0.26115
2025-06-04,LH,-0.040091
2025-06-04,MA,-0.019901
2025-06-04,JM,-0.011514
2025-06-04,TS,-0.551519
2025-06-05,AU,0.166263
2025-06-05,AG,0.087364
2025-06-05,SN,0.0698
2025-06-05,RB,0.157175
2025-06-05,SC,0.073357
2025-06-05,J,0.089168
2025-06-05,IF,0.085345
2025-06-05,IH,0.103728
2025-06-05,IC,0.08028
2025-06-05,JM,0.08752
2025-06-05,I,-0.015915
2025-06-05,UR,-0.019202
2025-06-05,RM,-0.023737
2025-06-05,RU,-0.014367
2025-06-05,SR,-0.034713
2025-06-05,LH,-0.038299
2025-06-05,TF,-0.259951
2025-06-05,FU,-0.012256
2025-06-05,TS,-0.564553
2025-06-05,CU,-0.017007
2025-06-06,AU,0.070422
2025-06-06,AG,0.047712
2025-06-06,SN,0.040827
2025-06-06,RB,0.089305
2025-06-06,SC,0.043429
2025-06-06,IF,0.057375
2025-06-06,J,0.052923
2025-06-06,A,0.153798
2025-06-06,TL,0.391128
2025-06-06,IC,0.053081
2025-06-06,I,-0.014406
2025-06-06,UR,-0.018576
2025-06-06,RM,-0.023299
2025-06-06,SR,-0.034006
2025-06-06,RU,-0.014347
2025-06-06,LH,-0.037762
2025-06-06,FU,-0.012173
2025-06-06,TF,-0.262864
2025-06-06,TS,-0.561221
2025-06-06,HC,-0.021346
2025-06-09,AU,0.069171
2025-06-09,AG,0.046796
2025-06-09,SN,0.040378
2025-06-09,SC,0.043872
2025-06-09,RB,0.088985
2025-06-09,J,0.053533
2025-06-09,A,0.15
2025-06-09,IH,0.066178
2025-06-09,IF,0.05537
2025-06-09,TL,0.385718
2025-06-09,I,-0.015492
2025-06-09,UR,-0.02079
2025-06-09,RM,-0.024083
2025-06-09,RU,-0.013703
2025-06-09,SR,-0.035733
2025-06-09,M,-0.033275
2025-06-09,FU,-0.012495
2025-06-09,TF,-0.25952
2025-06-09,TS,-0.568321
2025-06-09,CU,-0.016588
2025-06-10,AU,0.066209
2025-06-10,AG,0.045735
2025-06-10,SN,0.038558
2025-06-10,SC,0.04243
2025-06-10,RB,0.085646
2025-06-10,J,0.050063
2025-06-10,IF,0.053174
2025-06-10,IH,0.063228
2025-06-10,A,0.154455
2025-06-10,TL,0.400501
2025-06-10,I,-0.013933
2025-06-10,UR,-0.019585
2025-06-10,RM,-0.020712
2025-06-10,SR,-0.033497
2025-06-10,RU,-0.012727
2025-06-10,M,-0.035056
2025-06-10,MA,-0.017546
2025-06-10,TF,-0.254639
2025-06-10,TS,-0.576245
2025-06-10,CU,-0.01606
2025-06-11,AU,0.124187
2025-06-11,SN,0.056382
2025-06-11,AG,0.069422
2025-06-11,SC,0.060025
2025-06-11,RB,0.124821
2025-06-11,J,0.073877
2025-06-11,IH,0.090434
2025-06-11,IF,0.075261
2025-06-11,A,0.255859
2025-06-11,JM,0.069734
2025-06-11,I,-0.012988
2025-06-11,UR,-0.018456
2025-06-11,RM,-0.020675
2025-06-11,SR,-0.031916
2025-06-11,M,-0.032158
2025-06-11,RU,-0.012299
2025-06-11,MA,-0.015843
2025-06-11,TF,-0.257149
2025-06-11,TS,-0.582433
2025-06-11,CU,-0.016082
2025-06-12,AU,0.170393
2025-06-12,SN,0.069344
2025-06-12,AG,0.084074
2025-06-12,SC,0.072534
2025-06-12,J,0.091249
2025-06-12,RB,0.15841
2025-06-12,IH,0.105518
2025-06-12,JM,0.086603
2025-06-12,IM,0.075748
2025-06-12,IF,0.086128
2025-06-12,I,-0.013026
2025-06-12,UR,-0.018326
2025-06-12,SR,-0.031883
2025-06-12,RM,-0.020849
2025-06-12,M,-0.032278
2025-06-12,MA,-0.015987
2025-06-12,RU,-0.01214
2025-06-12,TF,-0.255419
2025-06-12,TS,-0.584116
2025-06-12,CU,-0.015976
2025-06-13,AU,0.124762
2025-06-13,SN,0.066855
2025-06-13,AG,0.07189
2025-06-13,SC,0.05404
2025-06-13,IH,0.095902
2025-06-13,RB,0.126083
2025-06-13,J,0.071412
2025-06-13,IF,0.077307
2025-06-13,JM,0.068815
2025-06-13,A,0.242934
2025-06-13,I,-0.013358
2025-06-13,UR,-0.016961
2025-06-13,SR,-0.031111
2025-06-13,RM,-0.025145
2025-06-13,LH,-0.035968
2025-06-13,MA,-0.014317
2025-06-13,RU,-0.011894
2025-06-13,TF,-0.254668
2025-06-13,TS,-0.580113
2025-06-13,CU,-0.016464
2025-06-16,AU,0.168825
2025-06-16,AG,0.084423
2025-06-16,SN,0.081591
2025-06-16,SC,0.065544
2025-06-16,J,0.086043
2025-06-16,IH,0.10811
2025-06-16,IF,0.086443
2025-06-16,RB,0.157002
2025-06-16,IC,0.079729
2025-06-16,JM,0.082289
2025-06-16,I,-0.013739
2025-06-16,UR,-0.015327
2025-06-16,SR,-0.030844
2025-06-16,RM,-0.025005
2025-06-16,LH,-0.034743
2025-06-16,MA,-0.013475
2025-06-16,RU,-0.011945
2025-06-16,TF,-0.268632
2025-06-16,TS,-0.570221
2025-06-16,CU,-0.016071
2025-06-17,AU,0.138571
2025-06-17,SN,0.073411
2025-06-17,AG,0.07515
2025-06-17,SC,0.058692
2025-06-17,J,0.093307
2025-06-17,IH,0.093501
2025-06-17,IF,0.074866
2025-06-17,RB,0.153335
2025-06-17,IC,0.070125
2025-06-17,OI,0.169043
2025-06-17,I,-0.013861
2025-06-17,UR,-0.014356
2025-06-17,SR,-0.033066
2025-06-17,RM,-0.024807
2025-06-17,LH,-0.035297
2025-06-17,RU,-0.012034
2025-06-17,MA,-0.013163
2025-06-17,TF,-0.26429
2025-06-17,TS,-0.573303
2025-06-17,CU,-0.015824
2025-06-18,AU,0.167896
2025-06-18,SN,0.081577
2025-06-18,AG,0.083495
2025-06-18,SC,0.063448
2025-06-18,J,0.086833
2025-06-18,IH,0.108632
2025-06-18,RB,0.158275
2025-06-18,IF,0.086724
2025-06-18,IC,0.080291
2025-06-18,JM,0.082829
2025-06-18,I,-0.014261
2025-06-18,UR,-0.014034
2025-06-18,SR,-0.032904
2025-06-18,RM,-0.024509
2025-06-18,LH,-0.0353
2025-06-18,TF,-0.266209
2025-06-18,RU,-0.01187
2025-06-18,MA,-0.012687
2025-06-18,TS,-0.572671
2025-06-18,CU,-0.015555
2025-06-19,AU,0.167603
2025-06-19,SN,0.081557
2025-06-19,AG,0.082656
2025-06-19,J,0.086929
2025-06-19,IH,0.108663
2025-06-19,SC,0.063969
2025-06-19,RB,0.158668
2025-06-19,IF,0.086708
2025-06-19,JM,0.083065
2025-06-19,IC,0.080182
2025-06-19,I,-0.014077
2025-06-19,UR,-0.014303
2025-06-19,SR,-0.03208
2025-06-19,RM,-0.023827
2025-06-19,LH,-0.034253
2025-06-19,MA,-0.012634
2025-06-19,RU,-0.011884
2025-06-19,TF,-0.271694
2025-06-19,TS,-0.569745
2025-06-19,CU,-0.015504
2025-06-20,AU,0.139013
2025-06-20,AG,0.073681
2025-06-20,SN,0.073548
2025-06-20,SC,0.05642
2025-06-20,J,0.095219
2025-06-20,IH,0.095191
2025-06-20,IF,0.07559
2025-06-20,RB,0.155017
2025-06-20,IC,0.070792
2025-06-20,OI,0.165529
2025-06-20,I,-0.013759
2025-06-20,UR,-0.01396
2025-06-20,SR,-0.031041
2025-06-20,RM,-0.023117
2025-06-20,LH,-0.034791
2025-06-20,MA,-0.012269
2025-06-20,RU,-0.011604
2025-06-20,CU,-0.01566
2025-06-20,TF,-0.273483
2025-06-20,TS,-0.570316
2025-06-23,AU,0.154678
2025-06-23,AG,0.076431
2025-06-23,SN,0.076637
2025-06-23,SC,0.058022
2025-06-23,IH,0.099127
2025-06-23,J,0.090119
2025-06-23,IF,0.078708
2025-06-23,RB,0.151845
2025-06-23,IC,0.073238
2025-06-23,V,0.141194
2025-06-23,I,-0.014614
2025-06-23,UR,-0.013672
2025-06-23,SR,-0.029544
2025-06-23,RM,-0.022035
2025-06-23,LH,-0.036046
2025-06-23,RU,-0.011508
2025-06-23,MA,-0.012126
2025-06-23,CU,-0.015944
2025-06-23,TF,-0.27904
2025-06-23,TS,-0.56547
2025-06-24,AU,0.152585
2025-06-24,AG,0.076806
2025-06-24,SN,0.078064
2025-06-24,IH,0.100909
2025-06-24,SC,0.054248
2025-06-24,J,0.08919
2025-06-24,IF,0.080263
2025-06-24,IC,0.074918
2025-06-24,RB,0.152421
2025-06-24,V,0.140595
2025-06-24,I,-0.014823
2025-06-24,SR,-0.029983
2025-06-24,RM,-0.022456
2025-06-24,UR,-0.013833
2025-06-24,LH,-0.036125
2025-06-24,RU,-0.011382
2025-06-24,CU,-0.016528
2025-06-24,MA,-0.010995
2025-06-24,TF,-0.27466
2025-06-24,TS,-0.569215
2025-06-25,AG,0.077931
2025-06-25,AU,0.15313
2025-06-25,SN,0.079122
2025-06-25,IH,0.099781
2025-06-25,J,0.087777
2025-06-25,SC,0.05516
2025-06-25,IF,0.079462
2025-06-25,IC,0.07429
2025-06-25,RB,0.153207
2025-06-25,V,0.140142
2025-06-25,I,-0.014451
2025-06-25,SR,-0.029378
2025-06-25,RM,-0.021033
2025-06-25,LH,-0.035564
2025-06-25,UR,-0.013213
2025-06-25,RU,-0.010661
2025-06-25,MA,-0.010459
2025-06-25,CU,-0.016001
2025-06-25,TS,-0.573606
2025-06-25,TF,-0.275633
2025-06-26,AG,0.074172
2025-06-26,AU,0.136804
2025-06-26,SN,0.075492
2025-06-26,IH,0.09633
2025-06-26,J,0.096778
2025-06-26,SC,0.052068
2025-06-26,IF,0.076444
2025-06-26,IC,0.071592
2025-06-26,RB,0.158566
2025-06-26,OI,0.161756
2025-06-26,I,-0.014292
2025-06-26,RM,-0.021012
2025-06-26,SR,-0.028717
2025-06-26,LH,-0.036069
2025-06-26,UR,-0.013227
2025-06-26,RU,-0.010188
2025-06-26,TA,-0.007679
2025-06-26,CU,-0.015637
2025-06-26,TS,-0.578859
2025-06-26,TF,-0.274321
2025-06-27,AU,0.111965
2025-06-27,AG,0.067369
2025-06-27,SN,0.06948
2025-06-27,IH,0.089154
2025-06-27,IF,0.071189
2025-06-27,J,0.085609
2025-06-27,SC,0.047629
2025-06-27,IC,0.066299
2025-06-27,RB,0.138195
2025-06-27,A,0.25311
2025-06-27,I,-0.014071
2025-06-27,RM,-0.02123
2025-06-27,SR,-0.028121
2025-06-27,UR,-0.013427
2025-06-27,LH,-0.041103
2025-06-27,TS,-0.573321
2025-06-27,RU,-0.010537
2025-06-27,TA,-0.007785
2025-06-27,CU,-0.01588
2025-06-27,TF,-0.274526
2025-06-30,AU,0.108543
2025-06-30,AG,0.064788
2025-06-30,SN,0.066974
2025-06-30,IH,0.084074
2025-06-30,IF,0.066832
2025-06-30,IM,0.059341
2025-06-30,SC,0.047163
2025-06-30,A,0.237793
2025-06-30,HC,0.130597
2025-06-30,RB,0.133894
2025-06-30,I,-0.013067
2025-06-30,RM,-0.022555
2025-06-30,SR,-0.027898
2025-06-30,UR,-0.014038
2025-06-30,TS,-0.842588
2025-06-30,RU,-0.009833
2025-06-30,LH,-0.039774
2025-06-30,TA,-0.007737
2025-06-30,CU,-0.014976
2025-06-30,JM,-0.007534
2025-07-01,AG,0.076467
2025-07-01,SN,0.079192
2025-07-01,AU,0.154021
2025-07-01,IH,0.100653
2025-07-01,IF,0.079223
2025-07-01,IM,0.068828
2025-07-01,SC,0.05611
2025-07-01,RB,0.149405
2025-07-01,HC,0.142291
2025-07-01,J,0.093809
2025-07-01,I,-0.014554
2025-07-01,RM,-0.021345
2025-07-01,SR,-0.02876
2025-07-01,UR,-0.013707
2025-07-01,TS,-0.579346
2025-07-01,LH,-0.039814
2025-07-01,RU,-0.010423
2025-07-01,TA,-0.007847
2025-07-01,CU,-0.015795
2025-07-01,TF,-0.268409
2025-07-02,SN,0.063657
2025-07-02,AU,0.090548
2025-07-02,AG,0.054972
2025-07-02,IH,0.06581
2025-07-02,IF,0.054063
2025-07-02,IM,0.054827
2025-07-02,HC,0.112834
2025-07-02,RB,0.11428
2025-07-02,A,0.20241
2025-07-02,JD,0.186599
2025-07-02,I,-0.012082
2025-07-02,RM,-0.021732
2025-07-02,SR,-0.02819
2025-07-02,UR,-0.013295
2025-07-02,LH,-0.030612
2025-07-02,TS,-0.846355
2025-07-02,RU,-0.009496
2025-07-02,TA,-0.007246
2025-07-02,AL,-0.017693
2025-07-02,CU,-0.013298
2025-07-03,SN,0.068663
2025-07-03,AU,0.111471
2025-07-03,AG,0.063508
2025-07-03,IH,0.078887
2025-07-03,IF,0.063749
2025-07-03,IM,0.057679
2025-07-03,HC,0.115531
2025-07-03,RB,0.116863
2025-07-03,A,0.237061
2025-07-03,SA,0.086588
2025-07-03,I,-0.010759
2025-07-03,RM,-0.020884
2025-07-03,SR,-0.026552
2025-07-03,UR,-0.011852
2025-07-03,RU,-0.008299
2025-07-03,TS,-0.859666
2025-07-03,LH,-0.027628
2025-07-03,TA,-0.006427
2025-07-03,AL,-0.01606
2025-07-03,CU,-0.011872
2025-07-04,SN,0.068782
2025-07-04,AU,0.111439
2025-07-04,IH,0.079422
2025-07-04,AG,0.063609
2025-07-04,IF,0.064095
2025-07-04,IM,0.057718
2025-07-04,HC,0.115786
2025-07-04,RB,0.117271
2025-07-04,A,0.235247
2025-07-04,SA,0.08663
2025-07-04,I,-0.01156
2025-07-04,RM,-0.023205
2025-07-04,SR,-0.029562
2025-07-04,UR,-0.012802
2025-07-04,RU,-0.009036
2025-07-04,TS,-0.853127
2025-07-04,LH,-0.028293
2025-07-04,TA,-0.007175
2025-07-04,AL,-0.0187
2025-07-04,JM,-0.006541
2025-07-07,SN,0.070586
2025-07-07,AU,0.093359
2025-07-07,IH,0.133866
2025-07-07,AG,0.071686
2025-07-07,IF,0.104782
2025-07-07,RB,0.095592
2025-07-07,IM,0.073169
2025-07-07,HC,0.099018
2025-07-07,CF,0.133271
2025-07-07,A,0.12467
2025-07-07,I,-0.012862
2025-07-07,RM,-0.024457
2025-07-07,SR,-0.033469
2025-07-07,UR,-0.014047
2025-07-07,LH,-0.028877
2025-07-07,TS,-0.838884
2025-07-07,TA,-0.007995
2025-07-07,RU,-0.009968
2025-07-07,AL,-0.022528
2025-07-07,JM,-0.006913
2025-07-08,AU,0.108518
2025-07-08,SN,0.073318
2025-07-08,IH,0.154373
2025-07-08,AG,0.076454
2025-07-08,IF,0.115861
2025-07-08,RB,0.101874
2025-07-08,IM,0.079352
2025-07-08,HC,0.105295
2025-07-08,SC,0.042907
2025-07-08,CF,0.142046
2025-07-08,I,-0.012772
2025-07-08,RM,-0.016499
2025-07-08,SR,-0.031614
2025-07-08,UR,-0.013684
2025-07-08,TS,-0.850947
2025-07-08,M,-0.023556
2025-07-08,TA,-0.007537
2025-07-08,RU,-0.009435
2025-07-08,AL,-0.01833
2025-07-08,CU,-0.015627
2025-07-09,AU,0.091129
2025-07-09,SN,0.077234
2025-07-09,IH,0.1613
2025-07-09,AG,0.077514
2025-07-09,IF,0.12223
2025-07-09,RB,0.105959
2025-07-09,IM,0.081079
2025-07-09,HC,0.11101
2025-07-09,SC,0.042551
2025-07-09,A,0.129995
2025-07-09,I,-0.01355
2025-07-09,RM,-0.019486
2025-07-09,SR,-0.034807
2025-07-09,UR,-0.014282
2025-07-09,TA,-0.009134
2025-07-09,M,-0.026308
2025-07-09,RU,-0.011062
2025-07-09,TS,-0.841839
2025-07-09,AL,-0.022366
2025-07-09,JM,-0.007164
2025-07-10,AU,0.092972
2025-07-10,SN,0.0724
2025-07-10,IH,0.153249
2025-07-10,AG,0.082714
2025-07-10,IF,0.127905
2025-07-10,RB,0.10392
2025-07-10,IM,0.087468
2025-07-10,HC,0.10538
2025-07-10,A,0.129105
2025-07-10,SC,0.044888
2025-07-10,I,-0.012456
2025-07-10,RM,-0.016585
2025-07-10,SR,-0.035748
2025-07-10,UR,-0.013786
2025-07-10,TA,-0.009985
2025-07-10,RU,-0.01125
2025-07-10,M,-0.022605
2025-07-10,JM,-0.006116
2025-07-10,TS,-0.847495
2025-07-10,AL,-0.023974
2025-07-11,AU,0.091483
2025-07-11,IH,0.150328
2025-07-11,SN,0.07164
2025-07-11,AG,0.079384
2025-07-11,IF,0.125304
2025-07-11,IC,0.101698
2025-07-11,RB,0.100558
2025-07-11,HC,0.101425
2025-07-11,A,0.134545
2025-07-11,SC,0.043636
2025-07-11,I,-0.013051
2025-07-11,SR,-0.036929
2025-07-11,RM,-0.016406
2025-07-11,TA,-0.009338
2025-07-11,UR,-0.014397
2025-07-11,M,-0.022568
2025-07-11,FU,-0.007786
2025-07-11,JM,-0.006475
2025-07-11,AL,-0.024863
2025-07-11,TS,-0.848188
2025-07-14,AU,0.091177
2025-07-14,IH,0.152225
2025-07-14,SN,0.07242
2025-07-14,AG,0.078868
2025-07-14,IF,0.125706
2025-07-14,IC,0.102707
2025-07-14,HC,0.101003
2025-07-14,RB,0.099646
2025-07-14,A,0.133417
2025-07-14,SC,0.042832
2025-07-14,I,-0.01219
2025-07-14,SR,-0.035126
2025-07-14,RM,-0.015805
2025-07-14,M,-0.021457
2025-07-14,UR,-0.013672
2025-07-14,TA,-0.009797
2025-07-14,RU,-0.010842
2025-07-14,JM,-0.005887
2025-07-14,AL,-0.023106
2025-07-14,TS,-0.852118
2025-07-15,AU,0.09119
2025-07-15,IH,0.15028
2025-07-15,AG,0.079154
2025-07-15,SN,0.071878
2025-07-15,IF,0.126157
2025-07-15,IC,0.103347
2025-07-15,HC,0.100944
2025-07-15,RB,0.098826
2025-07-15,A,0.13586
2025-07-15,SC,0.042363
2025-07-15,I,-0.011236
2025-07-15,SR,-0.031981
2025-07-15,RM,-0.019584
2025-07-15,TA,-0.009384
2025-07-15,UR,-0.012702
2025-07-15,LH,-0.019753
2025-07-15,RU,-0.010959
2025-07-15,AL,-0.022803
2025-07-15,JM,-0.005429
2025-07-15,TS,-0.856169
2025-07-16,AU,0.082367
2025-07-16,IH,0.13405
2025-07-16,SN,0.068263
2025-07-16,AG,0.074216
2025-07-16,IF,0.113203
2025-07-16,HC,0.096892
2025-07-16,IC,0.094565
2025-07-16,RB,0.09453
2025-07-16,A,0.122829
2025-07-16,OI,0.119087
2025-07-16,I,-0.0676
2025-07-16,SR,-0.198253
2025-07-16,RM,-0.115145
2025-07-16,M,-0.159268
2025-07-16,TA,-0.06654
2025-07-16,RU,-0.065967
2025-07-16,UR,-0.098272
2025-07-16,JM,-0.036052
2025-07-16,AL,-0.149007
2025-07-16,J,-0.043896
2025-07-17,AU,0.083448
2025-07-17,IH,0.135291
2025-07-17,IF,0.11202
2025-07-17,SN,0.070504
2025-07-17,AG,0.073976
2025-07-17,HC,0.094549
2025-07-17,IC,0.092879
2025-07-17,A,0.121858
2025-07-17,RB,0.093678
2025-07-17,OI,0.121797
2025-07-17,I,-0.06741
2025-07-17,SR,-0.20214
2025-07-17,RM,-0.109238
2025-07-17,UR,-0.098614
2025-07-17,M,-0.150854
2025-07-17,TA,-0.069161
2025-07-17,RU,-0.066027
2025-07-17,JM,-0.035946
2025-07-17,AL,-0.156537
2025-07-17,J,-0.044073
2025-07-18,AU,0.081356
2025-07-18,IH,0.13006
2025-07-18,SN,0.069646
2025-07-18,IF,0.110375
2025-07-18,AG,0.072037
2025-07-18,HC,0.093517
2025-07-18,IC,0.093057
2025-07-18,A,0.133712
2025-07-18,RB,0.093464
2025-07-18,OI,0.122776
2025-07-18,I,-0.066811
2025-07-18,SR,-0.20305
2025-07-18,UR,-0.099106
2025-07-18,M,-0.14971
2025-07-18,MA,-0.066524
2025-07-18,RM,-0.110881
2025-07-18,RU,-0.06637
2025-07-18,AL,-0.158454
2025-07-18,JM,-0.035259
2025-07-18,J,-0.043835
2025-07-21,AU,0.085329
2025-07-21,IH,0.125724
2025-07-21,AG,0.072789
2025-07-21,IF,0.109775
2025-07-21,HC,0.088232
2025-07-21,SN,0.075212
2025-07-21,IM,0.086517
2025-07-21,RB,0.090591
2025-07-21,A,0.140878
2025-07-21,OI,0.124954
2025-07-21,I,-0.062705
2025-07-21,SR,-0.204329
2025-07-21,M,-0.187767
2025-07-21,UR,-0.07855
2025-07-21,MA,-0.060579
2025-07-21,RU,-0.067486
2025-07-21,LH,-0.130566
2025-07-21,JM,-0.028457
2025-07-21,J,-0.037329
2025-07-21,AL,-0.14223
2025-07-22,AU,0.086304
2025-07-22,IH,0.122967
2025-07-22,AG,0.0705
2025-07-22,SN,0.075489
2025-07-22,HC,0.080873
2025-07-22,IF,0.107609
2025-07-22,IC,0.096108
2025-07-22,OI,0.135716
2025-07-22,RB,0.082024
2025-07-22,A,0.14241
2025-07-22,I,-0.061761
2025-07-22,SR,-0.211037
2025-07-22,M,-0.182447
2025-07-22,UR,-0.077112
2025-07-22,MA,-0.05933
2025-07-22,RU,-0.068033
2025-07-22,LH,-0.13172
2025-07-22,JM,-0.028092
2025-07-22,AL,-0.144802
2025-07-22,J,-0.035667
2025-07-23,AU,0.116909
2025-07-23,IH,0.131069
2025-07-23,AG,0.076059
2025-07-23,HC,0.086967
2025-07-23,SN,0.079607
2025-07-23,IF,0.11304
2025-07-23,IC,0.09948
2025-07-23,RB,0.08907
2025-07-23,OI,0.13165
2025-07-23,P,0.076151
2025-07-23,I,-0.065899
2025-07-23,SR,-0.216505
2025-07-23,M,-0.175318
2025-07-23,UR,-0.079329
2025-07-23,RU,-0.070999
2025-07-23,MA,-0.059052
2025-07-23,JD,-0.121989
2025-07-23,JM,-0.030467
2025-07-23,J,-0.038228
2025-07-23,AL,-0.142213
2025-07-24,AU,0.119293
2025-07-24,IH,0.131076
2025-07-24,AG,0.077288
2025-07-24,HC,0.08751
2025-07-24,IF,0.11274
2025-07-24,SN,0.077844
2025-07-24,IC,0.097655
2025-07-24,OI,0.131479
2025-07-24,RB,0.089452
2025-07-24,P,0.075663
2025-07-24,I,-0.063734
2025-07-24,SR,-0.215691
2025-07-24,M,-0.175466
2025-07-24,LH,-0.132139
2025-07-24,UR,-0.075693
2025-07-24,MA,-0.059963
2025-07-24,RU,-0.068036
2025-07-24,JM,-0.028162
2025-07-24,J,-0.036582
2025-07-24,AL,-0.144535
2025-07-25,AU,0.118889
2025-07-25,IH,0.128716
2025-07-25,AG,0.077274
2025-07-25,HC,0.088676
2025-07-25,SN,0.078011
2025-07-25,IF,0.111491
2025-07-25,IC,0.097756
2025-07-25,RB,0.090799
2025-07-25,OI,0.133398
2025-07-25,P,0.07499
2025-07-25,I,-0.015137
2025-07-25,SR,-0.046698
2025-07-25,M,-0.028333
2025-07-25,JD,-0.022584
2025-07-25,UR,-0.014038
2025-07-25,MA,-0.011033
2025-07-25,RU,-0.015013
2025-07-25,AL,-0.025113
2025-07-25,TS,-0.726519
2025-07-25,TL,-0.095533
2025-07-28,AU,0.121462
2025-07-28,IH,0.132433
2025-07-28,AG,0.075184
2025-07-28,IF,0.114739
2025-07-28,SN,0.077252
2025-07-28,HC,0.077176
2025-07-28,IC,0.101116
2025-07-28,RB,0.078963
2025-07-28,OI,0.140796
2025-07-28,P,0.08088
2025-07-28,I,-0.014196
2025-07-28,SR,-0.044958
2025-07-28,M,-0.025944
2025-07-28,JD,-0.021054
2025-07-28,UR,-0.012637
2025-07-28,MA,-0.009811
2025-07-28,RU,-0.013523
2025-07-28,TS,-0.736954
2025-07-28,AL,-0.023924
2025-07-28,TL,-0.096998
2025-07-29,AU,0.104127
2025-07-29,IH,0.132037
2025-07-29,AG,0.069018
2025-07-29,IF,0.111455
2025-07-29,HC,0.065549
2025-07-29,SN,0.072952
2025-07-29,IC,0.096343
2025-07-29,OI,0.138517
2025-07-29,RB,0.066648
2025-07-29,A,0.143355
2025-07-29,I,-0.014583
2025-07-29,SR,-0.046833
2025-07-29,M,-0.026593
2025-07-29,JD,-0.021388
2025-07-29,UR,-0.013104
2025-07-29,MA,-0.010122
2025-07-29,RU,-0.013601
2025-07-29,AL,-0.024276
2025-07-29,TS,-0.734131
2025-07-29,TL,-0.09537
2025-07-30,AU,0.123546
2025-07-30,IH,0.135801
2025-07-30,AG,0.076408
2025-07-30,IF,0.116171
2025-07-30,SN,0.079391
2025-07-30,HC,0.073527
2025-07-30,IC,0.100153
2025-07-30,RB,0.075212
2025-07-30,OI,0.137763
2025-07-30,P,0.082028
2025-07-30,I,-0.014743
2025-07-30,SR,-0.047971
2025-07-30,M,-0.027405
2025-07-30,UR,-0.013122
2025-07-30,MA,-0.010258
2025-07-30,JD,-0.021916
2025-07-30,RU,-0.013719
2025-07-30,AL,-0.024426
2025-07-30,TS,-0.730151
2025-07-30,TL,-0.096289
2025-07-31,AU,0.131845
2025-07-31,IH,0.130529
2025-07-31,AG,0.075652
2025-07-31,HC,0.072084
2025-07-31,IF,0.109706
2025-07-31,SN,0.08525
2025-07-31,IC,0.10073
2025-07-31,RB,0.070591
2025-07-31,OI,0.136622
2025-07-31,P,0.086992
2025-07-31,I,-0.014575
2025-07-31,SR,-0.048081
2025-07-31,JD,-0.02152
2025-07-31,M,-0.027231
2025-07-31,UR,-0.012964
2025-07-31,MA,-0.010294
2025-07-31,RU,-0.013326
2025-07-31,TS,-0.730624
2025-07-31,AL,-0.024234
2025-07-31,TL,-0.09715
2025-08-01,AU,0.132697
2025-08-01,IH,0.128752
2025-08-01,AG,0.075029
2025-08-01,HC,0.072699
2025-08-01,IF,0.108848
2025-08-01,SN,0.085606
2025-08-01,IC,0.100676
2025-08-01,RB,0.070892
2025-08-01,OI,0.137404
2025-08-01,P,0.087398
2025-08-01,SR,-0.045745
2025-08-01,I,-0.01487
2025-08-01,UR,-0.013084
2025-08-01,JD,-0.021242
2025-08-01,MA,-0.010359
2025-08-01,M,-0.027619
2025-08-01,RU,-0.013117
2025-08-01,TS,-0.732602
2025-08-01,AL,-0.024451
2025-08-01,TL,-0.096912
2025-08-04,AU,0.126054
2025-08-04,AG,0.0768
2025-08-04,IH,0.140014
2025-08-04,HC,0.073474
2025-08-04,IF,0.118621
2025-08-04,SN,0.086976
2025-08-04,IC,0.109247
2025-08-04,RB,0.071932
2025-08-04,OI,0.140652
2025-08-04,FU,0.056232
2025-08-04,SR,-0.045494
2025-08-04,I,-0.014903
2025-08-04,UR,-0.013338
2025-08-04,JD,-0.019936
2025-08-04,RM,-0.021343
2025-08-04,MA,-0.010466
2025-08-04,RU,-0.013027
2025-08-04,TS,-0.742504
2025-08-04,AL,-0.024435
2025-08-04,TL,-0.094554
2025-08-05,AU,0.132712
2025-08-05,IH,0.14002
2025-08-05,AG,0.076938
2025-08-05,HC,0.07302
2025-08-05,IF,0.120142
2025-08-05,SN,0.086847
2025-08-05,IM,0.106169
2025-08-05,OI,0.136186
2025-08-05,RB,0.071744
2025-08-05,FU,0.056222
2025-08-05,SR,-0.031472
2025-08-05,I,-0.010033
2025-08-05,UR,-0.009069
2025-08-05,M,-0.022108
2025-08-05,JD,-0.015554
2025-08-05,RU,-0.008685
2025-08-05,MA,-0.007514
2025-08-05,TS,-0.873332
2025-08-05,AL,-0.018917
2025-08-05,JM,-0.003317
2025-08-06,AU,0.133726
2025-08-06,AG,0.075622
2025-08-06,IH,0.140774
2025-08-06,IF,0.119757
2025-08-06,SN,0.085921
2025-08-06,HC,0.072739
2025-08-06,IM,0.103941
2025-08-06,OI,0.139573
2025-08-06,FU,0.056439
2025-08-06,RB,0.071508
2025-08-06,I,-0.010115
2025-08-06,SR,-0.032012
2025-08-06,UR,-0.009186
2025-08-06,RU,-0.008737
2025-08-06,JD,-0.015274
2025-08-06,M,-0.02226
2025-08-06,MA,-0.007557
2025-08-06,TS,-0.87207
2025-08-06,AL,-0.019478
2025-08-06,JM,-0.00331
2025-08-07,AU,0.136534
2025-08-07,AG,0.07706
2025-08-07,IH,0.139595
2025-08-07,IF,0.118496
2025-08-07,SN,0.085837
2025-08-07,HC,0.073052
2025-08-07,IM,0.102877
2025-08-07,OI,0.137716
2025-08-07,FU,0.056376
2025-08-07,RB,0.072458
2025-08-07,SR,-0.032457
2025-08-07,I,-0.01022
2025-08-07,UR,-0.009156
2025-08-07,JD,-0.015171
2025-08-07,M,-0.022209
2025-08-07,MA,-0.007561
2025-08-07,RU,-0.008715
2025-08-07,TS,-0.871852
2025-08-07,AL,-0.019355
2025-08-07,JM,-0.003304
2025-08-08,AG,0.07628
2025-08-08,AU,0.137352
2025-08-08,IH,0.13784
2025-08-08,HC,0.073453
2025-08-08,SN,0.086244
2025-08-08,IF,0.117984
2025-08-08,IM,0.104268
2025-08-08,FU,0.054923
2025-08-08,OI,0.139018
2025-08-08,RB,0.072637
2025-08-08,SR,-0.032413
2025-08-08,I,-0.010198
2025-08-08,UR,-0.009135
2025-08-08,JD,-0.015131
2025-08-08,MA,-0.007549
2025-08-08,RU,-0.008718
2025-08-08,M,-0.022274
2025-08-08,TS,-0.871979
2025-08-08,AL,-0.019297
2025-08-08,JM,-0.003305
2025-08-11,AG,0.077481
2025-08-11,AU,0.130228
2025-08-11,IH,0.138845
2025-08-11,SN,0.089682
2025-08-11,HC,0.085159
2025-08-11,IF,0.121234
2025-08-11,IM,0.103311
2025-08-11,FU,0.052653
2025-08-11,OI,0.125767
2025-08-11,P,0.07564
2025-08-11,SR,-0.041819
2025-08-11,I,-0.015487
2025-08-11,UR,-0.012048
2025-08-11,JD,-0.01937
2025-08-11,MA,-0.009451
2025-08-11,LH,-0.019959
2025-08-11,RU,-0.01193
2025-08-11,TS,-0.766508
2025-08-11,JM,-0.004267
2025-08-11,TL,-0.09916
2025-08-12,AG,0.067543
2025-08-12,AU,0.109355
2025-08-12,IF,0.111549
2025-08-12,IH,0.127551
2025-08-12,SN,0.078531
2025-08-12,HC,0.072391
2025-08-12,IC,0.106785
2025-08-12,FU,0.046745
2025-08-12,OI,0.11243
2025-08-12,A,0.16712
2025-08-12,SR,-0.030723
2025-08-12,UR,-0.008734
2025-08-12,I,-0.010004
2025-08-12,JD,-0.013718
2025-08-12,MA,-0.007194
2025-08-12,LH,-0.015371
2025-08-12,SA,-0.004234
2025-08-12,TS,-0.88718
2025-08-12,JM,-0.002993
2025-08-12,AL,-0.019851
2025-08-13,AG,0.065569
2025-08-13,AU,0.107959
2025-08-13,IH,0.140653
2025-08-13,IF,0.114591
2025-08-13,SN,0.083277
2025-08-13,HC,0.078679
2025-08-13,IC,0.101781
2025-08-13,FU,0.050587
2025-08-13,A,0.153513
2025-08-13,OI,0.103391
2025-08-13,SR,-0.043412
2025-08-13,UR,-0.011503
2025-08-13,I,-0.015255
2025-08-13,MA,-0.010012
2025-08-13,JD,-0.018133
2025-08-13,LH,-0.019292
2025-08-13,SA,-0.006156
2025-08-13,TS,-0.770225
2025-08-13,JM,-0.004083
2025-08-13,TL,-0.101928
2025-08-14,AG,0.068528
2025-08-14,AU,0.130234
2025-08-14,IH,0.1445
2025-08-14,IF,0.116718
2025-08-14,SN,0.078433
2025-08-14,HC,0.076426
2025-08-14,IM,0.097714
2025-08-14,OI,0.100982
2025-08-14,A,0.134667
2025-08-14,FU,0.051799
2025-08-14,SR,-0.168274
2025-08-14,UR,-0.04063
2025-08-14,I,-0.046474
2025-08-14,MA,-0.034965
2025-08-14,JD,-0.058744
2025-08-14,LH,-0.069204
2025-08-14,V,-0.034851
2025-08-14,AL,-0.101358
2025-08-14,TL,-0.431197
2025-08-14,JM,-0.014302
2025-08-15,AG,0.068562
2025-08-15,AU,0.129497
2025-08-15,IF,0.116478
2025-08-15,IH,0.146512
2025-08-15,SN,0.078634
2025-08-15,HC,0.077043
2025-08-15,IM,0.095784
2025-08-15,OI,0.101813
2025-08-15,A,0.133967
2025-08-15,FU,0.051709
2025-08-15,SR,-0.171482
2025-08-15,I,-0.046737
2025-08-15,UR,-0.040173
2025-08-15,MA,-0.035023
2025-08-15,JD,-0.056483
2025-08-15,V,-0.035208
2025-08-15,LH,-0.069867
2025-08-15,TL,-0.42982
2025-08-15,AL,-0.10085
2025-08-15,JM,-0.014358
2025-08-18,AG,0.068459
2025-08-18,AU,0.129829
2025-08-18,IF,0.115551
2025-08-18,IH,0.146556
2025-08-18,SN,0.078717
2025-08-18,OI,0.101839
2025-08-18,HC,0.077306
2025-08-18,IM,0.09502
2025-08-18,A,0.135143
2025-08-18,FU,0.05158
2025-08-18,SR,-0.192484
2025-08-18,UR,-0.047699
2025-08-18,MA,-0.038625
2025-08-18,I,-0.051377
2025-08-18,JD,-0.062697
2025-08-18,V,-0.038444
2025-08-18,LH,-0.077214
2025-08-18,TL,-0.427355
2025-08-18,RB,-0.04904
2025-08-18,JM,-0.015066
2025-08-19,AU,0.129717
2025-08-19,AG,0.067898
2025-08-19,IH,0.141949
2025-08-19,IF,0.11548
2025-08-19,SN,0.080012
2025-08-19,OI,0.103151
2025-08-19,HC,0.077748
2025-08-19,IM,0.09561
2025-08-19,FU,0.051611
2025-08-19,A,0.136823
2025-08-19,MA,-0.039959
2025-08-19,UR,-0.041465
2025-08-19,I,-0.047202
2025-08-19,SR,-0.19301
2025-08-19,V,-0.038063
2025-08-19,M,-0.11094
2025-08-19,LH,-0.076504
2025-08-19,TL,-0.384978
2025-08-19,RB,-0.047055
2025-08-19,J,-0.020823
2025-08-20,AU,0.153767
2025-08-20,AG,0.068751
2025-08-20,SN,0.079757
2025-08-20,IF,0.11059
2025-08-20,IH,0.136912
2025-08-20,OI,0.100011
2025-08-20,HC,0.074639
2025-08-20,IM,0.089167
2025-08-20,FU,0.049881
2025-08-20,A,0.136525
2025-08-20,I,-0.047217
2025-08-20,MA,-0.040823
2025-08-20,UR,-0.040549
2025-08-20,SR,-0.196872
2025-08-20,V,-0.038347
2025-08-20,LH,-0.074996
2025-08-20,M,-0.115449
2025-08-20,RB,-0.047126
2025-08-20,TL,-0.377977
2025-08-20,J,-0.020644
2025-08-21,AU,0.152534
2025-08-21,AG,0.06843
2025-08-21,IH,0.136578
2025-08-21,IF,0.110678
2025-08-21,SN,0.08068
2025-08-21,OI,0.099727
2025-08-21,HC,0.073654
2025-08-21,IM,0.089842
2025-08-21,FU,0.050998
2025-08-21,A,0.13688
2025-08-21,MA,-0.039734
2025-08-21,I,-0.045443
2025-08-21,UR,-0.039854
2025-08-21,SR,-0.176347
2025-08-21,V,-0.036287
2025-08-21,CF,-0.148254
2025-08-21,LH,-0.075143
2025-08-21,J,-0.020161
2025-08-21,RB,-0.04552
2025-08-21,TL,-0.373259
2025-08-22,AU,0.156386
2025-08-22,AG,0.070181
2025-08-22,IF,0.104621
2025-08-22,IH,0.124607
2025-08-22,SN,0.082855
2025-08-22,OI,0.098205
2025-08-22,IM,0.091801
2025-08-22,HC,0.0778
2025-08-22,FU,0.050166
2025-08-22,A,0.143377
2025-08-22,MA,-0.044206
2025-08-22,I,-0.053421
2025-08-22,UR,-0.047789
2025-08-22,V,-0.04182
2025-08-22,CF,-0.186523
2025-08-22,LH,-0.084367
2025-08-22,JD,-0.069658
2025-08-22,RB,-0.051481
2025-08-22,J,-0.023081
2025-08-22,TL,-0.397654
2025-08-25,AU,0.155726
2025-08-25,AG,0.068047
2025-08-25,IF,0.101475
2025-08-25,IH,0.119406
2025-08-25,SN,0.081718
2025-08-25,OI,0.102527
2025-08-25,IM,0.09349
2025-08-25,HC,0.080943
2025-08-25,FU,0.048504
2025-08-25,A,0.148164
2025-08-25,MA,-0.064898
2025-08-25,I,-0.065352
2025-08-25,SA,-0.03062
2025-08-25,V,-0.055584
2025-08-25,CF,-0.232499
2025-08-25,M,-0.169306
2025-08-25,RB,-0.063105
2025-08-25,LH,-0.127206
2025-08-25,J,-0.029782
2025-08-25,AL,-0.161646
2025-08-26,IF,0.101579
2025-08-26,IH,0.118914
2025-08-26,AU,0.1604
2025-08-26,AG,0.068188
2025-08-26,SN,0.080882
2025-08-26,OI,0.09911
2025-08-26,HC,0.081311
2025-08-26,IM,0.094175
2025-08-26,FU,0.049904
2025-08-26,A,0.145537
2025-08-26,I,-0.050901
2025-08-26,MA,-0.049702
2025-08-26,V,-0.044226
2025-08-26,SA,-0.025111
2025-08-26,CF,-0.168022
2025-08-26,J,-0.022689
2025-08-26,M,-0.111462
2025-08-26,RB,-0.0528
2025-08-26,LH,-0.089166
2025-08-26,TL,-0.38592
2025-08-27,IF,0.098004
2025-08-27,IH,0.111902
2025-08-27,AG,0.068089
2025-08-27,AU,0.162837
2025-08-27,SN,0.092005
2025-08-27,OI,0.103732
2025-08-27,IM,0.090348
2025-08-27,HC,0.081884
2025-08-27,A,0.142785
2025-08-27,FU,0.048413
2025-08-27,MA,-0.04927
2025-08-27,I,-0.051038
2025-08-27,SA,-0.025334
2025-08-27,V,-0.044105
2025-08-27,CF,-0.167537
2025-08-27,RB,-0.053329
2025-08-27,J,-0.022883
2025-08-27,M,-0.10876
2025-08-27,LH,-0.087743
2025-08-27,TL,-0.39
2025-08-28,IF,0.095883
2025-08-28,AG,0.068045
2025-08-28,AU,0.161161
2025-08-28,IH,0.109659
2025-08-28,SN,0.092519
2025-08-28,IM,0.092515
2025-08-28,OI,0.105529
2025-08-28,A,0.144261
2025-08-28,HC,0.081168
2025-08-28,FU,0.04926
2025-08-28,I,-0.010153
2025-08-28,MA,-0.009573
2025-08-28,SA,-0.004873
2025-08-28,LH,-0.017521
2025-08-28,RB,-0.010046
2025-08-28,J,-0.00438
2025-08-28,CF,-0.033138
2025-08-28,V,-0.0085
2025-08-28,M,-0.020154
2025-08-28,TS,-0.881663
2025-08-29,IF,0.088592
2025-08-29,AG,0.064644
2025-08-29,AU,0.155946
2025-08-29,IH,0.103312
2025-08-29,SN,0.098333
2025-08-29,OI,0.098619
2025-08-29,IM,0.084469
2025-08-29,A,0.140271
2025-08-29,HC,0.082344
2025-08-29,P,0.08347
2025-08-29,I,-0.010326
2025-08-29,MA,-0.009709
2025-08-29,SA,-0.004948
2025-08-29,J,-0.004462
2025-08-29,V,-0.008643
2025-08-29,RB,-0.01025
2025-08-29,LH,-0.017788
2025-08-29,M,-0.020371
2025-08-29,CF,-0.03262
2025-08-29,TS,-0.880882
2025-09-01,AG,0.065086
2025-09-01,AU,0.145067
2025-09-01,SN,0.102064
2025-09-01,IH,0.109344
2025-09-01,IF,0.09522
2025-09-01,IM,0.097357
2025-09-01,OI,0.108223
2025-09-01,A,0.139054
2025-09-01,HC,0.084755
2025-09-01,FU,0.053829
2025-09-01,I,-0.010021
2025-09-01,MA,-0.008444
2025-09-01,SA,-0.004872
2025-09-01,J,-0.004202
2025-09-01,Y,-0.022436
2025-09-01,LH,-0.017133
2025-09-01,V,-0.008473
2025-09-01,RB,-0.009721
2025-09-01,M,-0.021164
2025-09-01,TS,-0.893533
2025-09-02,AG,0.067247
2025-09-02,IH,0.112417
2025-09-02,AU,0.151003
2025-09-02,SN,0.109685
2025-09-02,IF,0.097578
2025-09-02,IM,0.095976
2025-09-02,OI,0.094153
2025-09-02,A,0.141851
2025-09-02,SC,0.047939
2025-09-02,P,0.08215
2025-09-02,I,-0.023493
2025-09-02,MA,-0.01964
2025-09-02,SA,-0.011389
2025-09-02,J,-0.009808
2025-09-02,Y,-0.051672
2025-09-02,LH,-0.039901
2025-09-02,V,-0.019844
2025-09-02,RB,-0.023394
2025-09-02,M,-0.05257
2025-09-02,TF,-0.748288
2025-09-03,AG,0.044842
2025-09-03,SN,0.083059
2025-09-03,IH,0.090714
2025-09-03,AU,0.0959
2025-09-03,IF,0.084888
2025-09-03,TL,0.323584
2025-09-03,OI,0.071787
2025-09-03,A,0.098307
2025-09-03,SC,0.033163
2025-09-03,HC,0.073756
2025-09-03,MA,-0.020149
2025-09-03,I,-0.023649
2025-09-03,SA,-0.011626
2025-09-03,Y,-0.050896
2025-09-03,J,-0.010278
2025-09-03,M,-0.052189
2025-09-03,LH,-0.039552
2025-09-03,V,-0.020405
2025-09-03,RB,-0.024066
2025-09-03,TF,-0.74719
2025-09-04,AU,0.099017
2025-09-04,AG,0.049692
2025-09-04,SN,0.096041
2025-09-04,IH,0.095818
2025-09-04,IF,0.092054
2025-09-04,TL,0.320479
2025-09-04,OI,0.076282
2025-09-04,FU,0.032002
2025-09-04,A,0.108518
2025-09-04,SC,0.030096
2025-09-04,I,-0.023762
2025-09-04,MA,-0.020107
2025-09-04,SA,-0.011661
2025-09-04,Y,-0.050883
2025-09-04,M,-0.051406
2025-09-04,J,-0.010304
2025-09-04,LH,-0.038979
2025-09-04,V,-0.020657
2025-09-04,RB,-0.024084
2025-09-04,TF,-0.748156
2025-09-05,AG,0.052093
2025-09-05,AU,0.090668
2025-09-05,SN,0.093504
2025-09-05,IH,0.08667
2025-09-05,IF,0.080519
2025-09-05,TL,0.354055
2025-09-05,FU,0.031103
2025-09-05,SC,0.029424
2025-09-05,A,0.104306
2025-09-05,HC,0.077657
2025-09-05,I,-0.010049
2025-09-05,MA,-0.007924
2025-09-05,Y,-0.019718
2025-09-05,SA,-0.004955
2025-09-05,M,-0.016994
2025-09-05,RM,-0.012958
2025-09-05,J,-0.004262
2025-09-05,V,-0.008605
2025-09-05,RB,-0.009762
2025-09-05,TS,-0.904772
2025-09-08,AU,0.090508
2025-09-08,AG,0.052126
2025-09-08,IH,0.08653
2025-09-08,SN,0.093152
2025-09-08,IF,0.080456
2025-09-08,TL,0.354851
2025-09-08,FU,0.031045
2025-09-08,SC,0.029513
2025-09-08,A,0.10414
2025-09-08,HC,0.07768
2025-09-08,I,-0.010062
2025-09-08,MA,-0.007924
2025-09-08,Y,-0.019609
2025-09-08,M,-0.017066
2025-09-08,SA,-0.004948
2025-09-08,RM,-0.012918
2025-09-08,J,-0.004239
2025-09-08,V,-0.008595
2025-09-08,RB,-0.009746
2025-09-08,TS,-0.904892
2025-09-09,AU,0.092339
2025-09-09,AG,0.052348
2025-09-09,SN,0.092855
2025-09-09,IH,0.086229
2025-09-09,IF,0.079691
2025-09-09,TL,0.352261
2025-09-09,SC,0.029317
2025-09-09,FU,0.031275
2025-09-09,A,0.106035
2025-09-09,HC,0.077649
2025-09-09,I,-0.010223
2025-09-09,MA,-0.007958
2025-09-09,Y,-0.01969
2025-09-09,RM,-0.013031
2025-09-09,M,-0.017129
2025-09-09,SA,-0.004956
2025-09-09,J,-0.004242
2025-09-09,V,-0.008598
2025-09-09,RB,-0.009783
2025-09-09,TS,-0.904389
2025-09-10,AU,0.100094
2025-09-10,AG,0.05555
2025-09-10,IH,0.093693
2025-09-10,SN,0.106973
2025-09-10,IF,0.086071
2025-09-10,SC,0.030127
2025-09-10,TL,0.324243
2025-09-10,FU,0.032563
2025-09-10,A,0.106206
2025-09-10,P,0.064482
2025-09-10,I,-0.010534
2025-09-10,MA,-0.008048
2025-09-10,Y,-0.019044
2025-09-10,M,-0.021238
2025-09-10,LH,-0.015473
2025-09-10,SA,-0.004729
2025-09-10,J,-0.003975
2025-09-10,JM,-0.002987
2025-09-10,V,-0.008525
2025-09-10,TS,-0.905446
2025-09-11,AG,0.055865
2025-09-11,AU,0.10591
2025-09-11,SN,0.10777
2025-09-11,IH,0.090672
2025-09-11,IF,0.079615
2025-09-11,SC,0.031205
2025-09-11,TL,0.324694
2025-09-11,FU,0.033585
2025-09-11,P,0.064701
2025-09-11,A,0.105983
2025-09-11,I,-0.011872
2025-09-11,MA,-0.009814
2025-09-11,LH,-0.017142
2025-09-11,M,-0.019326
2025-09-11,RM,-0.014664
2025-09-11,SA,-0.0055
2025-09-11,JM,-0.003355
2025-09-11,J,-0.004463
2025-09-11,V,-0.009417
2025-09-11,TS,-0.904446
2025-09-12,AU,0.110291
2025-09-12,AG,0.053465
2025-09-12,IH,0.087898
2025-09-12,SN,0.103481
2025-09-12,IF,0.077179
2025-09-12,SC,0.033978
2025-09-12,TL,0.319328
2025-09-12,FU,0.037676
2025-09-12,P,0.066196
2025-09-12,A,0.110509
2025-09-12,I,-0.011281
2025-09-12,MA,-0.009156
2025-09-12,Y,-0.02006
2025-09-12,M,-0.021665
2025-09-12,LH,-0.016186
2025-09-12,SA,-0.004859
2025-09-12,JM,-0.003105
2025-09-12,J,-0.004162
2025-09-12,V,-0.008852
2025-09-12,TS,-0.900674
2025-09-15,AU,0.10832
2025-09-15,AG,0.05368
2025-09-15,SN,0.103185
2025-09-15,IH,0.088083
2025-09-15,IF,0.076107
2025-09-15,SC,0.033873
2025-09-15,TL,0.317379
2025-09-15,FU,0.037601
2025-09-15,A,0.109944
2025-09-15,P,0.071828
2025-09-15,I,-0.027076
2025-09-15,MA,-0.024114
2025-09-15,Y,-0.053916
2025-09-15,LH,-0.040171
2025-09-15,M,-0.057181
2025-09-15,SA,-0.011991
2025-09-15,JM,-0.007687
2025-09-15,V,-0.021833
2025-09-15,J,-0.010251
2025-09-15,TF,-0.74578
2025-09-16,AU,0.108597
2025-09-16,AG,0.053531
2025-09-16,IH,0.088366
2025-09-16,SN,0.103929
2025-09-16,IF,0.076499
2025-09-16,TL,0.315671
2025-09-16,SC,0.034131
2025-09-16,FU,0.037691
2025-09-16,P,0.07162
2025-09-16,A,0.109965
2025-09-16,I,-0.026889
2025-09-16,Y,-0.053957
2025-09-16,MA,-0.024722
2025-09-16,M,-0.058897
2025-09-16,LH,-0.041671
2025-09-16,JM,-0.007607
2025-09-16,SA,-0.011879
2025-09-16,V,-0.021803
2025-09-16,J,-0.010191
2025-09-16,TF,-0.742384
2025-09-17,AU,0.10526
2025-09-17,AG,0.055011
2025-09-17,IH,0.086422
2025-09-17,IF,0.075529
2025-09-17,SN,0.104469
2025-09-17,TL,0.316772
2025-09-17,SC,0.036878
2025-09-17,FU,0.03874
2025-09-17,P,0.071387
2025-09-17,A,0.109531
2025-09-17,I,-0.099834
2025-09-17,Y,-0.194483
2025-09-17,MA,-0.091824
2025-09-17,M,-0.173938
2025-09-17,JM,-0.027337
2025-09-17,RM,-0.127714
2025-09-17,SA,-0.042328
2025-09-17,V,-0.080537
2025-09-17,J,-0.038074
2025-09-17,IC,-0.12393
2025-09-18,AU,0.100773
2025-09-18,AG,0.057772
2025-09-18,IH,0.083824
2025-09-18,SN,0.101976
2025-09-18,IF,0.074344
2025-09-18,SC,0.036697
2025-09-18,TL,0.316052
2025-09-18,FU,0.039576
2025-09-18,P,0.069813
2025-09-18,A,0.119173
2025-09-18,I,-0.091956
2025-09-18,Y,-0.185272
2025-09-18,MA,-0.084392
2025-09-18,M,-0.20376
2025-09-18,SA,-0.037825
2025-09-18,LH,-0.147288
2025-09-18,JM,-0.02447
2025-09-18,V,-0.072842
2025-09-18,J,-0.034218
2025-09-18,IC,-0.117977
2025-09-19,AU,0.101641
2025-09-19,AG,0.058921
2025-09-19,IH,0.083831
2025-09-19,SN,0.103113
2025-09-19,SC,0.036809
2025-09-19,IF,0.074598
2025-09-19,TL,0.3119
2025-09-19,FU,0.039736
2025-09-19,P,0.070123
2025-09-19,A,0.119327
2025-09-19,I,-0.02724
2025-09-19,Y,-0.053848
2025-09-19,M,-0.057212
2025-09-19,LH,-0.041112
2025-09-19,MA,-0.026471
2025-09-19,JM,-0.007687
2025-09-19,SA,-0.012271
2025-09-19,UR,-0.026043
2025-09-19,J,-0.010415
2025-09-19,TF,-0.7377
2025-09-22,AU,0.096701
2025-09-22,AG,0.056032
2025-09-22,IH,0.086608
2025-09-22,SN,0.100489
2025-09-22,SC,0.038846
2025-09-22,IF,0.076752
2025-09-22,TL,0.310867
2025-09-22,FU,0.041285
2025-09-22,P,0.071022
2025-09-22,A,0.121399
2025-09-22,I,-0.011576
2025-09-22,Y,-0.021469
2025-09-22,M,-0.018642
2025-09-22,JM,-0.0033
2025-09-22,MA,-0.011205
2025-09-22,RM,-0.013364
2025-09-22,UR,-0.01118
2025-09-22,SA,-0.005349
2025-09-22,J,-0.004477
2025-09-22,TS,-0.899438
2025-09-23,AU,0.110525
2025-09-23,AG,0.056383
2025-09-23,IH,0.079421
2025-09-23,SN,0.08937
2025-09-23,SC,0.050707
2025-09-23,IF,0.069922
2025-09-23,TL,0.297516
2025-09-23,FU,0.058187
2025-09-23,A,0.118382
2025-09-23,P,0.069586
2025-09-23,I,-0.028672
2025-09-23,M,-0.040308
2025-09-23,Y,-0.048965
2025-09-23,JM,-0.008838
2025-09-23,RM,-0.031929
2025-09-23,MA,-0.034877
2025-09-23,UR,-0.029066
2025-09-23,V,-0.024769
2025-09-23,J,-0.012099
2025-09-23,TF,-0.740477
2025-09-24,AU,0.109604
2025-09-24,AG,0.057306
2025-09-24,IH,0.079532
2025-09-24,SN,0.089434
2025-09-24,IF,0.068998
2025-09-24,SC,0.050656
2025-09-24,TL,0.303251
2025-09-24,FU,0.053954
2025-09-24,P,0.069384
2025-09-24,A,0.117882
2025-09-24,I,-0.026961
2025-09-24,M,-0.04503
2025-09-24,Y,-0.048857
2025-09-24,JM,-0.008511
2025-09-24,SA,-0.012115
2025-09-24,V,-0.024337
2025-09-24,CF,-0.070215
2025-09-24,UR,-0.028658
2025-09-24,J,-0.01173
2025-09-24,TF,-0.723587
2025-09-25,AU,0.111384
2025-09-25,AG,0.056721
2025-09-25,IH,0.080856
2025-09-25,CU,0.096961
2025-09-25,IF,0.069276
2025-09-25,SC,0.05136
2025-09-25,TL,0.293219
2025-09-25,FU,0.055065
2025-09-25,P,0.068139
2025-09-25,A,0.117018
2025-09-25,I,-0.028477
2025-09-25,Y,-0.046873
2025-09-25,JM,-0.008718
2025-09-25,M,-0.040044
2025-09-25,RM,-0.031576
2025-09-25,MA,-0.034996
2025-09-25,UR,-0.029395
2025-09-25,SA,-0.013155
2025-09-25,J,-0.011857
2025-09-25,TF,-0.754909
2025-09-26,AU,0.114611
2025-09-26,AG,0.055877
2025-09-26,IH,0.082458
2025-09-26,CU,0.095122
2025-09-26,SC,0.051636
2025-09-26,IF,0.07007
2025-09-26,TL,0.290619
2025-09-26,FU,0.054716
2025-09-26,P,0.067953
2025-09-26,A,0.116939
2025-09-26,I,-0.02682
2025-09-26,JM,-0.008301
2025-09-26,Y,-0.042245
2025-09-26,M,-0.042514
2025-09-26,SA,-0.011947
2025-09-26,MA,-0.032366
2025-09-26,V,-0.023057
2025-09-26,OI,-0.040963
2025-09-26,J,-0.011084
2025-09-26,TF,-0.760703
2025-09-29,AU,0.096947
2025-09-29,AG,0.045098
2025-09-29,CU,0.084157
2025-09-29,IH,0.068708
2025-09-29,IF,0.057179
2025-09-29,SC,0.049563
2025-09-29,TL,0.264574
2025-09-29,P,0.058046
2025-09-29,A,0.096675
2025-09-29,SR,0.179052
2025-09-29,I,-0.027031
2025-09-29,UR,-0.028592
2025-09-29,JM,-0.008458
2025-09-29,Y,-0.045424
2025-09-29,SA,-0.012856
2025-09-29,M,-0.038093
2025-09-29,MA,-0.034448
2025-09-29,RM,-0.03009
2025-09-29,J,-0.011217
2025-09-29,TF,-0.763791
2025-09-30,AU,0.0995
2025-09-30,AG,0.046335
2025-09-30,IH,0.068359
2025-09-30,SN,0.077871
2025-09-30,IF,0.057681
2025-09-30,SC,0.048827
2025-09-30,TL,0.274265
2025-09-30,P,0.059094
2025-09-30,SR,0.171523
2025-09-30,A,0.096545
2025-09-30,I,-0.026413
2025-09-30,UR,-0.027773
2025-09-30,JM,-0.008007
2025-09-30,Y,-0.047577
2025-09-30,SA,-0.012062
2025-09-30,M,-0.043862
2025-09-30,MA,-0.033284
2025-09-30,LH,-0.037787
2025-09-30,J,-0.010693
2025-09-30,TF,-0.752543
2025-10-09,AU,0.076744
2025-10-09,AG,0.052834
2025-10-09,SN,0.065036
2025-10-09,IH,0.073853
2025-10-09,IF,0.062972
2025-10-09,SC,0.064942
2025-10-09,TL,0.27042
2025-10-09,A,0.103619
2025-10-09,P,0.055264
2025-10-09,SR,0.174315
2025-10-09,I,-0.030386
2025-10-09,UR,-0.027477
2025-10-09,JM,-0.008409
2025-10-09,Y,-0.049892
2025-10-09,SA,-0.012757
2025-10-09,M,-0.043367
2025-10-09,V,-0.026003
2025-10-09,LH,-0.041546
2025-10-09,J,-0.011422
2025-10-09,TF,-0.74874
2025-10-10,AU,0.084863
2025-10-10,AG,0.060284
2025-10-10,IF,0.07001
2025-10-10,IH,0.084568
2025-10-10,TL,0.29755
2025-10-10,CU,0.0776
2025-10-10,SC,0.073656
2025-10-10,A,0.120509
2025-10-10,P,0.062379
2025-10-10,RU,0.068583
2025-10-10,UR,-0.029136
2025-10-10,I,-0.029213
2025-10-10,Y,-0.041514
2025-10-10,JM,-0.008425
2025-10-10,SA,-0.01274
2025-10-10,M,-0.04131
2025-10-10,OI,-0.038877
2025-10-10,J,-0.011563
2025-10-10,MA,-0.036258
2025-10-10,TF,-0.750963
2025-10-13,AU,0.084512
2025-10-13,AG,0.060318
2025-10-13,IH,0.083973
2025-10-13,IF,0.069388
2025-10-13,TL,0.293276
2025-10-13,SC,0.076795
2025-10-13,CU,0.077478
2025-10-13,A,0.123051
2025-10-13,P,0.062924
2025-10-13,RU,0.068285
2025-10-13,I,-0.03053
2025-10-13,UR,-0.030517
2025-10-13,Y,-0.043225
2025-10-13,SA,-0.01332
2025-10-13,JM,-0.008881
2025-10-13,M,-0.043036
2025-10-13,OI,-0.040164
2025-10-13,V,-0.027849
2025-10-13,J,-0.012161
2025-10-13,TF,-0.750316
2025-10-14,AU,0.075683
2025-10-14,AG,0.052932
2025-10-14,IH,0.071568
2025-10-14,SN,0.070121
2025-10-14,IF,0.058315
2025-10-14,SC,0.066404
2025-10-14,TL,0.276246
2025-10-14,A,0.108029
2025-10-14,RU,0.057384
2025-10-14,SR,0.163317
2025-10-14,UR,-0.030543
2025-10-14,I,-0.029226
2025-10-14,Y,-0.042804
2025-10-14,SA,-0.013304
2025-10-14,JM,-0.008892
2025-10-14,M,-0.042375
2025-10-14,OI,-0.039717
2025-10-14,V,-0.027712
2025-10-14,J,-0.012203
2025-10-14,TF,-0.753224
2025-10-15,AU,0.072873
2025-10-15,AG,0.050131
2025-10-15,IH,0.070314
2025-10-15,SN,0.070677
2025-10-15,IF,0.057501
2025-10-15,SC,0.068156
2025-10-15,TL,0.281603
2025-10-15,A,0.106626
2025-10-15,RU,0.057936
2025-10-15,SR,0.164184
2025-10-15,UR,-0.030638
2025-10-15,Y,-0.04292
2025-10-15,I,-0.02919
2025-10-15,SA,-0.013329
2025-10-15,JM,-0.00891
2025-10-15,OI,-0.039723
2025-10-15,J,-0.012216
2025-10-15,M,-0.04257
2025-10-15,V,-0.027766
2025-10-15,TF,-0.75274
2025-10-16,AU,0.083235
2025-10-16,AG,0.058228
2025-10-16,IH,0.081742
2025-10-16,SN,0.079845
2025-10-16,SC,0.078528
2025-10-16,IF,0.067989
2025-10-16,TL,0.299064
2025-10-16,A,0.11999
2025-10-16,P,0.064788
2025-10-16,RU,0.066591
2025-10-16,Y,-0.042964
2025-10-16,UR,-0.030723
2025-10-16,I,-0.030447
2025-10-16,SA,-0.013803
2025-10-16,JM,-0.008849
2025-10-16,OI,-0.037762
2025-10-16,J,-0.012175
2025-10-16,RM,-0.034243
2025-10-16,V,-0.027743
2025-10-16,TF,-0.76129
2025-10-17,AU,0.081591
2025-10-17,AG,0.05907
2025-10-17,IH,0.081911
2025-10-17,SN,0.081211
2025-10-17,SC,0.083106
2025-10-17,IF,0.067212
2025-10-17,TL,0.293631
2025-10-17,A,0.118159
2025-10-17,P,0.067021
2025-10-17,RU,0.067088
2025-10-17,Y,-0.043368
2025-10-17,SA,-0.013633
2025-10-17,UR,-0.030751
2025-10-17,I,-0.030321
2025-10-17,JM,-0.008829
2025-10-17,RM,-0.033448
2025-10-17,OI,-0.037912
2025-10-17,J,-0.012164
2025-10-17,V,-0.027691
2025-10-17,TF,-0.761883
2025-10-20,AU,0.122274
2025-10-20,AG,0.078615
2025-10-20,SN,0.110118
2025-10-20,IH,0.095893
2025-10-20,IF,0.075725
2025-10-20,SC,0.10731
2025-10-20,IM,0.07274
2025-10-20,A,0.165979
2025-10-20,P,0.088576
2025-10-20,RU,0.082769
2025-10-20,UR,-0.013453
2025-10-20,Y,-0.015242
2025-10-20,SA,-0.005613
2025-10-20,I,-0.013275
2025-10-20,JM,-0.003563
2025-10-20,OI,-0.013479
2025-10-20,RM,-0.011699
2025-10-20,J,-0.004858
2025-10-20,V,-0.011608
2025-10-20,TS,-0.907209
2025-10-21,AU,0.07476
2025-10-21,AG,0.057216
2025-10-21,IH,0.08231
2025-10-21,SN,0.082263
2025-10-21,IF,0.067287
2025-10-21,SC,0.083447
2025-10-21,TL,0.286677
2025-10-21,A,0.130841
2025-10-21,RU,0.06619
2025-10-21,P,0.06901
2025-10-21,SA,-0.00611
2025-10-21,Y,-0.014929
2025-10-21,UR,-0.013355
2025-10-21,V,-0.012577
2025-10-21,I,-0.013865
2025-10-21,J,-0.005166
2025-10-21,JM,-0.0036
2025-10-21,OI,-0.012937
2025-10-21,RM,-0.011927
2025-10-21,TS,-0.905535
2025-10-22,AU,0.113393
2025-10-22,IH,0.09381
2025-10-22,AG,0.07972
2025-10-22,SN,0.119978
2025-10-22,IF,0.074156
2025-10-22,SC,0.091989
2025-10-22,IM,0.072943
2025-10-22,A,0.184985
2025-10-22,RU,0.081865
2025-10-22,FU,0.087162
2025-10-22,SA,-0.006076
2025-10-22,UR,-0.013525
2025-10-22,Y,-0.014675
2025-10-22,J,-0.004983
2025-10-22,I,-0.013821
2025-10-22,V,-0.012715
2025-10-22,JM,-0.003368
2025-10-22,RM,-0.011515
2025-10-22,OI,-0.01274
2025-10-22,TS,-0.906582
2025-10-23,AU,0.114921
2025-10-23,IH,0.094341
2025-10-23,AG,0.079247
2025-10-23,SN,0.125972
2025-10-23,IF,0.075265
2025-10-23,SC,0.0896
2025-10-23,IM,0.075133
2025-10-23,A,0.177171
2025-10-23,FU,0.084955
2025-10-23,RU,0.083394
2025-10-23,SA,-0.00611
2025-10-23,UR,-0.013223
2025-10-23,Y,-0.014734
2025-10-23,J,-0.004843
2025-10-23,I,-0.013577
2025-10-23,JM,-0.003314
2025-10-23,V,-0.012696
2025-10-23,OI,-0.01272
2025-10-23,RM,-0.011117
2025-10-23,TS,-0.907666
2025-10-24,AU,0.115908
2025-10-24,IH,0.094202
2025-10-24,AG,0.080479
2025-10-24,IF,0.075017
2025-10-24,SC,0.089309
2025-10-24,SN,0.124594
2025-10-24,IM,0.074399
2025-10-24,FU,0.083291
2025-10-24,A,0.17889
2025-10-24,RU,0.08391
2025-10-24,SA,-0.006167
2025-10-24,UR,-0.013335
2025-10-24,Y,-0.01447
2025-10-24,I,-0.013076
2025-10-24,J,-0.004808
2025-10-24,RM,-0.010971
2025-10-24,V,-0.013438
2025-10-24,JM,-0.003356
2025-10-24,OI,-0.012468
2025-10-24,TS,-0.907911
2025-10-27,AU,0.110046
2025-10-27,IH,0.090128
2025-10-27,AG,0.080681
2025-10-27,IF,0.071785
2025-10-27,SN,0.126698
2025-10-27,SC,0.090139
2025-10-27,IM,0.070578
2025-10-27,FU,0.084081
2025-10-27,A,0.183954
2025-10-27,P,0.091909
2025-10-27,SA,-0.008766
2025-10-27,UR,-0.018641
2025-10-27,Y,-0.016245
2025-10-27,I,-0.014905
2025-10-27,J,-0.006457
2025-10-27,RM,-0.012616
2025-10-27,V,-0.019321
2025-10-27,OI,-0.014659
2025-10-27,JM,-0.004558
2025-10-27,TS,-0.883831
2025-10-28,AU,0.09578
2025-10-28,IH,0.092583
2025-10-28,AG,0.075418
2025-10-28,IF,0.073319
2025-10-28,SN,0.11709
2025-10-28,SC,0.10266
2025-10-28,IM,0.071844
2025-10-28,A,0.195866
2025-10-28,RU,0.08913
2025-10-28,P,0.086309
2025-10-28,UR,-0.020032
2025-10-28,Y,-0.017976
2025-10-28,SA,-0.009286
2025-10-28,RM,-0.013014
2025-10-28,J,-0.006966
2025-10-28,I,-0.015986
2025-10-28,OI,-0.015925
2025-10-28,V,-0.021091
2025-10-28,JM,-0.004895
2025-10-28,TS,-0.874829
2025-10-29,AU,0.100543
2025-10-29,IH,0.090855
2025-10-29,AG,0.075379
2025-10-29,IF,0.071839
2025-10-29,SN,0.121389
2025-10-29,SC,0.091646
2025-10-29,IM,0.070917
2025-10-29,A,0.199716
2025-10-29,FU,0.085902
2025-10-29,P,0.091814
2025-10-29,SA,-0.010172
2025-10-29,Y,-0.020903
2025-10-29,RM,-0.015682
2025-10-29,I,-0.017054
2025-10-29,UR,-0.022297
2025-10-29,J,-0.007759
2025-10-29,OI,-0.019731
2025-10-29,V,-0.022213
2025-10-29,JM,-0.005276
2025-10-29,TS,-0.858914
2025-10-30,AU,0.104509
2025-10-30,IH,0.095934
2025-10-30,AG,0.077891
2025-10-30,IF,0.075464
2025-10-30,CU,0.102015
2025-10-30,SC,0.089728
2025-10-30,IM,0.072086
2025-10-30,A,0.200768
2025-10-30,P,0.095293
2025-10-30,FU,0.086312
2025-10-30,SA,-0.011627
2025-10-30,Y,-0.021562
2025-10-30,RM,-0.016795
2025-10-30,I,-0.01796
2025-10-30,UR,-0.024069
2025-10-30,J,-0.008476
2025-10-30,V,-0.025789
2025-10-30,OI,-0.021077
2025-10-30,JM,-0.005761
2025-10-30,TS,-0.846882
2025-10-31,AU,0.104808
2025-10-31,IH,0.09601
2025-10-31,AG,0.079152
2025-10-31,CU,0.100276
2025-10-31,IF,0.075219
2025-10-31,SC,0.090074
2025-10-31,IM,0.072012
2025-10-31,A,0.201417
2025-10-31,P,0.0945
2025-10-31,FU,0.086532
2025-10-31,SA,-0.011605
2025-10-31,Y,-0.021432
2025-10-31,RM,-0.016937
2025-10-31,UR,-0.024269
2025-10-31,I,-0.017951
2025-10-31,J,-0.008534
2025-10-31,OI,-0.020705
2025-10-31,JM,-0.005928
2025-10-31,V,-0.025084
2025-10-31,TS,-0.847555
2025-11-03,AU,0.104442
2025-11-03,IH,0.09564
2025-11-03,AG,0.078933
2025-11-03,CU,0.100279
2025-11-03,IF,0.075015
2025-11-03,SC,0.0905
2025-11-03,IM,0.071541
2025-11-03,A,0.201524
2025-11-03,P,0.09493
2025-11-03,FU,0.087197
2025-11-03,SA,-0.011519
2025-11-03,Y,-0.02136
2025-11-03,I,-0.017998
2025-11-03,RM,-0.016864
2025-11-03,J,-0.008654
2025-11-03,UR,-0.025056
2025-11-03,V,-0.024739
2025-11-03,OI,-0.020886
2025-11-03,JM,-0.006091
2025-11-03,TS,-0.846834
2025-11-04,AU,0.096791
2025-11-04,IH,0.091616
2025-11-04,CU,0.084069
2025-11-04,AG,0.071164
2025-11-04,IF,0.068641
2025-11-04,SC,0.089057
2025-11-04,IM,0.064149
2025-11-04,A,0.188204
2025-11-04,HC,0.166692
2025-11-04,RU,0.079618
2025-11-04,SA,-0.011815
2025-11-04,Y,-0.026969
2025-11-04,I,-0.020195
2025-11-04,UR,-0.026257
2025-11-04,RM,-0.0204
2025-11-04,J,-0.008523
2025-11-04,JM,-0.006346
2025-11-04,V,-0.02602
2025-11-04,LH,-0.018651
2025-11-04,TS,-0.834824
2025-11-05,AU,0.104899
2025-11-05,IH,0.098515
2025-11-05,CU,0.097406
2025-11-05,AG,0.077257
2025-11-05,IF,0.075512
2025-11-05,SC,0.090652
2025-11-05,IM,0.070913
2025-11-05,A,0.196838
2025-11-05,P,0.100099
2025-11-05,FU,0.087909
2025-11-05,SA,-0.011632
2025-11-05,I,-0.019721
2025-11-05,Y,-0.026641
2025-11-05,UR,-0.025546
2025-11-05,RM,-0.019724
2025-11-05,JM,-0.006314
2025-11-05,J,-0.008329
2025-11-05,LH,-0.01754
2025-11-05,V,-0.02628
2025-11-05,TS,-0.838271
2025-11-06,AU,0.09392
2025-11-06,IH,0.091641
2025-11-06,CU,0.084002
2025-11-06,AG,0.069549
2025-11-06,IF,0.068861
2025-11-06,SC,0.094444
2025-11-06,IM,0.06364
2025-11-06,A,0.173989
2025-11-06,P,0.08401
2025-11-06,HC,0.175945
2025-11-06,SA,-0.011555
2025-11-06,I,-0.019822
2025-11-06,Y,-0.02641
2025-11-06,UR,-0.025266
2025-11-06,RM,-0.019715
2025-11-06,JM,-0.006308
2025-11-06,J,-0.008326
2025-11-06,V,-0.02656
2025-11-06,LH,-0.017645
2025-11-06,TS,-0.838394
2025-11-07,AU,0.093863
2025-11-07,IH,0.091745
2025-11-07,CU,0.083326
2025-11-07,AG,0.069592
2025-11-07,IF,0.068568
2025-11-07,SC,0.097042
2025-11-07,IM,0.063555
2025-11-07,A,0.174094
2025-11-07,P,0.082651
2025-11-07,HC,0.175564
2025-11-07,SA,-0.011785
2025-11-07,I,-0.019473
2025-11-07,Y,-0.026709
2025-11-07,UR,-0.025896
2025-11-07,RM,-0.019814
2025-11-07,JM,-0.00633
2025-11-07,J,-0.008373
2025-11-07,V,-0.026942
2025-11-07,LH,-0.017691
2025-11-07,TS,-0.836987
2025-11-10,AU,0.091837
2025-11-10,IH,0.091187
2025-11-10,CU,0.083224
2025-11-10,AG,0.068306
2025-11-10,IF,0.068668
2025-11-10,SC,0.096284
2025-11-10,IM,0.064376
2025-11-10,A,0.172803
2025-11-10,P,0.085058
2025-11-10,HC,0.178258
2025-11-10,SA,-0.012192
2025-11-10,I,-0.01833
2025-11-10,UR,-0.028443
2025-11-10,Y,-0.024465
2025-11-10,V,-0.028932
2025-11-10,RM,-0.017293
2025-11-10,JM,-0.00656
2025-11-10,J,-0.008784
2025-11-10,M,-0.020436
2025-11-10,TS,-0.834566
2025-11-11,AU,0.091437
2025-11-11,IH,0.091172
2025-11-11,AG,0.068113
2025-11-11,CU,0.082947
2025-11-11,IF,0.068463
2025-11-11,SC,0.096853
2025-11-11,IM,0.064243
2025-11-11,A,0.171198
2025-11-11,HC,0.179359
2025-11-11,P,0.086215
2025-11-11,SA,-0.014004
2025-11-11,I,-0.019472
2025-11-11,Y,-0.02603
2025-11-11,UR,-0.028287
2025-11-11,TA,-0.025602
2025-11-11,M,-0.021391
2025-11-11,JM,-0.006982
2025-11-11,J,-0.009188
2025-11-11,RM,-0.016722
2025-11-11,TS,-0.832322
2025-11-12,IH,0.089581
2025-11-12,AU,0.088512
2025-11-12,SN,0.097925
2025-11-12,AG,0.066749
2025-11-12,IF,0.068258
2025-11-12,SC,0.092797
2025-11-12,IM,0.064431
2025-11-12,A,0.179316
2025-11-12,HC,0.16719
2025-11-12,P,0.085242
2025-11-12,SA,-0.013988
2025-11-12,I,-0.018903
2025-11-12,UR,-0.027667
2025-11-12,Y,-0.025829
2025-11-12,TA,-0.025301
2025-11-12,J,-0.009161
2025-11-12,JM,-0.006952
2025-11-12,M,-0.021742
2025-11-12,RM,-0.016993
2025-11-12,TS,-0.833463
2025-11-13,AU,0.086541
2025-11-13,IH,0.085293
2025-11-13,SN,0.095582
2025-11-13,AG,0.063277
2025-11-13,IF,0.066162
2025-11-13,SC,0.096397
2025-11-13,IM,0.063288
2025-11-13,A,0.192261
2025-11-13,HC,0.165619
2025-11-13,P,0.08558
2025-11-13,SA,-0.012914
2025-11-13,I,-0.01999
2025-11-13,Y,-0.025702
2025-11-13,UR,-0.027593
2025-11-13,TA,-0.025558
2025-11-13,M,-0.021115
2025-11-13,RM,-0.017171
2025-11-13,J,-0.009174
2025-11-13,JM,-0.006992
2025-11-13,TS,-0.833789
2025-11-14,AU,0.096399
2025-11-14,IH,0.088848
2025-11-14,SN,0.109686
2025-11-14,AG,0.069487
2025-11-14,IF,0.070387
2025-11-14,SC,0.092305
2025-11-14,IM,0.069805
2025-11-14,A,0.221509
2025-11-14,P,0.095976
2025-11-14,FU,0.085598
2025-11-14,SA,-0.012016
2025-11-14,I,-0.01829
2025-11-14,Y,-0.023056
2025-11-14,UR,-0.028886
2025-11-14,TA,-0.024009
2025-11-14,M,-0.023585
2025-11-14,J,-0.009463
2025-11-14,OI,-0.026898
2025-11-14,RB,-0.024
2025-11-14,TS,-0.809796
2025-11-17,AU,0.092783
2025-11-17,IH,0.089215
2025-11-17,SN,0.111024
2025-11-17,AG,0.066451
2025-11-17,IF,0.071598
2025-11-17,SC,0.094324
2025-11-17,IM,0.072564
2025-11-17,A,0.214562
2025-11-17,P,0.102163
2025-11-17,FU,0.085316
2025-11-17,SA,-0.011735
2025-11-17,I,-0.017885
2025-11-17,UR,-0.026379
2025-11-17,MA,-0.022476
2025-11-17,Y,-0.022676
2025-11-17,OI,-0.027394
2025-11-17,J,-0.008638
2025-11-17,M,-0.022367
2025-11-17,JM,-0.006537
2025-11-17,TS,-0.833913
2025-11-18,AU,0.091783
2025-11-18,AG,0.062536
2025-11-18,IH,0.083599
2025-11-18,SN,0.097515
2025-11-18,IF,0.065251
2025-11-18,SC,0.082454
2025-11-18,IM,0.065079
2025-11-18,HC,0.178939
2025-11-18,A,0.196573
2025-11-18,FU,0.076272
2025-11-18,SA,-0.011557
2025-11-18,I,-0.017371
2025-11-18,MA,-0.023614
2025-11-18,V,-0.025745
2025-11-18,Y,-0.025455
2025-11-18,J,-0.00856
2025-11-18,RB,-0.023174
2025-11-18,OI,-0.030155
2025-11-18,JD,-0.0204
2025-11-18,TS,-0.813969
2025-11-19,AU,0.081703
2025-11-19,SN,0.090001
2025-11-19,AG,0.057312
2025-11-19,IH,0.085473
2025-11-19,IF,0.066607
2025-11-19,IM,0.066349
2025-11-19,SC,0.097212
2025-11-19,HC,0.176009
2025-11-19,A,0.191724
2025-11-19,P,0.08761
2025-11-19,SA,-0.011765
2025-11-19,I,-0.019126
2025-11-19,MA,-0.023139
2025-11-19,V,-0.025867
2025-11-19,Y,-0.027119
2025-11-19,J,-0.008439
2025-11-19,OI,-0.029915
2025-11-19,JM,-0.006624
2025-11-19,JD,-0.020264
2025-11-19,TS,-0.827741
2025-11-20,AU,0.090553
2025-11-20,AG,0.060566
2025-11-20,SN,0.096189
2025-11-20,IH,0.084708
2025-11-20,IF,0.066119
2025-11-20,IM,0.067336
2025-11-20,SC,0.079048
2025-11-20,HC,0.184382
2025-11-20,A,0.195489
2025-11-20,FU,0.075609
2025-11-20,SA,-0.011259
2025-11-20,I,-0.017444
2025-11-20,MA,-0.02245
2025-11-20,V,-0.02623
2025-11-20,Y,-0.02255
2025-11-20,J,-0.008443
2025-11-20,OI,-0.025954
2025-11-20,M,-0.022714
2025-11-20,JM,-0.006302
2025-11-20,TS,-0.836655
2025-11-21,AU,0.081221
2025-11-21,AG,0.054331
2025-11-21,SN,0.091364
2025-11-21,IH,0.087623
2025-11-21,IF,0.066826
2025-11-21,IM,0.064803
2025-11-21,SC,0.092009
2025-11-21,HC,0.184072
2025-11-21,A,0.192146
2025-11-21,P,0.085604
2025-11-21,SA,-0.027654
2025-11-21,I,-0.041429
2025-11-21,MA,-0.050658
2025-11-21,UR,-0.082639
2025-11-21,Y,-0.052764
2025-11-21,J,-0.020097
2025-11-21,M,-0.053088
2025-11-21,JM,-0.015198
2025-11-21,OI,-0.064309
2025-11-21,T,-0.592165
2025-11-24,AU,0.080897
2025-11-24,AG,0.054878
2025-11-24,SN,0.092206
2025-11-24,IH,0.090937
2025-11-24,IF,0.068428
2025-11-24,SC,0.091003
2025-11-24,IM,0.064047
2025-11-24,HC,0.185605
2025-11-24,A,0.186407
2025-11-24,P,0.085592
2025-11-24,SA,-0.011008
2025-11-24,I,-0.018407
2025-11-24,MA,-0.019368
2025-11-24,UR,-0.034371
2025-11-24,M,-0.022862
2025-11-24,JM,-0.006641
2025-11-24,Y,-0.023024
2025-11-24,J,-0.008711
2025-11-24,OI,-0.026802
2025-11-24,TS,-0.828805
2025-11-25,AU,0.056565
2025-11-25,AG,0.040194
2025-11-25,SN,0.066289
2025-11-25,IH,0.072301
2025-11-25,SC,0.053827
2025-11-25,IF,0.055211
2025-11-25,HC,0.134595
2025-11-25,TL,0.334056
2025-11-25,FU,0.05992
2025-11-25,A,0.127042
2025-11-25,SA,-0.011199
2025-11-25,I,-0.018506
2025-11-25,MA,-0.020197
2025-11-25,V,-0.025897
2025-11-25,M,-0.023593
2025-11-25,J,-0.008874
2025-11-25,OI,-0.026063
2025-11-25,JM,-0.006859
2025-11-25,Y,-0.022101
2025-11-25,TS,-0.836711
2025-11-26,AU,0.086361
2025-11-26,IH,0.091106
2025-11-26,AG,0.057034
2025-11-26,SN,0.091319
2025-11-26,IF,0.06672
2025-11-26,SC,0.077852
2025-11-26,IM,0.062429
2025-11-26,HC,0.188049
2025-11-26,FU,0.080444
2025-11-26,A,0.198685
2025-11-26,SA,-0.01138
2025-11-26,I,-0.019918
2025-11-26,V,-0.025963
2025-11-26,UR,-0.034433
2025-11-26,M,-0.025407
2025-11-26,J,-0.008945
2025-11-26,JM,-0.006843
2025-11-26,Y,-0.022963
2025-11-26,OI,-0.026749
2025-11-26,TS,-0.817399
2025-11-27,AU,0.092249
2025-11-27,IH,0.104343
2025-11-27,AG,0.06309
2025-11-27,SN,0.09443
2025-11-27,SC,0.088425
2025-11-27,IF,0.076392
2025-11-27,HC,0.21942
2025-11-27,IM,0.071137
2025-11-27,FU,0.093629
2025-11-27,P,0.096884
2025-11-27,I,-0.019395
2025-11-27,SA,-0.011232
2025-11-27,MA,-0.019197
2025-11-27,UR,-0.033294
2025-11-27,J,-0.009235
2025-11-27,M,-0.023311
2025-11-27,JM,-0.007108
2025-11-27,Y,-0.022375
2025-11-27,OI,-0.027504
2025-11-27,TS,-0.827349
2025-11-28,AU,0.058759
2025-11-28,IH,0.084108
2025-11-28,AG,0.042878
2025-11-28,SN,0.064954
2025-11-28,SC,0.061519
2025-11-28,IF,0.062424
2025-11-28,HC,0.148729
2025-11-28,TL,0.347941
2025-11-28,FU,0.066712
2025-11-28,P,0.061975
2025-11-28,I,-0.020791
2025-11-28,SA,-0.011704
2025-11-28,UR,-0.034897
2025-11-28,V,-0.026094
2025-11-28,J,-0.009249
2025-11-28,M,-0.024923
2025-11-28,Y,-0.022917
2025-11-28,JM,-0.007165
2025-11-28,OI,-0.027721
2025-11-28,TS,-0.814538
2025-12-01,AU,0.059193
2025-12-01,IH,0.083248
2025-12-01,AG,0.041643
2025-12-01,SN,0.064844
2025-12-01,IF,0.061826
2025-12-01,SC,0.061276
2025-12-01,TL,0.353848
2025-12-01,HC,0.144272
2025-12-01,FU,0.067524
2025-12-01,P,0.062325
2025-12-01,I,-0.022815
2025-12-01,SA,-0.012403
2025-12-01,V,-0.026773
2025-12-01,UR,-0.036166
2025-12-01,J,-0.009546
2025-12-01,M,-0.025818
2025-12-01,JM,-0.007406
2025-12-01,Y,-0.023361
2025-12-01,OI,-0.028422
2025-12-01,TS,-0.807288
2025-12-02,AU,0.060599
2025-12-02,AG,0.042815
2025-12-02,IH,0.081009
2025-12-02,IF,0.059815
2025-12-02,SN,0.063796
2025-12-02,SC,0.060018
2025-12-02,TL,0.365015
2025-12-02,HC,0.13485
2025-12-02,RU,0.066188
2025-12-02,FU,0.065895
2025-12-02,I,-0.021201
2025-12-02,SA,-0.01205
2025-12-02,UR,-0.032439
2025-12-02,MA,-0.01849
2025-12-02,J,-0.009565
2025-12-02,Y,-0.026465
2025-12-02,M,-0.025193
2025-12-02,JM,-0.007485
2025-12-02,SR,-0.047304
2025-12-02,TS,-0.799808
2025-12-03,AU,0.056798
2025-12-03,IH,0.084597
2025-12-03,AG,0.041098
2025-12-03,SN,0.062625
2025-12-03,IF,0.062067
2025-12-03,SC,0.074611
2025-12-03,TL,0.35455
2025-12-03,HC,0.136796
2025-12-03,RU,0.065276
2025-12-03,P,0.061582
2025-12-03,I,-0.022585
2025-12-03,UR,-0.036316
2025-12-03,SA,-0.012165
2025-12-03,V,-0.0262
2025-12-03,M,-0.025546
2025-12-03,J,-0.009456
2025-12-03,Y,-0.023149
2025-12-03,JM,-0.007307
2025-12-03,OI,-0.028286
2025-12-03,TS,-0.80899
2025-12-04,AU,0.058075
2025-12-04,IH,0.08895
2025-12-04,AG,0.041562
2025-12-04,SN,0.065144
2025-12-04,IF,0.064496
2025-12-04,SC,0.079161
2025-12-04,HC,0.13783
2025-12-04,TL,0.338235
2025-12-04,RU,0.064679
2025-12-04,P,0.061868
2025-12-04,I,-0.023225
2025-12-04,SA,-0.012532
2025-12-04,UR,-0.037168
2025-12-04,V,-0.026428
2025-12-04,M,-0.026244
2025-12-04,J,-0.009866
2025-12-04,Y,-0.023734
2025-12-04,JM,-0.007624
2025-12-04,OI,-0.028474
2025-12-04,TS,-0.804704
2025-12-05,AU,0.058209
2025-12-05,IH,0.089842
2025-12-05,AG,0.041157
2025-12-05,TL,0.328276
2025-12-05,IF,0.066352
2025-12-05,SN,0.064818
2025-12-05,SC,0.078879
2025-12-05,HC,0.142894
2025-12-05,RU,0.067149
2025-12-05,P,0.062423
2025-12-05,I,-0.022039
2025-12-05,UR,-0.035793
2025-12-05,SA,-0.012577
2025-12-05,V,-0.025533
2025-12-05,M,-0.026257
2025-12-05,J,-0.009845
2025-12-05,Y,-0.024728
2025-12-05,OI,-0.029013
2025-12-05,JM,-0.00793
2025-12-05,TS,-0.806285
2025-12-08,AU,0.058251
2025-12-08,IH,0.089972
2025-12-08,AG,0.041166
2025-12-08,TL,0.328079
2025-12-08,IF,0.066461
2025-12-08,SN,0.06496
2025-12-08,SC,0.079437
2025-12-08,HC,0.142092
2025-12-08,RU,0.06722
2025-12-08,P,0.062363
2025-12-08,I,-0.021589
2025-12-08,UR,-0.03316
2025-12-08,SA,-0.012958
2025-12-08,V,-0.026787
2025-12-08,J,-0.009533
2025-12-08,Y,-0.025014
2025-12-08,M,-0.024832
2025-12-08,JM,-0.007619
2025-12-08,OI,-0.027693
2025-12-08,TS,-0.810816
2025-12-09,AU,0.059832
2025-12-09,IH,0.08546
2025-12-09,AG,0.042691
2025-12-09,TL,0.359869
2025-12-09,IF,0.06429
2025-12-09,SC,0.062124
2025-12-09,SN,0.063189
2025-12-09,HC,0.131079
2025-12-09,RU,0.069457
2025-12-09,FU,0.06201
2025-12-09,I,-0.020943
2025-12-09,UR,-0.033517
2025-12-09,SA,-0.012842
2025-12-09,V,-0.025783
2025-12-09,M,-0.024314
2025-12-09,Y,-0.024523
2025-12-09,J,-0.009368
2025-12-09,OI,-0.026552
2025-12-09,JM,-0.007547
2025-12-09,TS,-0.81461
2025-12-10,AU,0.05632
2025-12-10,IH,0.089444
2025-12-10,AG,0.038212
2025-12-10,TL,0.353605
2025-12-10,IF,0.067152
2025-12-10,SN,0.057587
2025-12-10,SC,0.075993
2025-12-10,HC,0.129479
2025-12-10,RU,0.06659
2025-12-10,P,0.065618
2025-12-10,UR,-0.033877
2025-12-10,I,-0.020375
2025-12-10,SA,-0.012598
2025-12-10,V,-0.025191
2025-12-10,M,-0.024019
2025-12-10,Y,-0.025401
2025-12-10,J,-0.009174
2025-12-10,JM,-0.007477
2025-12-10,OI,-0.026449
2025-12-10,TS,-0.815437
2025-12-11,AU,0.055452
2025-12-11,IH,0.092037
2025-12-11,AG,0.037735
2025-12-11,TL,0.354511
2025-12-11,IF,0.069909
2025-12-11,SN,0.05685
2025-12-11,SC,0.075849
2025-12-11,HC,0.125542
2025-12-11,RU,0.065538
2025-12-11,P,0.066576
2025-12-11,UR,-0.031988
2025-12-11,I,-0.018035
2025-12-11,SA,-0.011994
2025-12-11,V,-0.024265
2025-12-11,M,-0.023109
2025-12-11,Y,-0.024716
2025-12-11,J,-0.008783
2025-12-11,JM,-0.007163
2025-12-11,OI,-0.026168
2025-12-11,TS,-0.823779
2025-12-12,AU,0.055083
2025-12-12,IH,0.091454
2025-12-12,AG,0.037495
2025-12-12,TL,0.357284
2025-12-12,IF,0.069454
2025-12-12,SN,0.055159
2025-12-12,HC,0.126058
2025-12-12,SC,0.076075
2025-12-12,RU,0.065237
2025-12-12,P,0.066701
2025-12-12,UR,-0.03045
2025-12-12,I,-0.018245
2025-12-12,V,-0.022922
2025-12-12,SA,-0.011726
2025-12-12,M,-0.024783
2025-12-12,Y,-0.027779
2025-12-12,J,-0.008865
2025-12-12,SR,-0.046
2025-12-12,JM,-0.007174
2025-12-12,TS,-0.802055
2025-12-15,AU,0.056996
2025-12-15,IH,0.0919
2025-12-15,AG,0.037433
2025-12-15,TL,0.343962
2025-12-15,IF,0.069407
2025-12-15,SN,0.053863
2025-12-15,HC,0.129084
2025-12-15,SC,0.080935
2025-12-15,RU,0.067384
2025-12-15,P,0.069034
2025-12-15,UR,-0.031832
2025-12-15,V,-0.022049
2025-12-15,I,-0.018246
2025-12-15,M,-0.023956
2025-12-15,SA,-0.011514
2025-12-15,Y,-0.029026
2025-12-15,J,-0.00921
2025-12-15,SR,-0.04671
2025-12-15,JM,-0.007183
2025-12-15,TS,-0.800274
2025-12-16,AU,0.05675
2025-12-16,IH,0.088887
2025-12-16,AG,0.037219
2025-12-16,TL,0.344228
2025-12-16,SN,0.05137
2025-12-16,SC,0.080561
2025-12-16,IF,0.068105
2025-12-16,HC,0.135796
2025-12-16,RU,0.067942
2025-12-16,P,0.069141
2025-12-16,UR,-0.030794
2025-12-16,I,-0.017859
2025-12-16,V,-0.021525
2025-12-16,M,-0.02275
2025-12-16,Y,-0.028582
2025-12-16,SA,-0.011705
2025-12-16,J,-0.009225
2025-12-16,SR,-0.044174
2025-12-16,JM,-0.007355
2025-12-16,TS,-0.806031
2025-12-17,AU,0.059296
2025-12-17,IH,0.088391
2025-12-17,AG,0.035874
2025-12-17,TL,0.329346
2025-12-17,SN,0.051078
2025-12-17,SC,0.08578
2025-12-17,IF,0.06737
2025-12-17,HC,0.141194
2025-12-17,P,0.074023
2025-12-17,RU,0.067649
2025-12-17,UR,-0.029272
2025-12-17,I,-0.016848
2025-12-17,M,-0.018864
2025-12-17,V,-0.020176
2025-12-17,SA,-0.011897
2025-12-17,Y,-0.027329
2025-12-17,J,-0.008591
2025-12-17,RM,-0.015526
2025-12-17,JM,-0.006939
2025-12-17,TS,-0.844558
2025-12-18,AU,0.059851
2025-12-18,IH,0.091087
2025-12-18,AG,0.035532
2025-12-18,TL,0.324689
2025-12-18,SN,0.050135
2025-12-18,IF,0.068206
2025-12-18,SC,0.085523
2025-12-18,HC,0.141726
2025-12-18,P,0.073315
2025-12-18,RU,0.069936
2025-12-18,UR,-0.076413
2025-12-18,I,-0.038563
2025-12-18,M,-0.047621
2025-12-18,Y,-0.056323
2025-12-18,V,-0.05103
2025-12-18,SA,-0.027879
2025-12-18,J,-0.019527
2025-12-18,OI,-0.063977
2025-12-18,JM,-0.016059
2025-12-18,T,-0.602608
2025-12-19,AU,0.059602
2025-12-19,AG,0.035351
2025-12-19,IH,0.090607
2025-12-19,SN,0.049772
2025-12-19,TL,0.328003
2025-12-19,SC,0.085642
2025-12-19,IF,0.067773
2025-12-19,HC,0.14055
2025-12-19,P,0.07289
2025-12-19,RU,0.069809
2025-12-19,UR,-0.160606
2025-12-19,I,-0.093997
2025-12-19,M,-0.112938
2025-12-19,SA,-0.059462
2025-12-19,V,-0.114337
2025-12-19,Y,-0.127296
2025-12-19,J,-0.040901
2025-12-19,OI,-0.133284
2025-12-19,JM,-0.033522
2025-12-19,NI,-0.123656
2025-12-22,AU,0.058418
2025-12-22,IH,0.090112
2025-12-22,AG,0.034002
2025-12-22,SN,0.050965
2025-12-22,TL,0.34102
2025-12-22,SC,0.079161
2025-12-22,IF,0.066852
2025-12-22,HC,0.139102
2025-12-22,P,0.070424
2025-12-22,RU,0.069945
2025-12-22,UR,-0.161598
2025-12-22,M,-0.115319
2025-12-22,SA,-0.061026
2025-12-22,I,-0.09605
2025-12-22,Y,-0.128204
2025-12-22,V,-0.120402
2025-12-22,J,-0.041577
2025-12-22,OI,-0.130726
2025-12-22,JM,-0.034043
2025-12-22,NI,-0.111055
2025-12-23,AU,0.055011
2025-12-23,AG,0.033491
2025-12-23,IH,0.087311
2025-12-23,SN,0.051092
2025-12-23,TL,0.338034
2025-12-23,HC,0.145263
2025-12-23,SC,0.080394
2025-12-23,IF,0.065195
2025-12-23,P,0.076183
2025-12-23,RU,0.068025
2025-12-23,UR,-0.065044
2025-12-23,M,-0.060945
2025-12-23,SA,-0.026371
2025-12-23,I,-0.03757
2025-12-23,Y,-0.071608
2025-12-23,V,-0.040797
2025-12-23,J,-0.017906
2025-12-23,OI,-0.056513
2025-12-23,JM,-0.014098
2025-12-23,T,-0.609148
2025-12-24,AU,0.051896
2025-12-24,SN,0.050697
2025-12-24,AG,0.028977
2025-12-24,IH,0.08545
2025-12-24,TL,0.292556
2025-12-24,SC,0.074949
2025-12-24,HC,0.144635
2025-12-24,IF,0.063511
2025-12-24,P,0.072539
2025-12-24,A,0.13479
2025-12-24,UR,-0.065018
2025-12-24,M,-0.062519
2025-12-24,SA,-0.027202
2025-12-24,I,-0.037716
2025-12-24,Y,-0.073342
2025-12-24,V,-0.040379
2025-12-24,J,-0.018022
2025-12-24,OI,-0.053742
2025-12-24,JM,-0.014117
2025-12-24,T,-0.607942
2025-12-25,AU,0.050919
2025-12-25,SN,0.049847
2025-12-25,AG,0.028435
2025-12-25,IH,0.085807
2025-12-25,TL,0.290115
2025-12-25,SC,0.076588
2025-12-25,HC,0.143556
2025-12-25,IF,0.063957
2025-12-25,P,0.074244
2025-12-25,A,0.136533
2025-12-25,UR,-0.064395
2025-12-25,SA,-0.027199
2025-12-25,M,-0.064564
2025-12-25,I,-0.037484
2025-12-25,Y,-0.075679
2025-12-25,V,-0.04105
2025-12-25,J,-0.01846
2025-12-25,OI,-0.059216
2025-12-25,JM,-0.014071
2025-12-25,T,-0.597883
2025-12-26,AU,0.055765
2025-12-26,IH,0.089004
2025-12-26,SN,0.051868
2025-12-26,AG,0.029815
2025-12-26,TL,0.325593
2025-12-26,SC,0.083565
2025-12-26,IF,0.067089
2025-12-26,HC,0.152142
2025-12-26,P,0.079296
2025-12-26,RU,0.065862
2025-12-26,UR,-0.067024
2025-12-26,SA,-0.027586
2025-12-26,M,-0.065941
2025-12-26,Y,-0.078666
2025-12-26,I,-0.040155
2025-12-26,V,-0.04006
2025-12-26,J,-0.020269
2025-12-26,OI,-0.057764
2025-12-26,JM,-0.014797
2025-12-26,T,-0.58774
2025-12-29,AU,0.052247
2025-12-29,SN,0.050089
2025-12-29,AG,0.028038
2025-12-29,IH,0.087693
2025-12-29,TL,0.265516
2025-12-29,SC,0.075815
2025-12-29,IF,0.065958
2025-12-29,HC,0.153705
2025-12-29,P,0.075511
2025-12-29,A,0.145427
2025-12-29,SA,-0.029804
2025-12-29,UR,-0.069777
2025-12-29,M,-0.060736
2025-12-29,Y,-0.101111
2025-12-29,I,-0.047516
2025-12-29,V,-0.039684
2025-12-29,J,-0.020867
2025-12-29,RM,-0.041613
2025-12-29,JM,-0.015372
2025-12-29,T,-0.57352
2025-12-30,AU,0.052175
2025-12-30,SN,0.049759
2025-12-30,IH,0.086883
2025-12-30,AG,0.028239
2025-12-30,SC,0.077871
2025-12-30,TL,0.263819
2025-12-30,IF,0.065424
2025-12-30,HC,0.158136
2025-12-30,P,0.074424
2025-12-30,A,0.143271
2025-12-30,UR,-0.068989
2025-12-30,SA,-0.028632
2025-12-30,Y,-0.097698
2025-12-30,M,-0.061327
2025-12-30,I,-0.049442
2025-12-30,J,-0.020596
2025-12-30,RM,-0.041289
2025-12-30,V,-0.039685
2025-12-30,JM,-0.015194
2025-12-30,T,-0.577146
2025-12-31,AU,0.052584
2025-12-31,IH,0.079537
2025-12-31,SN,0.043832
2025-12-31,ZN,0.096382
2025-12-31,SC,0.06907
2025-12-31,TL,0.253097
2025-12-31,IF,0.0607
2025-12-31,P,0.06659
2025-12-31,A,0.138011
2025-12-31,HC,0.140197
2025-12-31,UR,-0.070259
2025-12-31,SA,-0.028933
2025-12-31,Y,-0.09845
2025-12-31,I,-0.050092
2025-12-31,M,-0.060374
2025-12-31,J,-0.02058
2025-12-31,RM,-0.040702
2025-12-31,V,-0.040229
2025-12-31,JM,-0.015389
2025-12-31,T,-0.574993
2026-01-05,AU,0.052315
2026-01-05,IH,0.07544
2026-01-05,SN,0.04257
2026-01-05,ZN,0.090953
2026-01-05,TL,0.255254
2026-01-05,SC,0.071916
2026-01-05,IF,0.059219
2026-01-05,A,0.138679
2026-01-05,P,0.068865
2026-01-05,HC,0.144788
2026-01-05,UR,-0.07088
2026-01-05,SA,-0.028414
2026-01-05,RM,-0.040699
2026-01-05,I,-0.050451
2026-01-05,M,-0.060539
2026-01-05,J,-0.020361
2026-01-05,Y,-0.098464
2026-01-05,V,-0.040061
2026-01-05,JM,-0.015266
2026-01-05,T,-0.574865
2026-01-06,AU,0.053014
2026-01-06,IH,0.07895
2026-01-06,SN,0.044579
2026-01-06,AG,0.024533
2026-01-06,SC,0.077046
2026-01-06,TL,0.276259
2026-01-06,IF,0.063402
2026-01-06,P,0.077609
2026-01-06,A,0.143968
2026-01-06,HC,0.160641
2026-01-06,UR,-0.06951
2026-01-06,SA,-0.027874
2026-01-06,M,-0.058576
2026-01-06,RM,-0.039401
2026-01-06,J,-0.020283
2026-01-06,I,-0.049463
2026-01-06,Y,-0.093532
2026-01-06,V,-0.035617
2026-01-06,JM,-0.015051
2026-01-06,T,-0.590691
2026-01-07,AU,0.056497
2026-01-07,IH,0.076722
2026-01-07,SN,0.043797
2026-01-07,SC,0.083264
2026-01-07,ZN,0.094333
2026-01-07,TL,0.302872
2026-01-07,IF,0.063157
2026-01-07,A,0.139396
2026-01-07,P,0.074744
2026-01-07,RU,0.065216
2026-01-07,UR,-0.068469
2026-01-07,M,-0.054769
2026-01-07,Y,-0.089964
2026-01-07,J,-0.017068
2026-01-07,SA,-0.021468
2026-01-07,RM,-0.038393
2026-01-07,I,-0.040779
2026-01-07,JM,-0.013892
2026-01-07,V,-0.035557
2026-01-07,T,-0.619641
2026-01-08,AU,0.06105
2026-01-08,IH,0.071013
2026-01-08,SN,0.043479
2026-01-08,SC,0.068461
2026-01-08,ZN,0.097059
2026-01-08,TL,0.308918
2026-01-08,IF,0.058983
2026-01-08,A,0.136514
2026-01-08,P,0.088646
2026-01-08,RU,0.065877
2026-01-08,M,-0.051429
2026-01-08,UR,-0.061295
2026-01-08,Y,-0.097051
2026-01-08,I,-0.038056
2026-01-08,SA,-0.019837
2026-01-08,J,-0.016654
2026-01-08,RM,-0.035193
2026-01-08,JM,-0.014112
2026-01-08,V,-0.032575
2026-01-08,T,-0.633797
2026-01-09,AU,0.060507
2026-01-09,IH,0.073095
2026-01-09,SN,0.041304
2026-01-09,SC,0.064526
2026-01-09,ZN,0.09423
2026-01-09,TL,0.315305
2026-01-09,IF,0.060675
2026-01-09,P,0.087969
2026-01-09,A,0.137675
2026-01-09,RU,0.064714
2026-01-09,UR,-0.050043
2026-01-09,M,-0.041908
2026-01-09,Y,-0.078887
2026-01-09,I,-0.029868
2026-01-09,J,-0.01296
2026-01-09,SA,-0.015832
2026-01-09,RM,-0.029466
2026-01-09,JM,-0.011148
2026-01-09,V,-0.026529
2026-01-09,TF,-0.703359
2026-01-12,AU,0.058724
2026-01-12,IH,0.075673
2026-01-12,SN,0.037026
2026-01-12,ZN,0.094981
2026-01-12,SC,0.064621
2026-01-12,TL,0.308469
2026-01-12,P,0.088346
2026-01-12,IF,0.06165
2026-01-12,A,0.142871
2026-01-12,RU,0.067638
2026-01-12,M,-0.042294
2026-01-12,Y,-0.079298
2026-01-12,I,-0.029923
2026-01-12,UR,-0.050712
2026-01-12,J,-0.012964
2026-01-12,SA,-0.01592
2026-01-12,RM,-0.029931
2026-01-12,JM,-0.010933
2026-01-12,V,-0.026386
2026-01-12,TF,-0.70164
2026-01-13,AU,0.054794
2026-01-13,IH,0.073417
2026-01-13,SN,0.037022
2026-01-13,IF,0.061945
2026-01-13,ZN,0.090587
2026-01-13,TL,0.313227
2026-01-13,SC,0.063634
2026-01-13,P,0.091365
2026-01-13,RU,0.071052
2026-01-13,CF,0.142956
2026-01-13,SA,-0.015405
2026-01-13,Y,-0.065497
2026-01-13,M,-0.046825
2026-01-13,I,-0.031786
2026-01-13,UR,-0.05089
2026-01-13,J,-0.013235
2026-01-13,OI,-0.053398
2026-01-13,JM,-0.010946
2026-01-13,V,-0.026755
2026-01-13,TF,-0.685263
2026-01-14,AU,0.056374
2026-01-14,IH,0.079425
2026-01-14,SN,0.034579
2026-01-14,CU,0.049527
2026-01-14,TL,0.300146
2026-01-14,IF,0.065169
2026-01-14,SC,0.062438
2026-01-14,P,0.089099
2026-01-14,CF,0.126796
2026-01-14,A,0.136446
2026-01-14,I,-0.016461
2026-01-14,Y,-0.033916
2026-01-14,SA,-0.00781
2026-01-14,M,-0.02438
2026-01-14,UR,-0.024969
2026-01-14,OI,-0.027433
2026-01-14,J,-0.006887
2026-01-14,JM,-0.005643
2026-01-14,V,-0.014297
2026-01-14,TS,-0.838205
2026-01-15,AU,0.056383
2026-01-15,IH,0.080218
2026-01-15,IF,0.065659
2026-01-15,SN,0.035332
2026-01-15,CU,0.048239
2026-01-15,TL,0.30389
2026-01-15,SC,0.062621
2026-01-15,P,0.086075
2026-01-15,CF,0.123506
2026-01-15,A,0.138077
2026-01-15,I,-0.015829
2026-01-15,Y,-0.032607
2026-01-15,M,-0.023844
2026-01-15,SA,-0.007522
2026-01-15,UR,-0.024017
2026-01-15,J,-0.006878
2026-01-15,OI,-0.026276
2026-01-15,JM,-0.005583
2026-01-15,V,-0.014127
2026-01-15,TS,-0.843317
2026-01-16,AU,0.060757
2026-01-16,IH,0.084895
2026-01-16,IF,0.069048
2026-01-16,SN,0.033155
2026-01-16,CU,0.049384
2026-01-16,TL,0.320372
2026-01-16,SC,0.065586
2026-01-16,P,0.095706
2026-01-16,A,0.152814
2026-01-16,RU,0.068283
2026-01-16,I,-0.016167
2026-01-16,Y,-0.032344
2026-01-16,SA,-0.007751
2026-01-16,J,-0.006961
2026-01-16,M,-0.025243
2026-01-16,UR,-0.024654
2026-01-16,OI,-0.02549
2026-01-16,JM,-0.005667
2026-01-16,V,-0.014435
2026-01-16,TS,-0.841287
2026-01-19,AU,0.05796
2026-01-19,IH,0.080406
2026-01-19,IF,0.067339
2026-01-19,SN,0.030965
2026-01-19,CU,0.047211
2026-01-19,TL,0.306593
2026-01-19,P,0.090058
2026-01-19,SC,0.060624
2026-01-19,A,0.138869
2026-01-19,CF,0.119976
2026-01-19,I,-0.015259
2026-01-19,UR,-0.023734
2026-01-19,M,-0.026008
2026-01-19,SA,-0.007911
2026-01-19,Y,-0.033111
2026-01-19,J,-0.007165
2026-01-19,OI,-0.024665
2026-01-19,JM,-0.005851
2026-01-19,V,-0.014671
2026-01-19,TS,-0.841625
2026-01-20,AU,0.059723
2026-01-20,IF,0.06842
2026-01-20,IH,0.079358
2026-01-20,SN,0.028393
2026-01-20,ZN,0.084127
2026-01-20,TL,0.317899
2026-01-20,CF,0.135931
2026-01-20,P,0.090481
2026-01-20,SC,0.062098
2026-01-20,RU,0.073571
2026-01-20,I,-0.015386
2026-01-20,UR,-0.023864
2026-01-20,J,-0.007257
2026-01-20,M,-0.026181
2026-01-20,SA,-0.007987
2026-01-20,Y,-0.033241
2026-01-20,OI,-0.024834
2026-01-20,JM,-0.005932
2026-01-20,V,-0.014766
2026-01-20,TS,-0.840552
2026-01-21,AU,0.061115
2026-01-21,IH,0.080728
2026-01-21,IF,0.069482
2026-01-21,SN,0.026684
2026-01-21,ZN,0.083442
2026-01-21,TL,0.280618
2026-01-21,P,0.08561
2026-01-21,CF,0.120775
2026-01-21,SC,0.057346
2026-01-21,A,0.134201
2026-01-21,I,-0.030032
2026-01-21,UR,-0.046976
2026-01-21,M,-0.050505
2026-01-21,J,-0.014504
2026-01-21,SA,-0.015882
2026-01-21,Y,-0.064137
2026-01-21,OI,-0.049153
2026-01-21,JM,-0.011886
2026-01-21,V,-0.028103
2026-01-21,TF,-0.688822
2026-01-22,AU,0.077492
2026-01-22,IH,0.099365
2026-01-22,IF,0.083041
2026-01-22,SN,0.035984
2026-01-22,ZN,0.103799
2026-01-22,IM,0.06718
2026-01-22,SC,0.078274
2026-01-22,P,0.114692
2026-01-22,CF,0.154731
2026-01-22,A,0.185441
2026-01-22,I,-0.014818
2026-01-22,UR,-0.023972
2026-01-22,M,-0.025959
2026-01-22,Y,-0.030004
2026-01-22,OI,-0.022647
2026-01-22,J,-0.007526
2026-01-22,SA,-0.007842
2026-01-22,JM,-0.006231
2026-01-22,MA,-0.014037
2026-01-22,TS,-0.846964
2026-01-23,AU,0.077569
2026-01-23,IH,0.109488
2026-01-23,IF,0.090874
2026-01-23,SN,0.038059
2026-01-23,ZN,0.112048
2026-01-23,IM,0.07108
2026-01-23,P,0.129939
2026-01-23,SC,0.087974
2026-01-23,CF,0.18943
2026-01-23,RU,0.09354
2026-01-23,I,-0.015284
2026-01-23,UR,-0.024881
2026-01-23,M,-0.026805
2026-01-23,Y,-0.032083
2026-01-23,SA,-0.007875
2026-01-23,OI,-0.024442
2026-01-23,J,-0.007518
2026-01-23,JM,-0.006157
2026-01-23,V,-0.013672
2026-01-23,TS,-0.841283
2026-01-26,AU,0.075619
2026-01-26,IH,0.109386
2026-01-26,IF,0.092027
2026-01-26,SN,0.03869
2026-01-26,ZN,0.111633
2026-01-26,IM,0.073735
2026-01-26,P,0.125778
2026-01-26,SC,0.08473
2026-01-26,CF,0.193356
2026-01-26,RU,0.095046
2026-01-26,I,-0.015822
2026-01-26,UR,-0.023284
2026-01-26,M,-0.024822
2026-01-26,SA,-0.007567
2026-01-26,OI,-0.020099
2026-01-26,Y,-0.029144
2026-01-26,JM,-0.005814
2026-01-26,J,-0.007144
2026-01-26,V,-0.012878
2026-01-26,TS,-0.853424
2026-01-27,AU,0.083332
2026-01-27,IF,0.092315
2026-01-27,IH,0.110576
2026-01-27,AG,0.024422
2026-01-27,ZN,0.120372
2026-01-27,IC,0.065026
2026-01-27,SC,0.08687
2026-01-27,RU,0.09729
2026-01-27,CF,0.193487
2026-01-27,P,0.126308
2026-01-27,I,-0.032177
2026-01-27,M,-0.049904
2026-01-27,UR,-0.045792
2026-01-27,Y,-0.056992
2026-01-27,SA,-0.015244
2026-01-27,OI,-0.039669
2026-01-27,J,-0.013952
2026-01-27,JM,-0.011419
2026-01-27,V,-0.024697
2026-01-27,TF,-0.710155
2026-01-28,AU,0.08741
2026-01-28,IF,0.115028
2026-01-28,IH,0.137914
2026-01-28,IM,0.091129
2026-01-28,AL,0.078548
2026-01-28,AG,0.029416
2026-01-28,SC,0.08615
2026-01-28,FU,0.067087
2026-01-28,RU,0.11672
2026-01-28,CF,0.190597
2026-01-28,I,-0.031004
2026-01-28,M,-0.047873
2026-01-28,UR,-0.042632
2026-01-28,Y,-0.063597
2026-01-28,SA,-0.014767
2026-01-28,LH,-0.0354
2026-01-28,JM,-0.011015
2026-01-28,J,-0.013336
2026-01-28,V,-0.023278
2026-01-28,TF,-0.717099
2026-01-29,AU,0.07811
2026-01-29,IF,0.11555
2026-01-29,IH,0.127691
2026-01-29,AL,0.090233
2026-01-29,IM,0.099905
2026-01-29,CU,0.068233
2026-01-29,FU,0.068829
2026-01-29,SC,0.081487
2026-01-29,RU,0.116194
2026-01-29,P,0.153768
2026-01-29,I,-0.013185
2026-01-29,M,-0.020011
2026-01-29,UR,-0.019017
2026-01-29,Y,-0.022027
2026-01-29,SA,-0.006231
2026-01-29,OI,-0.01515
2026-01-29,JM,-0.004783
2026-01-29,J,-0.005725
2026-01-29,V,-0.011019
2026-01-29,TS,-0.882851
2026-01-30,AU,0.065623
2026-01-30,IF,0.125893
2026-01-30,IH,0.13674
2026-01-30,AL,0.086412
2026-01-30,AG,0.028837
2026-01-30,IM,0.108634
2026-01-30,RU,0.122712
2026-01-30,FU,0.076354
2026-01-30,SC,0.091565
2026-01-30,P,0.157229
2026-01-30,I,-0.013048
2026-01-30,M,-0.018894
2026-01-30,UR,-0.018124
2026-01-30,SA,-0.006159
2026-01-30,Y,-0.021349
2026-01-30,OI,-0.015314
2026-01-30,JM,-0.004763
2026-01-30,J,-0.005761
2026-01-30,V,-0.011859
2026-01-30,TS,-0.884728
2026-02-02,AU,0.045539
2026-02-02,IF,0.120798
2026-02-02,IH,0.135149
2026-02-02,AL,0.071731
2026-02-02,ZN,0.105167
2026-02-02,IM,0.092637
2026-02-02,SC,0.083795
2026-02-02,FU,0.072378
2026-02-02,RU,0.125247
2026-02-02,P,0.147558
2026-02-02,I,-0.013093
2026-02-02,M,-0.018352
2026-02-02,SA,-0.006358
2026-02-02,UR,-0.018053
2026-02-02,JM,-0.004682
2026-02-02,OI,-0.01374
2026-02-02,Y,-0.018372
2026-02-02,J,-0.005476
2026-02-02,V,-0.01144
2026-02-02,TS,-0.890432
2026-02-03,AU,0.044478
2026-02-03,IH,0.14283
2026-02-03,IF,0.127561
2026-02-03,AL,0.074717
2026-02-03,CU,0.064358
2026-02-03,IC,0.08055
2026-02-03,SC,0.093714
2026-02-03,RU,0.135429
2026-02-03,FU,0.078671
2026-02-03,P,0.157692
2026-02-03,I,-0.013299
2026-02-03,M,-0.018489
2026-02-03,SA,-0.006381
2026-02-03,UR,-0.017878
2026-02-03,JM,-0.004685
2026-02-03,OI,-0.013633
2026-02-03,Y,-0.018296
2026-02-03,V,-0.011308
2026-02-03,J,-0.005494
2026-02-03,TS,-0.890537
2026-02-04,IH,0.135481
2026-02-04,IF,0.122799
2026-02-04,AU,0.042524
2026-02-04,ZN,0.110165
2026-02-04,CU,0.063365
2026-02-04,IC,0.080063
2026-02-04,SC,0.087835
2026-02-04,FU,0.073577
2026-02-04,RU,0.130374
2026-02-04,P,0.153816
2026-02-04,I,-0.012649
2026-02-04,M,-0.017649
2026-02-04,UR,-0.017155
2026-02-04,JM,-0.00447
2026-02-04,SA,-0.005958
2026-02-04,OI,-0.014316
2026-02-04,RM,-0.012209
2026-02-04,J,-0.005137
2026-02-04,V,-0.010137
2026-02-04,TS,-0.900321
2026-02-05,IH,0.139008
2026-02-05,IF,0.12573
2026-02-05,AU,0.041774
2026-02-05,ZN,0.106319
2026-02-05,CU,0.060791
2026-02-05,IC,0.07908
2026-02-05,SC,0.08814
2026-02-05,RU,0.129653
2026-02-05,P,0.154835
2026-02-05,FU,0.07467
2026-02-05,I,-0.01194
2026-02-05,M,-0.017305
2026-02-05,UR,-0.016808
2026-02-05,JM,-0.004349
2026-02-05,SA,-0.005796
2026-02-05,OI,-0.014192
2026-02-05,RM,-0.012051
2026-02-05,V,-0.009496
2026-02-05,J,-0.005025
2026-02-05,TS,-0.903037
2026-02-06,IH,0.138087
2026-02-06,IF,0.125419
2026-02-06,AU,0.041563
2026-02-06,ZN,0.106373
2026-02-06,CU,0.060718
2026-02-06,IC,0.079209
2026-02-06,SC,0.088206
2026-02-06,FU,0.075251
2026-02-06,RU,0.129372
2026-02-06,P,0.155802
2026-02-06,I,-0.012054
2026-02-06,M,-0.0171
2026-02-06,UR,-0.016009
2026-02-06,JM,-0.004246
2026-02-06,SA,-0.005601
2026-02-06,OI,-0.013948
2026-02-06,J,-0.00489
2026-02-06,RM,-0.011872
2026-02-06,V,-0.00921
2026-02-06,TS,-0.90507
2026-02-09,IH,0.141152
2026-02-09,AU,0.042718
2026-02-09,IF,0.127143
2026-02-09,ZN,0.11216
2026-02-09,CU,0.063951
2026-02-09,IC,0.080672
2026-02-09,SC,0.087124
2026-02-09,FU,0.077006
2026-02-09,TA,0.108948
2026-02-09,P,0.159126
2026-02-09,I,-0.0123
2026-02-09,M,-0.017508
2026-02-09,UR,-0.016097
2026-02-09,JM,-0.004307
2026-02-09,SA,-0.005758
2026-02-09,OI,-0.014253
2026-02-09,RM,-0.012052
2026-02-09,J,-0.004974
2026-02-09,V,-0.009376
2026-02-09,TS,-0.903376
2026-02-10,IH,0.147818
2026-02-10,AU,0.044058
2026-02-10,IF,0.133454
2026-02-10,CU,0.066398
2026-02-10,AL,0.077372
2026-02-10,SC,0.0901
2026-02-10,IC,0.083503
2026-02-10,FU,0.08039
2026-02-10,TA,0.111495
2026-02-10,P,0.165411
2026-02-10,I,-0.01156
2026-02-10,M,-0.017152
2026-02-10,UR,-0.016127
2026-02-10,JM,-0.004481
2026-02-10,SA,-0.005707
2026-02-10,OI,-0.013156
2026-02-10,RM,-0.011926
2026-02-10,RB,-0.014007
2026-02-10,V,-0.00948
2026-02-10,TS,-0.896406
2026-02-11,IH,0.141688
2026-02-11,IF,0.127938
2026-02-11,AU,0.042465
2026-02-11,CU,0.063797
2026-02-11,ZN,0.111928
2026-02-11,SC,0.08684
2026-02-11,IC,0.080889
2026-02-11,TA,0.10956
2026-02-11,FU,0.076909
2026-02-11,P,0.157987
2026-02-11,I,-0.011782
2026-02-11,M,-0.016321
2026-02-11,UR,-0.016071
2026-02-11,JM,-0.004432
2026-02-11,SA,-0.005619
2026-02-11,OI,-0.013145
2026-02-11,RM,-0.011232
2026-02-11,RB,-0.013974
2026-02-11,V,-0.009371
2026-02-11,TS,-0.898054
2026-02-12,IH,0.142149
2026-02-12,IF,0.129089
2026-02-12,AU,0.042494
2026-02-12,CU,0.062828
2026-02-12,AL,0.075083
2026-02-12,SC,0.093432
2026-02-12,FU,0.079939
2026-02-12,IC,0.080936
2026-02-12,RU,0.132379
2026-02-12,P,0.16167
2026-02-12,M,-0.016378
2026-02-12,I,-0.011797
2026-02-12,UR,-0.015615
2026-02-12,JM,-0.004437
2026-02-12,SA,-0.005725
2026-02-12,OI,-0.013442
2026-02-12,RM,-0.011195
2026-02-12,RB,-0.014067
2026-02-12,V,-0.009413
2026-02-12,TS,-0.897931
2026-02-13,IH,0.139508
2026-02-13,IF,0.128855
2026-02-13,AU,0.043479
2026-02-13,CU,0.063247
2026-02-13,AL,0.075707
2026-02-13,SC,0.08797
2026-02-13,FU,0.079522
2026-02-13,IC,0.08142
2026-02-13,RU,0.135368
2026-02-13,P,0.164926
2026-02-13,I,-0.011489
2026-02-13,M,-0.01672
2026-02-13,UR,-0.015679
2026-02-13,SA,-0.005781
2026-02-13,RB,-0.014375
2026-02-13,OI,-0.013657
2026-02-13,RM,-0.011423
2026-02-13,JM,-0.004538
2026-02-13,V,-0.009453
2026-02-13,TS,-0.896884
2026-02-24,IF,0.130313
2026-02-24,AU,0.04172
2026-02-24,IH,0.141801
2026-02-24,CU,0.061492
2026-02-24,ZN,0.103106
2026-02-24,SC,0.075069
2026-02-24,IC,0.084621
2026-02-24,FU,0.075361
2026-02-24,P,0.170677
2026-02-24,RU,0.115839
2026-02-24,M,-0.016194
2026-02-24,UR,-0.015229
2026-02-24,I,-0.011219
2026-02-24,SA,-0.005995
2026-02-24,RB,-0.014837
2026-02-24,OI,-0.013121
2026-02-24,RM,-0.011084
2026-02-24,J,-0.005236
2026-02-24,V,-0.009615
2026-02-24,TS,-0.897472
2026-02-25,AU,0.04189
2026-02-25,IF,0.129741
2026-02-25,IH,0.141469
2026-02-25,CU,0.061566
2026-02-25,ZN,0.103499
2026-02-25,SC,0.075596
2026-02-25,IC,0.084244
2026-02-25,RU,0.11535
2026-02-25,P,0.170987
2026-02-25,FU,0.075658
2026-02-25,M,-0.014734
2026-02-25,I,-0.009977
2026-02-25,SA,-0.005773
2026-02-25,UR,-0.015989
2026-02-25,RB,-0.013745
2026-02-25,RM,-0.011158
2026-02-25,J,-0.004942
2026-02-25,LH,-0.016241
2026-02-25,V,-0.008938
2026-02-25,TS,-0.898502
2026-02-26,AU,0.042148
2026-02-26,IF,0.130012
2026-02-26,IH,0.140935
2026-02-26,CU,0.061984
2026-02-26,ZN,0.103749
2026-02-26,SC,0.075692
2026-02-26,IC,0.084737
2026-02-26,RU,0.115246
2026-02-26,P,0.168551
2026-02-26,FU,0.076946
2026-02-26,M,-0.015547
2026-02-26,I,-0.010565
2026-02-26,UR,-0.015765
2026-02-26,SA,-0.005818
2026-02-26,RB,-0.013585
2026-02-26,J,-0.004941
2026-02-26,RM,-0.010843
2026-02-26,OI,-0.012464
2026-02-26,V,-0.009106
2026-02-26,TS,-0.901366
2026-02-27,IF,0.117616
2026-02-27,AU,0.038859
2026-02-27,IH,0.127206
2026-02-27,CU,0.055572
2026-02-27,ZN,0.092475
2026-02-27,SC,0.07194
2026-02-27,P,0.151586
2026-02-27,IC,0.076088
2026-02-27,RU,0.101719
2026-02-27,CF,0.166938
2026-02-27,M,-0.01581
2026-02-27,I,-0.010098
2026-02-27,UR,-0.016227
2026-02-27,SA,-0.005846
2026-02-27,J,-0.004935
2026-02-27,RB,-0.013478
2026-02-27,RM,-0.011561
2026-02-27,LH,-0.016431
2026-02-27,V,-0.008733
2026-02-27,TS,-0.896883
2026-03-02,AU,0.03833
2026-03-02,IH,0.128471
2026-03-02,IF,0.119209
2026-03-02,ZN,0.092675
2026-03-02,CU,0.056221
2026-03-02,SC,0.066888
2026-03-02,P,0.149522
2026-03-02,IC,0.076706
2026-03-02,CF,0.17108
2026-03-02,RU,0.100899
2026-03-02,M,-0.015341
2026-03-02,I,-0.010095
2026-03-02,UR,-0.015219
2026-03-02,SA,-0.005675
2026-03-02,J,-0.004959
2026-03-02,RM,-0.011148
2026-03-02,RB,-0.013398
2026-03-02,LH,-0.015466
2026-03-02,V,-0.008618
2026-03-02,TS,-0.900083
2026-03-03,AU,0.02323
2026-03-03,IF,0.073201
2026-03-03,ZN,0.058919
2026-03-03,SC,0.035671
2026-03-03,IH,0.076858
2026-03-03,CU,0.035675
2026-03-03,TL,0.354567
2026-03-03,P,0.080828
2026-03-03,CF,0.104399
2026-03-03,SR,0.156654
2026-03-03,M,-0.037087
2026-03-03,I,-0.023783
2026-03-03,SA,-0.013716
2026-03-03,UR,-0.035726
2026-03-03,J,-0.011935
2026-03-03,RM,-0.027074
2026-03-03,RB,-0.032756
2026-03-03,V,-0.020011
2026-03-03,LH,-0.038026
2026-03-03,TF,-0.759887
2026-03-04,AU,0.022572
2026-03-04,IF,0.071451
2026-03-04,CU,0.033686
2026-03-04,ZN,0.057172
2026-03-04,IH,0.074962
2026-03-04,SC,0.034286
2026-03-04,TL,0.333218
2026-03-04,P,0.080521
2026-03-04,A,0.153207
2026-03-04,SR,0.138924
2026-03-04,M,-0.015549
2026-03-04,I,-0.010306
2026-03-04,J,-0.004966
2026-03-04,SA,-0.005647
2026-03-04,UR,-0.015514
2026-03-04,RM,-0.011195
2026-03-04,RB,-0.013611
2026-03-04,V,-0.00851
2026-03-04,LH,-0.015963
2026-03-04,TS,-0.89874
2026-03-05,AU,0.02258
2026-03-05,SC,0.033877
2026-03-05,ZN,0.055712
2026-03-05,CU,0.033132
2026-03-05,IH,0.074795
2026-03-05,IF,0.071426
2026-03-05,TL,0.370861
2026-03-05,P,0.080555
2026-03-05,A,0.161541
2026-03-05,CF,0.09552
2026-03-05,M,-0.033033
2026-03-05,I,-0.021251
2026-03-05,J,-0.010217
2026-03-05,SA,-0.012076
2026-03-05,UR,-0.031822
2026-03-05,RB,-0.028653
2026-03-05,RM,-0.023179
2026-03-05,LH,-0.034631
2026-03-05,V,-0.017696
2026-03-05,TF,-0.787442
2026-03-06,AU,0.033435
2026-03-06,CU,0.047493
2026-03-06,ZN,0.078313
2026-03-06,SC,0.056036
2026-03-06,IH,0.110186
2026-03-06,IF,0.102157
2026-03-06,P,0.131172
2026-03-06,IC,0.06367
2026-03-06,A,0.236675
2026-03-06,CF,0.140862
2026-03-06,M,-0.013021
2026-03-06,I,-0.009623
2026-03-06,J,-0.004887
2026-03-06,SA,-0.005538
2026-03-06,UR,-0.015015
2026-03-06,RM,-0.009834
2026-03-06,RB,-0.013142
2026-03-06,LH,-0.015686
2026-03-06,V,-0.007104
2026-03-06,TS,-0.90615
2026-03-09,AU,0.037588
2026-03-09,CU,0.052836
2026-03-09,SC,0.046592
2026-03-09,NI,0.039669
2026-03-09,IH,0.125161
2026-03-09,IF,0.115121
2026-03-09,P,0.11041
2026-03-09,IC,0.068982
2026-03-09,A,0.193886
2026-03-09,SR,0.209755
2026-03-09,M,-0.011312
2026-03-09,I,-0.009036
2026-03-09,J,-0.00467
2026-03-09,UR,-0.011647
2026-03-09,SA,-0.005104
2026-03-09,RB,-0.012539
2026-03-09,RM,-0.008923
2026-03-09,LH,-0.014105
2026-03-09,V,-0.00613
2026-03-09,TS,-0.916535
2026-03-10,AU,0.039405
2026-03-10,SC,0.045789
2026-03-10,NI,0.041521
2026-03-10,CU,0.056721
2026-03-10,IF,0.124485
2026-03-10,IH,0.133942
2026-03-10,IC,0.0738
2026-03-10,P,0.11544
2026-03-10,CF,0.165716
2026-03-10,A,0.203182
2026-03-10,I,-0.019949
2026-03-10,SA,-0.011083
2026-03-10,M,-0.025137
2026-03-10,J,-0.009917
2026-03-10,UR,-0.021553
2026-03-10,RB,-0.029269
2026-03-10,RM,-0.019304
2026-03-10,LH,-0.033828
2026-03-10,MA,-0.008648
2026-03-10,TF,-0.821312
2026-03-11,AU,0.038911
2026-03-11,NI,0.040453
2026-03-11,SC,0.043398
2026-03-11,ZN,0.086657
2026-03-11,IH,0.133102
2026-03-11,IF,0.122235
2026-03-11,IC,0.072312
2026-03-11,P,0.111895
2026-03-11,CF,0.157442
2026-03-11,A,0.193594
2026-03-11,I,-0.020179
2026-03-11,SA,-0.010971
2026-03-11,J,-0.009694
2026-03-11,M,-0.022398
2026-03-11,UR,-0.021397
2026-03-11,LH,-0.033995
2026-03-11,RB,-0.029578
2026-03-11,RM,-0.017764
2026-03-11,MA,-0.008343
2026-03-11,TF,-0.825683
2026-03-12,AU,0.038956
2026-03-12,NI,0.040474
2026-03-12,SC,0.042651
2026-03-12,ZN,0.086927
2026-03-12,IH,0.133587
2026-03-12,IF,0.123046
2026-03-12,P,0.110809
2026-03-12,IC,0.072622
2026-03-12,CF,0.157109
2026-03-12,A,0.193819
2026-03-12,I,-0.02058
2026-03-12,J,-0.009897
2026-03-12,M,-0.022696
2026-03-12,SA,-0.010921
2026-03-12,RB,-0.030885
2026-03-12,UR,-0.021719
2026-03-12,LH,-0.03469
2026-03-12,RM,-0.017852
2026-03-12,MA,-0.008306
2026-03-12,TF,-0.822454
2026-03-13,AU,0.040737
2026-03-13,NI,0.043005
2026-03-13,ZN,0.094164
2026-03-13,SC,0.046653
2026-03-13,P,0.119753
2026-03-13,IH,0.142765
2026-03-13,IC,0.074966
2026-03-13,IF,0.130465
2026-03-13,A,0.206281
2026-03-13,RU,0.101212
2026-03-13,I,-0.020919
2026-03-13,J,-0.010151
2026-03-13,SA,-0.011102
2026-03-13,M,-0.020966
2026-03-13,UR,-0.021367
2026-03-13,RB,-0.031553
2026-03-13,RM,-0.015684
2026-03-13,MA,-0.007875
2026-03-13,JD,-0.034852
2026-03-13,TF,-0.825531
2026-03-16,AU,0.041365
2026-03-16,NI,0.047088
2026-03-16,ZN,0.098419
2026-03-16,P,0.131919
2026-03-16,IH,0.144309
2026-03-16,IF,0.132212
2026-03-16,SC,0.052705
2026-03-16,CF,0.171764
2026-03-16,RU,0.101678
2026-03-16,IC,0.078541
2026-03-16,I,-0.023761
2026-03-16,J,-0.011081
2026-03-16,M,-0.021882
2026-03-16,SA,-0.011846
2026-03-16,UR,-0.023359
2026-03-16,JM,-0.008937
2026-03-16,JD,-0.03909
2026-03-16,MA,-0.0084
2026-03-16,RM,-0.015724
2026-03-16,TF,-0.835921
2026-03-17,AU,0.041095
2026-03-17,NI,0.047281
2026-03-17,ZN,0.099299
2026-03-17,P,0.132479
2026-03-17,SC,0.052243
2026-03-17,IH,0.147784
2026-03-17,RU,0.100051
2026-03-17,IF,0.132001
2026-03-17,IC,0.077327
2026-03-17,CF,0.17044
2026-03-17,I,-0.023829
2026-03-17,J,-0.010979
2026-03-17,SA,-0.01168
2026-03-17,JD,-0.035191
2026-03-17,M,-0.023033
2026-03-17,JM,-0.008773
2026-03-17,UR,-0.022488
2026-03-17,LH,-0.030464
2026-03-17,MA,-0.008928
2026-03-17,TF,-0.824635
2026-03-18,AU,0.041914
2026-03-18,ZN,0.097883
2026-03-18,NI,0.048018
2026-03-18,IH,0.152027
2026-03-18,P,0.125899
2026-03-18,IF,0.138545
2026-03-18,RU,0.097826
2026-03-18,IC,0.080415
2026-03-18,CF,0.165648
2026-03-18,SC,0.051824
2026-03-18,I,-0.023621
2026-03-18,J,-0.010888
2026-03-18,SA,-0.011336
2026-03-18,JD,-0.034861
2026-03-18,JM,-0.008573
2026-03-18,M,-0.022233
2026-03-18,UR,-0.02201
2026-03-18,LH,-0.029553
2026-03-18,TF,-0.827997
2026-03-18,MA,-0.008929
2026-03-19,AU,0.033569
2026-03-19,NI,0.03729
2026-03-19,ZN,0.078597
2026-03-19,RU,0.077239
2026-03-19,IH,0.123778
2026-03-19,P,0.092253
2026-03-19,CF,0.131934
2026-03-19,IF,0.116934
2026-03-19,SC,0.03998
2026-03-19,HC,0.268425
2026-03-19,I,-0.024181
2026-03-19,JM,-0.008987
2026-03-19,J,-0.011412
2026-03-19,JD,-0.034689
2026-03-19,SA,-0.011478
2026-03-19,UR,-0.022257
2026-03-19,M,-0.022038
2026-03-19,LH,-0.029364
2026-03-19,MA,-0.008581
2026-03-19,TF,-0.827014
2026-03-20,AU,0.035879
2026-03-20,NI,0.040312
2026-03-20,AG,0.019481
2026-03-20,IH,0.130041
2026-03-20,P,0.097875
2026-03-20,RU,0.080321
2026-03-20,IF,0.125523
2026-03-20,CF,0.142962
2026-03-20,HC,0.285143
2026-03-20,SC,0.042463
2026-03-20,I,-0.025138
2026-03-20,JM,-0.009201
2026-03-20,J,-0.011424
2026-03-20,JD,-0.036253
2026-03-20,SA,-0.011601
2026-03-20,UR,-0.022108
2026-03-20,OI,-0.02047
2026-03-20,M,-0.02283
2026-03-20,TF,-0.833636
2026-03-20,MA,-0.00734
2026-03-23,AU,0.030209
2026-03-23,ZN,0.075328
2026-03-23,NI,0.035241
2026-03-23,RU,0.072071
2026-03-23,P,0.114106
2026-03-23,IH,0.106549
2026-03-23,IF,0.098262
2026-03-23,CF,0.132201
2026-03-23,HC,0.279562
2026-03-23,IC,0.056471
2026-03-23,I,-0.023855
2026-03-23,JM,-0.007779
2026-03-23,JD,-0.033069
2026-03-23,J,-0.010269
2026-03-23,SA,-0.010566
2026-03-23,UR,-0.020315
2026-03-23,M,-0.022241
2026-03-23,TF,-0.834168
2026-03-23,LH,-0.029857
2026-03-23,MA,-0.00788
2026-03-24,AU,0.003109
2026-03-24,NI,0.003894
2026-03-24,AG,0.001837
2026-03-24,RU,0.008273
2026-03-24,P,0.009583
2026-03-24,IF,0.011477
2026-03-24,IH,0.011939
2026-03-24,HC,0.028941
2026-03-24,TS,0.917344
2026-03-24,SC,0.003602
2026-03-24,I,-0.027495
2026-03-24,J,-0.010962
2026-03-24,JM,-0.008377
2026-03-24,JD,-0.032305
2026-03-24,SA,-0.011638
2026-03-24,UR,-0.02445
2026-03-24,TF,-0.698844
2026-03-24,M,-0.024005
2026-03-24,LH,-0.031397
2026-03-24,TL,-0.130527
2026-03-25,AU,0.036128
2026-03-25,NI,0.041832
2026-03-25,AG,0.020401
2026-03-25,P,0.116353
2026-03-25,IH,0.127062
2026-03-25,IF,0.118434
2026-03-25,RU,0.085705
2026-03-25,HC,0.291131
2026-03-25,IC,0.068687
2026-03-25,V,0.094267
2026-03-25,I,-0.021993
2026-03-25,J,-0.009406
2026-03-25,JM,-0.007323
2026-03-25,JD,-0.031486
2026-03-25,SA,-0.010277
2026-03-25,UR,-0.019445
2026-03-25,M,-0.019485
2026-03-25,TF,-0.845598
2026-03-25,LH,-0.029253
2026-03-25,FU,-0.005734
2026-03-26,AU,0.002994
2026-03-26,NI,0.003541
2026-03-26,AL,0.005407
2026-03-26,IH,0.011328
2026-03-26,P,0.0092
2026-03-26,RU,0.007722
2026-03-26,HC,0.025391
2026-03-26,IF,0.010448
2026-03-26,TS,0.916848
2026-03-26,V,0.007119
2026-03-26,I,-0.02191
2026-03-26,J,-0.009757
2026-03-26,JD,-0.029464
2026-03-26,JM,-0.007594
2026-03-26,UR,-0.01983
2026-03-26,SA,-0.010704
2026-03-26,TF,-0.844237
2026-03-26,M,-0.019798
2026-03-26,LH,-0.030797
2026-03-26,FU,-0.005908
2026-03-27,AU,0.038121
2026-03-27,NI,0.043637
2026-03-27,RU,0.089925
2026-03-27,AG,0.021713
2026-03-27,P,0.12192
2026-03-27,IH,0.138479
2026-03-27,HC,0.302837
2026-03-27,IC,0.067976
2026-03-27,IM,0.075711
2026-03-27,V,0.099679
2026-03-27,I,-0.026352
2026-03-27,J,-0.010889
2026-03-27,JM,-0.008542
2026-03-27,JD,-0.033277
2026-03-27,UR,-0.024485
2026-03-27,SA,-0.012696
2026-03-27,TF,-0.711646
2026-03-27,M,-0.022692
2026-03-27,RM,-0.016754
2026-03-27,TL,-0.132667
2026-03-30,AU,0.038092
2026-03-30,AG,0.021685
2026-03-30,IH,0.13878
2026-03-30,NI,0.043725
2026-03-30,P,0.122001
2026-03-30,RU,0.090359
2026-03-30,HC,0.30041
2026-03-30,IC,0.068224
2026-03-30,IM,0.075894
2026-03-30,V,0.10083
2026-03-30,I,-0.018436
2026-03-30,J,-0.00829
2026-03-30,UR,-0.016462
2026-03-30,JM,-0.006426
2026-03-30,JD,-0.02598
2026-03-30,SA,-0.009677
2026-03-30,Y,-0.017061
2026-03-30,TF,-0.874272
2026-03-30,M,-0.018387
2026-03-30,MA,-0.005009
2026-03-31,AU,0.002503
2026-03-31,IH,0.009574
2026-03-31,P,0.010084
2026-03-31,AG,0.001493
2026-03-31,NI,0.003245
2026-03-31,HC,0.022734
2026-03-31,RU,0.006822
2026-03-31,IM,0.005011
2026-03-31,TS,0.924831
2026-03-31,LH,0.013702
2026-03-31,I,-0.018233
2026-03-31,UR,-0.016493
2026-03-31,J,-0.008154
2026-03-31,SA,-0.009598
2026-03-31,JM,-0.006186
2026-03-31,JD,-0.025799
2026-03-31,Y,-0.017061
2026-03-31,M,-0.018185
2026-03-31,MA,-0.004953
2026-03-31,TF,-0.875339
2026-04-01,AU,0.002421
2026-04-01,IH,0.009814
2026-04-01,P,0.009055
2026-04-01,AG,0.00153
2026-04-01,NI,0.003019
2026-04-01,RU,0.006607
2026-04-01,HC,0.021217
2026-04-01,TS,0.929032
2026-04-01,IC,0.004876
2026-04-01,A,0.012429
2026-04-01,I,-0.020556
2026-04-01,J,-0.008853
2026-04-01,UR,-0.017257
2026-04-01,JM,-0.006551
2026-04-01,SA,-0.010395
2026-04-01,JD,-0.02747
2026-04-01,Y,-0.018638
2026-04-01,M,-0.019189
2026-04-01,TF,-0.866029
2026-04-01,MA,-0.005063
2026-04-02,AU,0.002486
2026-04-02,RU,0.006791
2026-04-02,IH,0.009586
2026-04-02,P,0.010044
2026-04-02,AG,0.001507
2026-04-02,NI,0.003181
2026-04-02,HC,0.02276
2026-04-02,TS,0.92546
2026-04-02,IM,0.004989
2026-04-02,LH,0.013197
2026-04-02,I,-0.020333
2026-04-02,UR,-0.018094
2026-04-02,J,-0.009121
2026-04-02,SA,-0.010573
2026-04-02,JM,-0.006792
2026-04-02,JD,-0.028262
2026-04-02,M,-0.018127
2026-04-02,RM,-0.013997
2026-04-02,MA,-0.005273
2026-04-02,TF,-0.869428
2026-04-03,AU,0.002523
2026-04-03,AG,0.001527
2026-04-03,P,0.01005
2026-04-03,RU,0.006932
2026-04-03,IH,0.009542
2026-04-03,NI,0.003222
2026-04-03,HC,0.022719
2026-04-03,TS,0.925687
2026-04-03,IM,0.005003
2026-04-03,LH,0.012793
2026-04-03,I,-0.020217
2026-04-03,UR,-0.018098
2026-04-03,J,-0.009073
2026-04-03,SA,-0.010506
2026-04-03,JM,-0.006755
2026-04-03,RM,-0.013816
2026-04-03,M,-0.017979
2026-04-03,JD,-0.028263
2026-04-03,MA,-0.00531
2026-04-03,TF,-0.869983
2026-04-07,AU,0.002533
2026-04-07,IH,0.010075
2026-04-07,RU,0.007128
2026-04-07,AG,0.001559
2026-04-07,P,0.010141
2026-04-07,NI,0.003327
2026-04-07,HC,0.023313
2026-04-07,TS,0.923587
2026-04-07,IM,0.005113
2026-04-07,LH,0.013223
2026-04-07,I,-0.019663
2026-04-07,SA,-0.010229
2026-04-07,JM,-0.006448
2026-04-07,UR,-0.017119
2026-04-07,J,-0.008699
2026-04-07,RM,-0.014455
2026-04-07,JD,-0.025812
2026-04-07,Y,-0.018656
2026-04-07,TA,-0.006543
2026-04-07,TF,-0.872376
2026-04-08,AU,0.002537
2026-04-08,IH,0.009442
2026-04-08,AG,0.001554
2026-04-08,P,0.010458
2026-04-08,NI,0.003475
2026-04-08,RU,0.007211
2026-04-08,TS,0.921613
2026-04-08,IM,0.004893
2026-04-08,HC,0.025745
2026-04-08,LH,0.013071
2026-04-08,I,-0.021916
2026-04-08,SA,-0.012306
2026-04-08,JM,-0.007146
2026-04-08,RM,-0.013753
2026-04-08,UR,-0.017416
2026-04-08,J,-0.010425
2026-04-08,M,-0.01779
2026-04-08,JD,-0.026949
2026-04-08,TA,-0.006308
2026-04-08,TF,-0.865991
2026-04-09,AU,0.002476
2026-04-09,IH,0.009487
2026-04-09,AG,0.001523
2026-04-09,P,0.008996
2026-04-09,NI,0.003458
2026-04-09,RU,0.006673
2026-04-09,TS,0.916905
2026-04-09,IM,0.005104
2026-04-09,HC,0.025784
2026-04-09,SR,0.019595
2026-04-09,I,-0.021816
2026-04-09,SA,-0.012479
2026-04-09,JM,-0.006991
2026-04-09,RM,-0.014115
2026-04-09,M,-0.018043
2026-04-09,UR,-0.017583
2026-04-09,JD,-0.027117
2026-04-09,J,-0.010397
2026-04-09,TA,-0.006398
2026-04-09,TF,-0.865062
2026-04-10,AU,0.00248
2026-04-10,IH,0.009511
2026-04-10,AG,0.001481
2026-04-10,P,0.009414
2026-04-10,SN,0.002068
2026-04-10,RU,0.00698
2026-04-10,TS,0.92359
2026-04-10,IM,0.005161
2026-04-10,HC,0.026418
2026-04-10,A,0.012897
2026-04-10,I,-0.022225
2026-04-10,SA,-0.012757
2026-04-10,RM,-0.014343
2026-04-10,JM,-0.007017
2026-04-10,UR,-0.017719
2026-04-10,M,-0.018297
2026-04-10,JD,-0.027577
2026-04-10,J,-0.010465
2026-04-10,TA,-0.006381
2026-04-10,TF,-0.863219
2026-04-13,AU,0.002497
2026-04-13,IH,0.00961
2026-04-13,AG,0.001559
2026-04-13,P,0.009517
2026-04-13,SN,0.002154
2026-04-13,TS,0.922465
2026-04-13,RU,0.007016
2026-04-13,IC,0.004883
2026-04-13,A,0.012868
2026-04-13,HC,0.027431
2026-04-13,I,-0.021402
2026-04-13,SA,-0.011535
2026-04-13,RM,-0.013579
2026-04-13,UR,-0.017003
2026-04-13,JM,-0.007002
2026-04-13,M,-0.017921
2026-04-13,J,-0.010546
2026-04-13,CF,-0.032789
2026-04-13,TA,-0.006145
2026-04-13,TF,-0.862079
2026-04-14,AU,0.002692
2026-04-14,IH,0.010109
2026-04-14,AG,0.001624
2026-04-14,SN,0.002318
2026-04-14,P,0.01012
2026-04-14,RU,0.007762
2026-04-14,IC,0.005133
2026-04-14,TS,0.934497
2026-04-14,LH,0.014141
2026-04-14,OI,0.011604
2026-04-14,SA,-0.011753
2026-04-14,I,-0.021749
2026-04-14,RM,-0.013732
2026-04-14,UR,-0.016971
2026-04-14,M,-0.018575
2026-04-14,JM,-0.007237
2026-04-14,J,-0.010824
2026-04-14,CF,-0.033746
2026-04-14,MA,-0.004535
2026-04-14,TF,-0.860876
2026-04-15,AU,0.002812
2026-04-15,IH,0.010245
2026-04-15,SN,0.002516
2026-04-15,AG,0.001723
2026-04-15,P,0.01056
2026-04-15,IC,0.005438
2026-04-15,TS,0.932849
2026-04-15,LH,0.013786
2026-04-15,RU,0.008144
2026-04-15,OI,0.011928
2026-04-15,SA,-0.011925
2026-04-15,I,-0.022
2026-04-15,RM,-0.014129
2026-04-15,UR,-0.018278
2026-04-15,M,-0.018828
2026-04-15,CF,-0.033037
2026-04-15,JM,-0.007318
2026-04-15,J,-0.010589
2026-04-15,TA,-0.006234
2026-04-15,TF,-0.857661
2026-04-16,AU,0.030335
2026-04-16,IH,0.099181
2026-04-16,AG,0.018059
2026-04-16,SN,0.026693
2026-04-16,P,0.126791
2026-04-16,IC,0.053172
2026-04-16,IF,0.089448
2026-04-16,LH,0.133207
2026-04-16,A,0.15298
2026-04-16,HC,0.270134
2026-04-16,SA,-0.012555
2026-04-16,I,-0.020831
2026-04-16,M,-0.019447
2026-04-16,UR,-0.017423
2026-04-16,RM,-0.01477
2026-04-16,J,-0.010762
2026-04-16,JM,-0.007439
2026-04-16,CF,-0.03116
2026-04-16,TA,-0.006542
2026-04-16,TF,-0.85907
2026-04-17,AU,0.036898
2026-04-17,IH,0.134651
2026-04-17,AG,0.024729
2026-04-17,CU,0.067796
2026-04-17,P,0.127795
2026-04-17,IF,0.122008
2026-04-17,IC,0.073534
2026-04-17,A,0.17978
2026-04-17,LH,0.184212
2026-04-17,SC,0.048598
2026-04-17,SA,-0.01255
2026-04-17,I,-0.020815
2026-04-17,M,-0.019404
2026-04-17,RM,-0.014883
2026-04-17,UR,-0.017567
2026-04-17,J,-0.01086
2026-04-17,JM,-0.007434
2026-04-17,CF,-0.031563
2026-04-17,TA,-0.006556
2026-04-17,TF,-0.858368
2026-04-20,AU,0.037233
2026-04-20,IH,0.139058
2026-04-20,AG,0.024566
2026-04-20,AL,0.067693
2026-04-20,P,0.124813
2026-04-20,IF,0.124311
2026-04-20,IC,0.072838
2026-04-20,A,0.178198
2026-04-20,LH,0.185997
2026-04-20,SC,0.045294
2026-04-20,SA,-0.012328
2026-04-20,I,-0.021338
2026-04-20,M,-0.01906
2026-04-20,UR,-0.017762
2026-04-20,RM,-0.014934
2026-04-20,J,-0.010521
2026-04-20,JM,-0.007213
2026-04-20,CF,-0.031405
2026-04-20,TA,-0.006514
2026-04-20,TF,-0.858925
2026-04-21,AU,0.039731
2026-04-21,AG,0.023948
2026-04-21,IH,0.139985
2026-04-21,SN,0.038046
2026-04-21,P,0.130502
2026-04-21,IF,0.127003
2026-04-21,A,0.186391
2026-04-21,IC,0.074425
2026-04-21,LH,0.188536
2026-04-21,SC,0.051433
2026-04-21,SA,-0.012343
2026-04-21,UR,-0.016907
2026-04-21,M,-0.018989
2026-04-21,I,-0.02143
2026-04-21,RM,-0.014797
2026-04-21,J,-0.010485
2026-04-21,JM,-0.007248
2026-04-21,TA,-0.006516
2026-04-21,CF,-0.031519
2026-04-21,TF,-0.859766
2026-04-22,AU,0.038887
2026-04-22,AG,0.025575
2026-04-22,IH,0.144109
2026-04-22,AL,0.070212
2026-04-22,P,0.126053
2026-04-22,IF,0.126718
2026-04-22,A,0.17196
2026-04-22,IC,0.074227
2026-04-22,LH,0.175186
2026-04-22,SC,0.047074
2026-04-22,SA,-0.012587
2026-04-22,UR,-0.017354
2026-04-22,I,-0.022344
2026-04-22,M,-0.019061
2026-04-22,RM,-0.01471
2026-04-22,JM,-0.007481
2026-04-22,J,-0.010949
2026-04-22,TA,-0.006818
2026-04-22,TF,-0.857647
2026-04-22,CF,-0.031052
2026-04-23,AU,0.038747
2026-04-23,IH,0.143413
2026-04-23,AG,0.025502
2026-04-23,AL,0.069847
2026-04-23,P,0.126397
2026-04-23,IF,0.126103
2026-04-23,LH,0.178261
2026-04-23,A,0.170717
2026-04-23,IC,0.073919
2026-04-23,SC,0.047092
2026-04-23,SA,-0.01417
2026-04-23,I,-0.023418
2026-04-23,M,-0.019914
2026-04-23,UR,-0.018126
2026-04-23,RM,-0.0151
2026-04-23,JM,-0.007754
2026-04-23,TA,-0.007244
2026-04-23,J,-0.011025
2026-04-23,TF,-0.853274
2026-04-23,JD,-0.029976
2026-04-24,AU,0.039073
2026-04-24,AG,0.025803
2026-04-24,IH,0.143834
2026-04-24,AL,0.070227
2026-04-24,IF,0.125503
2026-04-24,P,0.126638
2026-04-24,A,0.167295
2026-04-24,LH,0.178948
2026-04-24,IC,0.075331
2026-04-24,SC,0.047347
2026-04-24,SA,-0.014101
2026-04-24,I,-0.023473
2026-04-24,UR,-0.018027
2026-04-24,M,-0.01955
2026-04-24,RM,-0.014835
2026-04-24,JM,-0.007733
2026-04-24,J,-0.011019
2026-04-24,TA,-0.007203
2026-04-24,TF,-0.854839
2026-04-24,JD,-0.029219
2026-04-27,AU,0.022021
2026-04-27,AG,0.014676
2026-04-27,IH,0.083989
2026-04-27,AL,0.039449
2026-04-27,IF,0.074036
2026-04-27,TL,0.477934
2026-04-27,P,0.073346
2026-04-27,A,0.091814
2026-04-27,LH,0.097963
2026-04-27,SC,0.02477
2026-04-27,SA,-0.014644
2026-04-27,I,-0.024135
2026-04-27,M,-0.020309
2026-04-27,UR,-0.018289
2026-04-27,RM,-0.015305
2026-04-27,JM,-0.008018
2026-04-27,J,-0.011482
2026-04-27,MA,-0.005513
2026-04-27,TF,-0.85078
2026-04-27,JD,-0.031526
2026-04-28,AU,0.021321
2026-04-28,AL,0.038661
2026-04-28,IH,0.089794
2026-04-28,AG,0.014722
2026-04-28,TL,0.497755
2026-04-28,IF,0.079754
2026-04-28,P,0.061173
2026-04-28,A,0.088469
2026-04-28,SC,0.021457
2026-04-28,Y,0.086894
2026-04-28,SA,-0.014618
2026-04-28,I,-0.023738
2026-04-28,UR,-0.017974
2026-04-28,M,-0.020287
2026-04-28,JM,-0.008179
2026-04-28,RM,-0.015233
2026-04-28,MA,-0.005549
2026-04-28,J,-0.011733
2026-04-28,TF,-0.850739
2026-04-28,JD,-0.031948
2026-04-29,AU,0.022602
2026-04-29,IH,0.083016
2026-04-29,AL,0.042803
2026-04-29,AG,0.014813
2026-04-29,IF,0.073113
2026-04-29,TL,0.475922
2026-04-29,A,0.091121
2026-04-29,P,0.072654
2026-04-29,LH,0.098743
2026-04-29,SC,0.025213
2026-04-29,SA,-0.014828
2026-04-29,I,-0.023549
2026-04-29,M,-0.020578
2026-04-29,UR,-0.018381
2026-04-29,J,-0.011871
2026-04-29,JM,-0.008328
2026-04-29,RM,-0.015444
2026-04-29,MA,-0.005674
2026-04-29,TF,-0.8496
2026-04-29,JD,-0.031746
2026-04-30,AU,0.024894
2026-04-30,AL,0.042611
2026-04-30,AG,0.016228
2026-04-30,IF,0.078546
2026-04-30,P,0.076465
2026-04-30,LH,0.100791
2026-04-30,TL,0.495524
2026-04-30,IC,0.043353
2026-04-30,A,0.095245
2026-04-30,SC,0.026342
2026-04-30,SA,-0.015134
2026-04-30,I,-0.024328
2026-04-30,M,-0.020572
2026-04-30,MA,-0.005604
2026-04-30,RM,-0.015527
2026-04-30,JM,-0.008389
2026-04-30,J,-0.012036
2026-04-30,UR,-0.018456
2026-04-30,TF,-0.849144
2026-04-30,JD,-0.030811
2026-05-06,AU,0.03945
2026-05-06,AL,0.05712
2026-05-06,AG,0.016104
2026-05-06,IF,0.089373
2026-05-06,IC,0.050604
2026-05-06,P,0.087352
2026-05-06,LH,0.085061
2026-05-06,TL,0.456731
2026-05-06,A,0.090776
2026-05-06,SC,0.027429
2026-05-06,SA,-0.014813
2026-05-06,I,-0.022405
2026-05-06,M,-0.019789
2026-05-06,MA,-0.005674
2026-05-06,UR,-0.018594
2026-05-06,J,-0.011917
2026-05-06,RM,-0.014994
2026-05-06,RB,-0.04217
2026-05-06,TF,-0.818122
2026-05-06,JD,-0.031522
2026-05-07,AU,0.06081
2026-05-07,AG,0.026472
2026-05-07,AL,0.090391
2026-05-07,IF,0.129485
2026-05-07,IH,0.159255
2026-05-07,IC,0.082134
2026-05-07,P,0.110132
2026-05-07,Y,0.173207
2026-05-07,A,0.12984
2026-05-07,SC,0.038274
2026-05-07,SA,-0.015291
2026-05-07,I,-0.023708
2026-05-07,MA,-0.005771
2026-05-07,M,-0.019684
2026-05-07,UR,-0.018686
2026-05-07,J,-0.012202
2026-05-07,RB,-0.043086
2026-05-07,RM,-0.015164
2026-05-07,TF,-0.812183
2026-05-07,JD,-0.034226
2026-05-08,AU,0.060745
2026-05-08,AG,0.027144
2026-05-08,AL,0.089794
2026-05-08,IF,0.12973
2026-05-08,IC,0.081103
2026-05-08,P,0.110108
2026-05-08,IH,0.160679
2026-05-08,A,0.129654
2026-05-08,Y,0.172838
2026-05-08,SC,0.038205
2026-05-08,SA,-0.015844
2026-05-08,I,-0.025493
2026-05-08,M,-0.02103
2026-05-08,MA,-0.005736
2026-05-08,J,-0.012837
2026-05-08,TA,-0.00777
2026-05-08,RM,-0.016348
2026-05-08,RB,-0.046895
2026-05-08,TF,-0.811832
2026-05-08,JD,-0.036215
2026-05-11,AU,0.061381
2026-05-11,AG,0.028533
2026-05-11,AL,0.088366
2026-05-11,IF,0.131043
2026-05-11,IC,0.080914
2026-05-11,P,0.108296
2026-05-11,A,0.127642
2026-05-11,IH,0.164172
2026-05-11,SC,0.0376
2026-05-11,Y,0.172053
2026-05-11,SA,-0.01648
2026-05-11,I,-0.025534
2026-05-11,M,-0.020971
2026-05-11,J,-0.012729
2026-05-11,MA,-0.005895
2026-05-11,RB,-0.046216
2026-05-11,TA,-0.007873
2026-05-11,RM,-0.016655
2026-05-11,TF,-0.817801
2026-05-11,JD,-0.029846
2026-05-12,AU,0.039338
2026-05-12,AG,0.016879
2026-05-12,NI,0.048277
2026-05-12,IF,0.077286
2026-05-12,IC,0.045139
2026-05-12,A,0.077438
2026-05-12,P,0.070761
2026-05-12,TL,0.423508
2026-05-12,SC,0.024306
2026-05-12,HC,0.177068
2026-05-12,SA,-0.01652
2026-05-12,I,-0.024897
2026-05-12,M,-0.020826
2026-05-12,MA,-0.005885
2026-05-12,J,-0.012453
2026-05-12,TA,-0.007782
2026-05-12,RB,-0.045009
2026-05-12,RM,-0.016318
2026-05-12,TF,-0.820103
2026-05-12,JD,-0.030206
2026-05-13,AU,0.037473
2026-05-13,AG,0.016035
2026-05-13,NI,0.047926
2026-05-13,IF,0.064666
2026-05-13,A,0.076901
2026-05-13,IC,0.040457
2026-05-13,P,0.071751
2026-05-13,TL,0.395654
2026-05-13,HC,0.153676
2026-05-13,OI,0.09546
2026-05-13,SA,-0.015425
2026-05-13,I,-0.023146
2026-05-13,M,-0.020305
2026-05-13,MA,-0.006395
2026-05-13,J,-0.0123
2026-05-13,RB,-0.040671
2026-05-13,UR,-0.020637
2026-05-13,RM,-0.015389
2026-05-13,LH,-0.021083
2026-05-13,TF,-0.824648
2026-05-14,AU,0.038686
2026-05-14,AG,0.016667
2026-05-14,NI,0.047032
2026-05-14,IF,0.06265
2026-05-14,TL,0.394006
2026-05-14,IC,0.038983
2026-05-14,A,0.074806
2026-05-14,P,0.071363
2026-05-14,OI,0.09882
2026-05-14,HC,0.156988
2026-05-14,SA,-0.016523
2026-05-14,I,-0.024897
2026-05-14,MA,-0.006414
2026-05-14,M,-0.02162
2026-05-14,RB,-0.044284
2026-05-14,J,-0.013175
2026-05-14,TA,-0.008613
2026-05-14,RM,-0.016585
2026-05-14,TF,-0.825618
2026-05-14,LH,-0.022271
2026-05-15,AU,0.037577
2026-05-15,AG,0.014791
2026-05-15,NI,0.049428
2026-05-15,IF,0.060043
2026-05-15,A,0.077418
2026-05-15,TL,0.398886
2026-05-15,P,0.092875
2026-05-15,IC,0.037562
2026-05-15,HC,0.153417
2026-05-15,CF,0.078002
2026-05-15,SA,-0.014657
2026-05-15,I,-0.022968
2026-05-15,MA,-0.006176
2026-05-15,M,-0.01874
2026-05-15,UR,-0.020124
2026-05-15,J,-0.011651
2026-05-15,RB,-0.037773
2026-05-15,RM,-0.014378
2026-05-15,TF,-0.833241
2026-05-15,LH,-0.02029
2026-05-18,AU,0.039237
2026-05-18,AG,0.015857
2026-05-18,NI,0.051716
2026-05-18,IF,0.065946
2026-05-18,TL,0.393149
2026-05-18,A,0.073838
2026-05-18,IC,0.040377
2026-05-18,HC,0.148155
2026-05-18,P,0.077563
2026-05-18,OI,0.094163
2026-05-18,SA,-0.014785
2026-05-18,I,-0.022869
2026-05-18,MA,-0.005687
2026-05-18,UR,-0.01876
2026-05-18,J,-0.011286
2026-05-18,M,-0.018498
2026-05-18,RB,-0.038775
2026-05-18,RM,-0.014622
2026-05-18,TF,-0.827205
2026-05-18,JD,-0.027513
2026-05-19,AU,0.038128
2026-05-19,AG,0.016073
2026-05-19,CU,0.076237
2026-05-19,IF,0.076966
2026-05-19,TL,0.38697
2026-05-19,IC,0.045455
2026-05-19,P,0.071044
2026-05-19,HC,0.177041
2026-05-19,SC,0.026786
2026-05-19,OI,0.0853
2026-05-19,SA,-0.016334
2026-05-19,I,-0.02572
2026-05-19,MA,-0.006409
2026-05-19,M,-0.020195
2026-05-19,J,-0.012631
2026-05-19,RB,-0.042455
2026-05-19,RM,-0.015618
2026-05-19,TA,-0.008585
2026-05-19,TF,-0.830269
2026-05-19,LH,-0.021784
2026-05-20,AU,0.034276
2026-05-20,AG,0.015213
2026-05-20,CU,0.071129
2026-05-20,IF,0.076323
2026-05-20,IH,0.094298
2026-05-20,TL,0.374548
2026-05-20,P,0.064374
2026-05-20,SR,0.15268
2026-05-20,SC,0.023217
2026-05-20,Y,0.093941
2026-05-20,SA,-0.01502
2026-05-20,I,-0.023549
2026-05-20,MA,-0.00634
2026-05-20,J,-0.011769
2026-05-20,RB,-0.038418
2026-05-20,RM,-0.014355
2026-05-20,UR,-0.020418
2026-05-20,M,-0.018757
2026-05-20,TF,-0.830898
2026-05-20,LH,-0.020477
2026-05-21,AU,0.036758
2026-05-21,AG,0.015781
2026-05-21,CU,0.07204
2026-05-21,IF,0.070848
2026-05-21,P,0.063668
2026-05-21,IH,0.085489
2026-05-21,TL,0.376369
2026-05-21,Y,0.095037
2026-05-21,HC,0.158839
2026-05-21,SC,0.025171
2026-05-21,SA,-0.017142
2026-05-21,I,-0.025242
2026-05-21,MA,-0.006083
2026-05-21,J,-0.012439
2026-05-21,RM,-0.01608
2026-05-21,RB,-0.044449
2026-05-21,TA,-0.008106
2026-05-21,M,-0.020401
2026-05-21,TF,-0.820789
2026-05-21,JD,-0.02927
2026-05-22,AU,0.058204
2026-05-22,AG,0.024662
2026-05-22,CU,0.10845
2026-05-22,IH,0.127071
2026-05-22,IF,0.1042
2026-05-22,P,0.100682
2026-05-22,IC,0.062539
2026-05-22,Y,0.150466
2026-05-22,HC,0.22152
2026-05-22,SC,0.042206
2026-05-22,SA,-0.016996
2026-05-22,I,-0.02599
2026-05-22,J,-0.012849
2026-05-22,TA,-0.008785
2026-05-22,MA,-0.006656
2026-05-22,RB,-0.043004
2026-05-22,RM,-0.01594
2026-05-22,M,-0.020595
2026-05-22,TF,-0.825525
2026-05-22,LH,-0.023659
2026-05-25,AU,0.058932
2026-05-25,CU,0.109459
2026-05-25,AG,0.024984
2026-05-25,IF,0.104445
2026-05-25,P,0.101554
2026-05-25,IH,0.12576
2026-05-25,IC,0.063212
2026-05-25,HC,0.214916
2026-05-25,Y,0.153786
2026-05-25,SC,0.042951
2026-05-25,SA,-0.017112
2026-05-25,I,-0.025817
2026-05-25,TA,-0.008158
2026-05-25,J,-0.011887
2026-05-25,MA,-0.006197
2026-05-25,RM,-0.016458
2026-05-25,M,-0.020803
2026-05-25,JD,-0.029987
2026-05-25,RB,-0.043841
2026-05-25,TF,-0.81974
2026-05-26,AU,0.068813
2026-05-26,AG,0.030539
2026-05-26,CU,0.112067
2026-05-26,IH,0.132683
2026-05-26,IF,0.111611
2026-05-26,HC,0.180926
2026-05-26,IC,0.066773
2026-05-26,Y,0.174465
2026-05-26,SC,0.048578
2026-05-26,V,0.073544
2026-05-26,SA,-0.017338
2026-05-26,I,-0.028605
2026-05-26,TA,-0.008164
2026-05-26,MA,-0.00619
2026-05-26,RM,-0.017398
2026-05-26,J,-0.012368
2026-05-26,JD,-0.031194
2026-05-26,M,-0.022291
2026-05-26,JM,-0.008869
2026-05-26,TF,-0.847583
2026-05-27,AU,0.067013
2026-05-27,CU,0.11218
2026-05-27,AG,0.030425
2026-05-27,HC,0.187239
2026-05-27,IH,0.128303
2026-05-27,IF,0.110292
2026-05-27,IC,0.06604
2026-05-27,Y,0.179301
2026-05-27,SC,0.046881
2026-05-27,V,0.072325
2026-05-27,SA,-0.018029
2026-05-27,I,-0.030202
2026-05-27,TA,-0.008442
2026-05-27,RM,-0.018323
2026-05-27,MA,-0.006468
2026-05-27,JD,-0.030484
2026-05-27,J,-0.012751
2026-05-27,M,-0.023568
2026-05-27,JM,-0.009165
2026-05-27,TF,-0.842568
2026-05-28,AU,0.060301
2026-05-28,CU,0.109858
2026-05-28,AG,0.028337
2026-05-28,HC,0.190822
2026-05-28,IH,0.126053
2026-05-28,IC,0.06214
2026-05-28,SC,0.044177
2026-05-28,IF,0.109089
2026-05-28,Y,0.163403
2026-05-28,P,0.10582
2026-05-28,SA,-0.015217
2026-05-28,I,-0.02752
2026-05-28,TA,-0.007415
2026-05-28,RM,-0.018261
2026-05-28,JD,-0.027765
2026-05-28,MA,-0.00611
2026-05-28,CF,-0.039772
2026-05-28,J,-0.011367
2026-05-28,JM,-0.008248
2026-05-28,TF,-0.838326
2026-05-29,AU,0.036796
2026-05-29,CU,0.07274
2026-05-29,AG,0.018023
2026-05-29,TL,0.386193
2026-05-29,HC,0.13109
2026-05-29,IF,0.074097
2026-05-29,IH,0.084763
2026-05-29,SC,0.026702
2026-05-29,Y,0.101587
2026-05-29,P,0.06801
2026-05-29,SA,-0.015227
2026-05-29,I,-0.027722
2026-05-29,MA,-0.006202
2026-05-29,RM,-0.018477
2026-05-29,JD,-0.027331
2026-05-29,TA,-0.00754
2026-05-29,J,-0.011469
2026-05-29,CF,-0.040424
2026-05-29,JM,-0.008346
2026-05-29,TF,-0.837261
2026-06-01,AU,0.04426
2026-06-01,AG,0.01955
2026-06-01,CU,0.072045
2026-06-01,TL,0.419079
2026-06-01,IF,0.074323
2026-06-01,HC,0.132179
2026-06-01,IC,0.041015
2026-06-01,SC,0.028863
2026-06-01,P,0.068781
2026-06-01,Y,0.099906
2026-06-01,SA,-0.007122
2026-06-01,I,-0.013197
2026-06-01,MA,-0.002667
2026-06-01,RM,-0.007196
2026-06-01,TA,-0.003468
2026-06-01,JD,-0.010591
2026-06-01,J,-0.004915
2026-06-01,M,-0.009418
2026-06-01,JM,-0.003497
2026-06-01,TS,-0.937929
2026-06-02,AU,0.039085
2026-06-02,AG,0.018889
2026-06-02,CU,0.066203
2026-06-02,TL,0.4001
2026-06-02,SC,0.032558
2026-06-02,HC,0.135657
2026-06-02,IH,0.083075
2026-06-02,IM,0.041025
2026-06-02,Y,0.123424
2026-06-02,LH,0.059983
2026-06-02,SA,-0.006554
2026-06-02,I,-0.012404
2026-06-02,RM,-0.007464
2026-06-02,JD,-0.00943
2026-06-02,MA,-0.00267
2026-06-02,CF,-0.015617
2026-06-02,TA,-0.00317
2026-06-02,J,-0.004504
2026-06-02,JM,-0.003201
2026-06-02,TS,-0.934987
2026-06-03,AU,0.037589
2026-06-03,AG,0.018488
2026-06-03,CU,0.063394
2026-06-03,TL,0.390836
2026-06-03,SC,0.033591
2026-06-03,IH,0.077557
2026-06-03,HC,0.130779
2026-06-03,IF,0.066524
2026-06-03,LH,0.059819
2026-06-03,Y,0.121423
2026-06-03,SA,-0.006529
2026-06-03,I,-0.012254
2026-06-03,MA,-0.002672
2026-06-03,RM,-0.00749
2026-06-03,CF,-0.015588
2026-06-03,JD,-0.009384
2026-06-03,TA,-0.003185
2026-06-03,J,-0.004517
2026-06-03,JM,-0.00321
2026-06-03,TS,-0.935172
2026-06-04,AU,0.040279
2026-06-04,AG,0.019022
2026-06-04,CU,0.067055
2026-06-04,TL,0.429806
2026-06-04,SC,0.038621
2026-06-04,IH,0.080967
2026-06-04,HC,0.136908
2026-06-04,IC,0.040919
2026-06-04,LH,0.063298
2026-06-04,UR,0.083125
2026-06-04,SA,-0.006488
2026-06-04,I,-0.01187
2026-06-04,MA,-0.00263
2026-06-04,RM,-0.007412
2026-06-04,JD,-0.009231
2026-06-04,CF,-0.015075
2026-06-04,TA,-0.003153
2026-06-04,J,-0.004589
2026-06-04,JM,-0.003285
2026-06-04,TS,-0.936268
2026-06-05,AU,0.040343
2026-06-05,AG,0.018728
2026-06-05,CU,0.065633
2026-06-05,TL,0.406106
2026-06-05,HC,0.127754
2026-06-05,IH,0.077773
2026-06-05,IF,0.064296
2026-06-05,SC,0.030958
2026-06-05,UR,0.067962
2026-06-05,Y,0.100446
2026-06-05,SA,-0.006682
2026-06-05,I,-0.012751
2026-06-05,RM,-0.007894
2026-06-05,MA,-0.002777
2026-06-05,JD,-0.009322
2026-06-05,CF,-0.014888
2026-06-05,J,-0.004745
2026-06-05,TA,-0.003409
2026-06-05,JM,-0.003455
2026-06-05,TS,-0.934078
2026-06-08,AU,0.041352
2026-06-08,AG,0.019826
2026-06-08,CU,0.066937
2026-06-08,TL,0.384954
2026-06-08,HC,0.146971
2026-06-08,IH,0.076679
2026-06-08,IF,0.063172
2026-06-08,SC,0.04395
2026-06-08,UR,0.091934
2026-06-08,LH,0.064226
2026-06-08,SA,-0.007545
2026-06-08,I,-0.01412
2026-06-08,RM,-0.008977
2026-06-08,MA,-0.003295
2026-06-08,JD,-0.009852
2026-06-08,CF,-0.015485
2026-06-08,TA,-0.003825
2026-06-08,JM,-0.003747
2026-06-08,J,-0.005149
2026-06-08,TS,-0.928005
2026-06-09,AU,0.047175
2026-06-09,AG,0.020591
2026-06-09,CU,0.070135
2026-06-09,TL,0.364282
2026-06-09,SC,0.041376
2026-06-09,IF,0.066172
2026-06-09,HC,0.143235
2026-06-09,IC,0.042461
2026-06-09,Y,0.121243
2026-06-09,UR,0.083331
2026-06-09,SA,-0.008286
2026-06-09,I,-0.014367
2026-06-09,RM,-0.009346
2026-06-09,JD,-0.01047
2026-06-09,MA,-0.003714
2026-06-09,CF,-0.015296
2026-06-09,TA,-0.003801
2026-06-09,JM,-0.00381
2026-06-09,J,-0.00535
2026-06-09,TS,-0.925561
2026-06-10,AU,0.022011
2026-06-10,AG,0.009925
2026-06-10,NI,0.021253
2026-06-10,TL,0.128934
2026-06-10,IF,0.034454
2026-06-10,SC,0.013796
2026-06-10,TF,0.624382
2026-06-10,HC,0.062636
2026-06-10,Y,0.048758
2026-06-10,UR,0.033852
2026-06-10,SA,-0.010168
2026-06-10,I,-0.016104
2026-06-10,RM,-0.010362
2026-06-10,JD,-0.012127
2026-06-10,MA,-0.004199
2026-06-10,M,-0.01511
2026-06-10,TA,-0.004834
2026-06-10,JM,-0.004373
2026-06-10,J,-0.006312
2026-06-10,TS,-0.91641
2026-06-11,AU,0.019854
2026-06-11,AG,0.009167
2026-06-11,CU,0.031539
2026-06-11,TL,0.127308
2026-06-11,SC,0.016109
2026-06-11,IF,0.032332
2026-06-11,TF,0.61347
2026-06-11,HC,0.063603
2026-06-11,Y,0.050858
2026-06-11,UR,0.03576
2026-06-11,SA,-0.010014
2026-06-11,I,-0.016137
2026-06-11,JD,-0.011797
2026-06-11,RM,-0.0103
2026-06-11,MA,-0.004153
2026-06-11,M,-0.014652
2026-06-11,TA,-0.004968
2026-06-11,JM,-0.00429
2026-06-11,TS,-0.917484
2026-06-11,J,-0.006205
2026-06-12,AU,0.045048
2026-06-12,AG,0.021418
2026-06-12,TL,0.376161
2026-06-12,CU,0.071498
2026-06-12,SC,0.055483
2026-06-12,IC,0.042487
2026-06-12,IF,0.066248
2026-06-12,HC,0.159102
2026-06-12,UR,0.09832
2026-06-12,LH,0.064236
2026-06-12,SA,-0.010633
2026-06-12,I,-0.017675
2026-06-12,RM,-0.011859
2026-06-12,JD,-0.011645
2026-06-12,M,-0.016476
2026-06-12,MA,-0.004341
2026-06-12,TA,-0.004946
2026-06-12,JM,-0.004414
2026-06-12,J,-0.006156
2026-06-12,TS,-0.911857
2026-06-15,AU,0.040888
2026-06-15,AG,0.019958
2026-06-15,CU,0.067902
2026-06-15,TL,0.37669
2026-06-15,SC,0.053258
2026-06-15,IH,0.07503
2026-06-15,IF,0.061119
2026-06-15,UR,0.094509
2026-06-15,HC,0.146667
2026-06-15,LH,0.063978
2026-06-15,SA,-0.010485
2026-06-15,I,-0.016751
2026-06-15,RM,-0.012773
2026-06-15,JD,-0.010911
2026-06-15,M,-0.016374
2026-06-15,MA,-0.003923
2026-06-15,TA,-0.004491
2026-06-15,JM,-0.004098
2026-06-15,TS,-0.914455
2026-06-15,J,-0.005739
2026-06-16,AU,0.04403
2026-06-16,AG,0.021068
2026-06-16,SN,0.030067
2026-06-16,SC,0.0553
2026-06-16,TL,0.393649
2026-06-16,IH,0.077825
2026-06-16,IF,0.0643
2026-06-16,UR,0.09834
2026-06-16,LH,0.066328
2026-06-16,HC,0.149092
2026-06-16,SA,-0.008528
2026-06-16,I,-0.013483
2026-06-16,RM,-0.011165
2026-06-16,MA,-0.00357
2026-06-16,M,-0.01393
2026-06-16,CF,-0.013911
2026-06-16,TA,-0.004161
2026-06-16,JM,-0.003762
2026-06-16,TS,-0.908964
2026-06-16,RB,-0.018524
2026-06-17,AU,0.052594
2026-06-17,AG,0.026669
2026-06-17,SN,0.03539
2026-06-17,TL,0.395475
2026-06-17,SC,0.053211
2026-06-17,IH,0.098731
2026-06-17,IM,0.052726
2026-06-17,UR,0.098156
2026-06-17,P,0.107281
2026-06-17,LH,0.079768
2026-06-17,SA,-0.010414
2026-06-17,I,-0.013862
2026-06-17,RM,-0.012503
2026-06-17,MA,-0.004751
2026-06-17,M,-0.016631
2026-06-17,JD,-0.011575
2026-06-17,RU,-0.011946
2026-06-17,JM,-0.004436
2026-06-17,TS,-0.892862
2026-06-17,RB,-0.02102
2026-06-18,AU,0.054015
2026-06-18,AG,0.028212
2026-06-18,SN,0.037807
2026-06-18,SC,0.055305
2026-06-18,TL,0.371987
2026-06-18,IH,0.098484
2026-06-18,IM,0.052797
2026-06-18,LH,0.078497
2026-06-18,P,0.11382
2026-06-18,A,0.109075
2026-06-18,SA,-0.009697
2026-06-18,I,-0.013311
2026-06-18,RM,-0.012033
2026-06-18,MA,-0.004674
2026-06-18,M,-0.015643
2026-06-18,JD,-0.010005
2026-06-18,RU,-0.010992
2026-06-18,JM,-0.004032
2026-06-18,RB,-0.019456
2026-06-18,TS,-0.900158
2026-06-22,AU,0.058524
2026-06-22,AG,0.023643
2026-06-22,SN,0.031497
2026-06-22,SC,0.061547
2026-06-22,TL,0.389535
2026-06-22,IH,0.090854
2026-06-22,IM,0.048914
2026-06-22,LH,0.072024
2026-06-22,HC,0.134185
2026-06-22,UR,0.089277
2026-06-22,SA,-0.011831
2026-06-22,I,-0.013368
2026-06-22,RM,-0.011893
2026-06-22,MA,-0.005308
2026-06-22,M,-0.015451
2026-06-22,JD,-0.009773
2026-06-22,RU,-0.011491
2026-06-22,JM,-0.00477
2026-06-22,RB,-0.020721
2026-06-22,TS,-0.895394
2026-06-23,AU,0.060714
2026-06-23,AG,0.024057
2026-06-23,SC,0.059351
2026-06-23,TL,0.388962
2026-06-23,IM,0.050359
2026-06-23,SN,0.030514
2026-06-23,IH,0.078731
2026-06-23,UR,0.094068
2026-06-23,HC,0.136275
2026-06-23,LH,0.076968
2026-06-23,SA,-0.095573
2026-06-23,I,-0.096058
2026-06-23,RM,-0.109111
2026-06-23,MA,-0.047138
2026-06-23,M,-0.136014
2026-06-23,RU,-0.094521
2026-06-23,JD,-0.088681
2026-06-23,JM,-0.039584
2026-06-23,RB,-0.157159
2026-06-23,AL,-0.136161
2026-06-24,AU,0.063787
2026-06-24,AG,0.02476
2026-06-24,SC,0.059755
2026-06-24,TL,0.385989
2026-06-24,IM,0.050603
2026-06-24,SN,0.030454
2026-06-24,IH,0.079085
2026-06-24,UR,0.09445
2026-06-24,LH,0.076457
2026-06-24,HC,0.13466
2026-06-24,SA,-0.092725
2026-06-24,I,-0.100574
2026-06-24,RM,-0.10987
2026-06-24,MA,-0.03627
2026-06-24,M,-0.129995
2026-06-24,TA,-0.046412
2026-06-24,SR,-0.170578
2026-06-24,JM,-0.038043
2026-06-24,RB,-0.15262
2026-06-24,AL,-0.122914
2026-06-25,AU,0.0655
2026-06-25,AG,0.023937
2026-06-25,SC,0.048272
2026-06-25,SN,0.029124
2026-06-25,TL,0.383127
2026-06-25,IM,0.055427
2026-06-25,IH,0.087121
2026-06-25,P,0.082969
2026-06-25,HC,0.141244
2026-06-25,OI,0.083279
2026-06-25,SA,-0.104564
2026-06-25,I,-0.130501
2026-06-25,RM,-0.134235
2026-06-25,MA,-0.044539
2026-06-25,CF,-0.118775
2026-06-25,TA,-0.050887
2026-06-25,SR,-0.196899
2026-06-25,JM,-0.042416
2026-06-25,AL,-0.124899
2026-06-25,J,-0.052286
2026-06-26,AU,0.066624
2026-06-26,AG,0.024413
2026-06-26,SC,0.051319
2026-06-26,SN,0.031431
2026-06-26,TL,0.347765
2026-06-26,IH,0.086464
2026-06-26,IM,0.055906
2026-06-26,A,0.106162
2026-06-26,P,0.090343
2026-06-26,HC,0.139573
2026-06-26,SA,-0.011055
2026-06-26,I,-0.01257
2026-06-26,RM,-0.01083
2026-06-26,MA,-0.004547
2026-06-26,CF,-0.013516
2026-06-26,M,-0.015853
2026-06-26,TA,-0.005159
2026-06-26,JM,-0.00446
2026-06-26,RB,-0.019532
2026-06-26,TS,-0.902478
2026-06-29,AU,0.077428
2026-06-29,AG,0.028126
2026-06-29,SC,0.055137
2026-06-29,TL,0.36518
2026-06-29,SN,0.034741
2026-06-29,IH,0.086658
2026-06-29,IM,0.06117
2026-06-29,A,0.117158
2026-06-29,P,0.10094
2026-06-29,LH,0.073462
2026-06-29,SA,-0.096126
2026-06-29,I,-0.107557
2026-06-29,TA,-0.048138
2026-06-29,RM,-0.109134
2026-06-29,MA,-0.04226
2026-06-29,CF,-0.10733
2026-06-29,M,-0.152977
2026-06-29,JM,-0.040098
2026-06-29,RB,-0.169866
2026-06-29,AL,-0.126513
2026-06-30,AU,0.087486
2026-06-30,AG,0.030773
2026-06-30,SC,0.047639
2026-06-30,TL,0.427528
2026-06-30,SN,0.038293
2026-06-30,IM,0.077759
2026-06-30,IF,0.085459
2026-06-30,J,0.055755
2026-06-30,FU,0.045713
2026-06-30,P,0.103594
2026-06-30,SA,-0.099066
2026-06-30,I,-0.110584
2026-06-30,TA,-0.048703
2026-06-30,RM,-0.105275
2026-06-30,MA,-0.0431
2026-06-30,M,-0.15389
2026-06-30,JM,-0.04249
2026-06-30,CF,-0.110176
2026-06-30,RB,-0.171925
2026-06-30,AL,-0.114793
2026-07-01,AU,0.080198
2026-07-01,AG,0.029221
2026-07-01,SC,0.063262
2026-07-01,TL,0.362691
2026-07-01,SN,0.037091
2026-07-01,IH,0.086194
2026-07-01,IF,0.073032
2026-07-01,J,0.047682
2026-07-01,P,0.102985
2026-07-01,A,0.117644
2026-07-01,SA,-0.099586
2026-07-01,TA,-0.052151
2026-07-01,I,-0.111786
2026-07-01,RM,-0.116052
2026-07-01,MA,-0.047792
2026-07-01,M,-0.172971
2026-07-01,CF,-0.118515
2026-07-01,JM,-0.045962
2026-07-01,HC,-0.158096
2026-07-01,NI,-0.07709
2026-07-02,AU,0.081467
2026-07-02,AG,0.029625
2026-07-02,SC,0.066777
2026-07-02,SN,0.037246
2026-07-02,TL,0.362025
2026-07-02,IH,0.084342
2026-07-02,IF,0.071642
2026-07-02,J,0.047826
2026-07-02,P,0.101753
2026-07-02,A,0.117297
2026-07-02,SA,-0.039675
2026-07-02,TA,-0.021587
2026-07-02,I,-0.041678
2026-07-02,RM,-0.040786
2026-07-02,M,-0.061209
2026-07-02,MA,-0.018952
2026-07-02,CF,-0.044369
2026-07-02,JM,-0.016453
2026-07-02,HC,-0.060101
2026-07-02,T,-0.655191
2026-07-03,AU,0.077956
2026-07-03,AG,0.028914
2026-07-03,SN,0.036844
2026-07-03,SC,0.064538
2026-07-03,TL,0.369041
2026-07-03,IH,0.08362
2026-07-03,IF,0.071034
2026-07-03,P,0.10295
2026-07-03,J,0.046882
2026-07-03,A,0.11822
2026-07-03,SA,-0.040153
2026-07-03,TA,-0.021468
2026-07-03,I,-0.041901
2026-07-03,RM,-0.041614
2026-07-03,M,-0.06203
2026-07-03,MA,-0.018832
2026-07-03,CF,-0.044214
2026-07-03,JM,-0.016559
2026-07-03,HC,-0.060373
2026-07-03,T,-0.652856
2026-07-06,AU,0.0742
2026-07-06,AG,0.027354
2026-07-06,SN,0.033592
2026-07-06,IH,0.082697
2026-07-06,SC,0.06113
2026-07-06,IF,0.072867
2026-07-06,TL,0.38032
2026-07-06,P,0.089398
2026-07-06,J,0.046775
2026-07-06,Y,0.131666
2026-07-06,SA,-0.04172
2026-07-06,I,-0.042772
2026-07-06,RM,-0.040964
2026-07-06,MA,-0.019625
2026-07-06,TA,-0.021824
2026-07-06,M,-0.058162
2026-07-06,CF,-0.046481
2026-07-06,JM,-0.017201
2026-07-06,HC,-0.061865
2026-07-06,T,-0.649387
2026-07-07,AU,0.111109
2026-07-07,SN,0.046629
2026-07-07,AG,0.039016
2026-07-07,IH,0.112742
2026-07-07,SC,0.093918
2026-07-07,IF,0.097682
2026-07-07,IC,0.079343
2026-07-07,P,0.141906
2026-07-07,Y,0.20706
2026-07-07,J,0.070594
2026-07-07,SA,-0.040606
2026-07-07,I,-0.0418
2026-07-07,RM,-0.040874
2026-07-07,MA,-0.019793
2026-07-07,M,-0.057474
2026-07-07,TA,-0.021399
2026-07-07,CF,-0.046309
2026-07-07,JM,-0.016741
2026-07-07,T,-0.649198
2026-07-07,RB,-0.065805
2026-07-08,AU,0.107442
2026-07-08,SN,0.043144
2026-07-08,AG,0.036851
2026-07-08,IH,0.105397
2026-07-08,IF,0.087126
2026-07-08,SC,0.081177
2026-07-08,IC,0.070286
2026-07-08,P,0.12712
2026-07-08,A,0.15859
2026-07-08,Y,0.182867
2026-07-08,SA,-0.039769
2026-07-08,I,-0.042662
2026-07-08,RM,-0.04237
2026-07-08,MA,-0.024359
2026-07-08,M,-0.058548
2026-07-08,CF,-0.04915
2026-07-08,TA,-0.023745
2026-07-08,JM,-0.016372
2026-07-08,T,-0.638106
2026-07-08,RB,-0.06492
2026-07-09,AU,0.10613
2026-07-09,SN,0.042899
2026-07-09,AG,0.036794
2026-07-09,SC,0.08159
2026-07-09,IM,0.077826
2026-07-09,IH,0.104633
2026-07-09,IC,0.064287
2026-07-09,A,0.181007
2026-07-09,Y,0.179931
2026-07-09,P,0.124903
2026-07-09,SA,-0.02788
2026-07-09,I,-0.030367
2026-07-09,RM,-0.025783
2026-07-09,MA,-0.014782
2026-07-09,M,-0.036189
2026-07-09,CF,-0.030882
2026-07-09,TA,-0.014496
2026-07-09,JM,-0.011125
2026-07-09,TF,-0.49424
2026-07-09,T,-0.314256
2026-07-10,AU,0.10712
2026-07-10,SN,0.040998
2026-07-10,CU,0.105514
2026-07-10,IH,0.093066
2026-07-10,IM,0.072818
2026-07-10,IC,0.058893
2026-07-10,SC,0.072296
2026-07-10,A,0.169513
2026-07-10,P,0.112223
2026-07-10,Y,0.167559
2026-07-10,SA,-0.027696
2026-07-10,I,-0.03016
2026-07-10,RM,-0.025663
2026-07-10,MA,-0.014828
2026-07-10,M,-0.036008
2026-07-10,CF,-0.030634
2026-07-10,TA,-0.014585
2026-07-10,JM,-0.011112
2026-07-10,TF,-0.496035
2026-07-10,T,-0.313278
2026-07-13,AU,0.107462
2026-07-13,SN,0.043859
2026-07-13,AG,0.037791
2026-07-13,IM,0.072868
2026-07-13,IH,0.103308
2026-07-13,IC,0.061304
2026-07-13,SC,0.085259
2026-07-13,A,0.185176
2026-07-13,P,0.121688
2026-07-13,Y,0.181284
2026-07-13,SA,-0.031291
2026-07-13,I,-0.036149
2026-07-13,RM,-0.032534
2026-07-13,MA,-0.018938
2026-07-13,M,-0.046098
2026-07-13,CF,-0.035736
2026-07-13,TA,-0.017753
2026-07-13,JM,-0.012162
2026-07-13,TF,-0.754981
2026-07-13,J,-0.014357
2026-07-14,AU,0.129798
2026-07-14,SN,0.050655
2026-07-14,AG,0.045047
2026-07-14,IC,0.073026
2026-07-14,IM,0.086958
2026-07-14,IH,0.117969
2026-07-14,SC,0.064929
2026-07-14,A,0.223796
2026-07-14,P,0.142585
2026-07-14,FU,0.065238
2026-07-14,SA,-0.029562
2026-07-14,I,-0.028163
2026-07-14,RM,-0.029611
2026-07-14,M,-0.042313
2026-07-14,SR,-0.063876
2026-07-14,MA,-0.016421
2026-07-14,TA,-0.016228
2026-07-14,JM,-0.012029
2026-07-14,TF,-0.719722
2026-07-14,RB,-0.042075
2026-07-15,AU,0.132559
2026-07-15,SN,0.051427
2026-07-15,AG,0.045928
2026-07-15,IF,0.100704
2026-07-15,IC,0.07333
2026-07-15,IM,0.085773
2026-07-15,SC,0.066994
2026-07-15,A,0.229086
2026-07-15,P,0.146223
2026-07-15,FU,0.067975
2026-07-15,SA,-0.031281
2026-07-15,I,-0.031935
2026-07-15,RM,-0.03022
2026-07-15,M,-0.043479
2026-07-15,SR,-0.065651
2026-07-15,TA,-0.017014
2026-07-15,JM,-0.011703
2026-07-15,MA,-0.017033
2026-07-15,TF,-0.737554
2026-07-15,J,-0.014131
2026-07-16,AU,0.130583
2026-07-16,SN,0.049982
2026-07-16,AG,0.04544
2026-07-16,IF,0.094556
2026-07-16,IH,0.107609
2026-07-16,IC,0.075574
2026-07-16,SC,0.065004
2026-07-16,A,0.227287
2026-07-16,P,0.141634
2026-07-16,FU,0.062331
2026-07-16,SA,-0.028894
2026-07-16,RM,-0.028415
2026-07-16,I,-0.030586
2026-07-16,M,-0.042095
2026-07-16,SR,-0.06589
2026-07-16,JM,-0.012063
2026-07-16,TA,-0.016571
2026-07-16,MA,-0.016443
2026-07-16,RB,-0.043171
2026-07-16,TF,-0.715875
2026-07-17,AU,0.134421
2026-07-17,SN,0.050872
2026-07-17,AG,0.046145
2026-07-17,IF,0.089501
2026-07-17,IC,0.068583
2026-07-17,IH,0.105311
2026-07-17,SC,0.066314
2026-07-17,A,0.230147
2026-07-17,P,0.145228
2026-07-17,FU,0.063477
2026-07-17,SA,-0.027865
2026-07-17,M,-0.043546
2026-07-17,RM,-0.028546
2026-07-17,I,-0.031307
2026-07-17,SR,-0.065958
2026-07-17,JM,-0.012417
2026-07-17,TA,-0.016699
2026-07-17,MA,-0.016564
2026-07-17,TF,-0.713742
2026-07-17,RB,-0.043355
2026-07-20,AU,0.077448
2026-07-20,SN,0.0339
2026-07-20,AG,0.028903
2026-07-20,IF,0.060849
2026-07-20,IH,0.0663
2026-07-20,TL,0.383714
2026-07-20,SC,0.049988
2026-07-20,A,0.128338
2026-07-20,P,0.090931
2026-07-20,LH,0.07963
2026-07-20,SA,-0.027515
2026-07-20,RM,-0.026828
2026-07-20,M,-0.038673
2026-07-20,I,-0.031864
2026-07-20,SR,-0.061762
2026-07-20,JM,-0.012317
2026-07-20,TA,-0.015731
2026-07-20,MA,-0.014419
2026-07-20,TF,-0.725867
2026-07-20,RB,-0.045023
2026-07-21,AU,0.119771
2026-07-21,AG,0.041755
2026-07-21,ZN,0.133211
2026-07-21,IF,0.07966
2026-07-21,IH,0.088811
2026-07-21,SC,0.055595
2026-07-21,IC,0.064382
2026-07-21,A,0.215948
2026-07-21,P,0.143663
2026-07-21,FU,0.057205
2026-07-21,SA,-0.026308
2026-07-21,I,-0.036509
2026-07-21,SR,-0.059537
2026-07-21,RM,-0.026662
2026-07-21,M,-0.039202
2026-07-21,JM,-0.011479
2026-07-21,TA,-0.017886
2026-07-21,J,-0.013688
2026-07-21,UR,-0.026088
2026-07-21,TF,-0.742642
2026-07-22,AU,0.127445
2026-07-22,AG,0.043504
2026-07-22,SN,0.050622
2026-07-22,IH,0.092094
2026-07-22,SC,0.056437
2026-07-22,IF,0.085599
2026-07-22,A,0.261776
2026-07-22,IC,0.070405
2026-07-22,P,0.153566
2026-07-22,FU,0.058552
2026-07-22,SA,-0.027299
2026-07-22,I,-0.036782
2026-07-22,RM,-0.0282
2026-07-22,SR,-0.060311
2026-07-22,M,-0.041572
2026-07-22,JM,-0.011406
2026-07-22,J,-0.01339
2026-07-22,TA,-0.017649
2026-07-22,UR,-0.026146
2026-07-22,TF,-0.737246
2026-07-23,AU,0.081622
2026-07-23,AG,0.029376
2026-07-23,SN,0.036407
2026-07-23,SC,0.035391
2026-07-23,IH,0.067008
2026-07-23,IF,0.064863
2026-07-23,A,0.157116
2026-07-23,P,0.08931
2026-07-23,TL,0.402234
2026-07-23,FU,0.036672
2026-07-23,SA,-0.026203
2026-07-23,I,-0.036737
2026-07-23,RM,-0.032124
2026-07-23,SR,-0.054921
2026-07-23,CF,-0.029469
2026-07-23,J,-0.012767
2026-07-23,JM,-0.011025
2026-07-23,TA,-0.016798
2026-07-23,TF,-0.754948
2026-07-23,UR,-0.025007
2026-07-24,AU,0.124447
2026-07-24,AG,0.042958
2026-07-24,SN,0.051156
2026-07-24,SC,0.056633
2026-07-24,IF,0.083979
2026-07-24,A,0.269318
2026-07-24,IH,0.092091
2026-07-24,P,0.139348
2026-07-24,IM,0.082007
2026-07-24,FU,0.058062
2026-07-24,SA,-0.011535
2026-07-24,I,-0.014725
2026-07-24,RM,-0.012445
2026-07-24,SR,-0.023728
2026-07-24,J,-0.005364
2026-07-24,CF,-0.013032
2026-07-24,JM,-0.004738
2026-07-24,TA,-0.007629
2026-07-24,TF,-0.222776
2026-07-24,TS,-0.684027
2026-07-27,AU,0.079719
2026-07-27,AG,0.029172
2026-07-27,SN,0.035875
2026-07-27,SC,0.033103
2026-07-27,IF,0.063017
2026-07-27,A,0.165399
2026-07-27,IH,0.063701
2026-07-27,TL,0.410718
2026-07-27,P,0.084906
2026-07-27,FU,0.034389
2026-07-27,SA,-0.011535
2026-07-27,I,-0.014632
2026-07-27,SR,-0.024578
2026-07-27,RM,-0.011392
2026-07-27,CF,-0.013144
2026-07-27,J,-0.005497
2026-07-27,JM,-0.00474
2026-07-27,TA,-0.007295
2026-07-27,TF,-0.219515
2026-07-27,TS,-0.687673
2026-07-28,AU,0.073711
2026-07-28,AG,0.027326
2026-07-28,SC,0.031515
2026-07-28,CU,0.080981
2026-07-28,IF,0.058636
2026-07-28,TL,0.404242
2026-07-28,IH,0.061486
2026-07-28,FU,0.032803
2026-07-28,A,0.145312
2026-07-28,P,0.083987
2026-07-28,SA,-0.028309
2026-07-28,I,-0.038826
2026-07-28,RM,-0.029536
2026-07-28,SR,-0.063453
2026-07-28,J,-0.014704
2026-07-28,CF,-0.033794
2026-07-28,JM,-0.012467
2026-07-28,TA,-0.019829
2026-07-28,TF,-0.735919
2026-07-28,RU,-0.023164
2026-07-29,AU,0.071925
2026-07-29,AG,0.026879
2026-07-29,SC,0.030743
2026-07-29,CU,0.078907
2026-07-29,IF,0.058445
2026-07-29,IH,0.061196
2026-07-29,TL,0.410403
2026-07-29,A,0.14714
2026-07-29,FU,0.032166
2026-07-29,P,0.082196
2026-07-29,SA,-0.011112
2026-07-29,I,-0.015173
2026-07-29,RM,-0.011014
2026-07-29,SR,-0.024374
2026-07-29,CF,-0.013082
2026-07-29,J,-0.005463
2026-07-29,JM,-0.004685
2026-07-29,TA,-0.007423
2026-07-29,TF,-0.221376
2026-07-29,TS,-0.686298
2026-07-30,AU,0.078205
2026-07-30,AG,0.02901
2026-07-30,SC,0.032407
2026-07-30,SN,0.035662
2026-07-30,IF,0.061101
2026-07-30,TL,0.416555
2026-07-30,IH,0.064651
2026-07-30,A,0.164009
2026-07-30,FU,0.033524
2026-07-30,P,0.084877
2026-07-30,SA,-0.026352
2026-07-30,I,-0.03674
2026-07-30,RM,-0.026104
2026-07-30,SR,-0.058386
2026-07-30,JM,-0.01129
2026-07-30,CF,-0.031092
2026-07-30,TA,-0.017673
2026-07-30,J,-0.013459
2026-07-30,TF,-0.750848
2026-07-30,UR,-0.028056
2026-07-31,AU,0.073676
2026-07-31,AG,0.027633
2026-07-31,SC,0.03069
2026-07-31,CU,0.080796
2026-07-31,IF,0.060168
2026-07-31,TL,0.395748
2026-07-31,IH,0.062409
2026-07-31,A,0.152403
2026-07-31,FU,0.032226
2026-07-31,P,0.08425
2026-07-31,SA,-0.026234
2026-07-31,I,-0.036769
2026-07-31,RM,-0.026194
2026-07-31,SR,-0.057652
2026-07-31,JM,-0.011125
2026-07-31,TA,-0.017569
2026-07-31,CF,-0.031177
2026-07-31,J,-0.013276
2026-07-31,UR,-0.028038
2026-07-31,TF,-0.751967
