date,symbol,weight
2025-01-15,AU,0.147754
2025-01-15,AG,0.0512035
2025-01-15,IH,0.0552835
2025-01-15,IF,0.045669
2025-01-15,SN,0.055054
2025-01-15,A,0.0484725
2025-01-15,IC,0.0283625
2025-01-15,OI,0.02645
2025-01-15,Y,0.0241205
2025-01-15,RU,0.017631
2025-01-15,I,-0.0067155
2025-01-15,UR,-0.0117735
2025-01-15,SA,-0.0065895
2025-01-15,RM,-0.0062555
2025-01-15,V,-0.010077
2025-01-15,LH,-0.0130385
2025-01-15,JM,-0.004982
2025-01-15,CF,-0.0379625
2025-01-15,J,-0.005408
2025-01-15,TS,-0.397197
2025-01-16,AU,0.1021845
2025-01-16,AG,0.035614
2025-01-16,SN,0.0461695
2025-01-16,IH,0.047233
2025-01-16,IF,0.046696
2025-01-16,OI,0.019052
2025-01-16,A,0.031302
2025-01-16,Y,0.017291
2025-01-16,TL,0.1401225
2025-01-16,RU,0.014336
2025-01-16,I,-0.0067275
2025-01-16,UR,-0.0098665
2025-01-16,LH,-0.0130135
2025-01-16,SA,-0.006237
2025-01-16,RM,-0.006164
2025-01-16,V,-0.010747
2025-01-16,CF,-0.0362215
2025-01-16,JM,-0.0049165
2025-01-16,TS,-0.4007055
2025-01-16,J,-0.005401
2025-01-17,AU,0.100786
2025-01-17,AG,0.035062
2025-01-17,IH,0.048648
2025-01-17,IF,0.0479945
2025-01-17,SN,0.044569
2025-01-17,OI,0.019474
2025-01-17,A,0.0305775
2025-01-17,TL,0.1391465
2025-01-17,Y,0.019226
2025-01-17,RU,0.0145165
2025-01-17,I,-0.006654
2025-01-17,UR,-0.009916
2025-01-17,RM,-0.0063335
2025-01-17,LH,-0.0126075
2025-01-17,SA,-0.005978
2025-01-17,CF,-0.036278
2025-01-17,V,-0.010386
2025-01-17,J,-0.0051345
2025-01-17,JM,-0.004647
2025-01-17,TS,-0.402065
2025-01-20,AU,0.1067335
2025-01-20,AG,0.039248
2025-01-20,IH,0.0624035
2025-01-20,SN,0.040138
2025-01-20,IF,0.0580935
2025-01-20,A,0.036548
2025-01-20,OI,0.018892
2025-01-20,TL,0.1068995
2025-01-20,Y,0.0195235
2025-01-20,SC,0.0115205
2025-01-20,I,-0.006785
2025-01-20,UR,-0.010105
2025-01-20,RM,-0.0065115
2025-01-20,LH,-0.012136
2025-01-20,SA,-0.0062675
2025-01-20,CF,-0.0378255
2025-01-20,V,-0.010474
2025-01-20,J,-0.00505
2025-01-20,JM,-0.0046335
2025-01-20,TS,-0.400213
2025-01-21,AU,0.1156035
2025-01-21,AG,0.0405285
2025-01-21,SN,0.0346205
2025-01-21,IH,0.05347
2025-01-21,IF,0.0571275
2025-01-21,A,0.040699
2025-01-21,OI,0.01954
2025-01-21,TL,0.1073355
2025-01-21,Y,0.020077
2025-01-21,SC,0.0109975
2025-01-21,I,-0.00685
2025-01-21,UR,-0.010914
2025-01-21,CF,-0.0357285
2025-01-21,LH,-0.012326
2025-01-21,RM,-0.0065945
2025-01-21,SA,-0.0063925
2025-01-21,V,-0.010541
2025-01-21,J,-0.0051485
2025-01-21,JM,-0.0046745
2025-01-21,TS,-0.40083
2025-01-22,AU,0.1272435
2025-01-22,AG,0.035375
2025-01-22,SN,0.0322965
2025-01-22,IH,0.0544485
2025-01-22,IF,0.0489945
2025-01-22,A,0.029766
2025-01-22,TL,0.1156355
2025-01-22,OI,0.019734
2025-01-22,Y,0.01812
2025-01-22,RU,0.018386
2025-01-22,I,-0.0077115
2025-01-22,UR,-0.011344
2025-01-22,LH,-0.0141405
2025-01-22,RM,-0.0069995
2025-01-22,CF,-0.0291015
2025-01-22,V,-0.0091145
2025-01-22,SA,-0.007264
2025-01-22,J,-0.0056395
2025-01-22,TS,-0.403752
2025-01-22,JM,-0.004933
2025-01-23,AU,0.1247705
2025-01-23,AG,0.0349925
2025-01-23,SN,0.037308
2025-01-23,IF,0.0436355
2025-01-23,IH,0.0508765
2025-01-23,A,0.032504
2025-01-23,OI,0.0201285
2025-01-23,TL,0.113877
2025-01-23,Y,0.0218285
2025-01-23,RU,0.020079
2025-01-23,I,-0.007827
2025-01-23,UR,-0.0112005
2025-01-23,LH,-0.0144995
2025-01-23,RM,-0.0068375
2025-01-23,CF,-0.0255355
2025-01-23,V,-0.009228
2025-01-23,SA,-0.007197
2025-01-23,J,-0.0055925
2025-01-23,JM,-0.005033
2025-01-23,TS,-0.40705
2025-01-24,AU,0.121114
2025-01-24,AG,0.0342005
2025-01-24,SN,0.0385065
2025-01-24,IH,0.0500075
2025-01-24,IF,0.041485
2025-01-24,A,0.032824
2025-01-24,OI,0.0208985
2025-01-24,TL,0.117422
2025-01-24,RU,0.0207685
2025-01-24,Y,0.0227735
2025-01-24,I,-0.0085705
2025-01-24,UR,-0.012519
2025-01-24,LH,-0.0154915
2025-01-24,RM,-0.0079935
2025-01-24,V,-0.009214
2025-01-24,CF,-0.025882
2025-01-24,SA,-0.0085915
2025-01-24,J,-0.00588
2025-01-24,JM,-0.0054955
2025-01-24,TS,-0.400362
2025-01-27,AU,0.0467795
2025-01-27,AG,0.0248035
2025-01-27,SN,0.035982
2025-01-27,IH,0.058241
2025-01-27,IF,0.045626
2025-01-27,OI,0.0257545
2025-01-27,A,0.037051
2025-01-27,TL,0.137564
2025-01-27,Y,0.022954
2025-01-27,RB,0.0652445
2025-01-27,I,-0.0077805
2025-01-27,UR,-0.0099565
2025-01-27,V,-0.007923
2025-01-27,LH,-0.016022
2025-01-27,RM,-0.008651
2025-01-27,CF,-0.020953
2025-01-27,SA,-0.007224
2025-01-27,J,-0.004952
2025-01-27,TS,-0.394683
2025-01-27,CU,-0.0218555
2025-02-05,AG,0.0270815
2025-02-05,AU,0.0510155
2025-02-05,SN,0.03474
2025-02-05,IH,0.056406
2025-02-05,IF,0.043384
2025-02-05,A,0.042067
2025-02-05,OI,0.0257695
2025-02-05,TL,0.1341575
2025-02-05,RB,0.062723
2025-02-05,Y,0.0226555
2025-02-05,I,-0.007761
2025-02-05,UR,-0.0101305
2025-02-05,LH,-0.016478
2025-02-05,V,-0.0081585
2025-02-05,RM,-0.008842
2025-02-05,SA,-0.0075065
2025-02-05,CF,-0.021821
2025-02-05,TS,-0.393219
2025-02-05,J,-0.005002
2025-02-05,CU,-0.0210815
2025-02-06,AU,0.0706775
2025-02-06,AG,0.0376215
2025-02-06,IH,0.06116
2025-02-06,SN,0.0477915
2025-02-06,IF,0.045935
2025-02-06,OI,0.037768
2025-02-06,A,0.059037
2025-02-06,IC,0.027779
2025-02-06,RB,0.0822435
2025-02-06,Y,0.029987
2025-02-06,I,-0.007992
2025-02-06,UR,-0.010351
2025-02-06,LH,-0.0167275
2025-02-06,SA,-0.007675
2025-02-06,RM,-0.009068
2025-02-06,CF,-0.022313
2025-02-06,V,-0.0083815
2025-02-06,TS,-0.3909185
2025-02-06,J,-0.005126
2025-02-06,CU,-0.0214475
2025-02-07,AG,0.036099
2025-02-07,AU,0.0670945
2025-02-07,SN,0.048971
2025-02-07,IH,0.0648395
2025-02-07,IF,0.047976
2025-02-07,OI,0.040208
2025-02-07,A,0.055206
2025-02-07,IC,0.0288615
2025-02-07,M,0.0289
2025-02-07,RB,0.0818445
2025-02-07,I,-0.0087185
2025-02-07,UR,-0.0109705
2025-02-07,LH,-0.016318
2025-02-07,CF,-0.0233415
2025-02-07,RM,-0.009794
2025-02-07,SA,-0.008129
2025-02-07,V,-0.008721
2025-02-07,TS,-0.3867215
2025-02-07,J,-0.005111
2025-02-07,CU,-0.022174
2025-02-10,AU,0.063808
2025-02-10,AG,0.0329885
2025-02-10,IH,0.0808335
2025-02-10,SN,0.0525975
2025-02-10,IF,0.062017
2025-02-10,OI,0.043142
2025-02-10,IC,0.0368545
2025-02-10,A,0.059142
2025-02-10,SC,0.0393415
2025-02-10,M,0.0292755
2025-02-10,I,-0.009384
2025-02-10,UR,-0.0130185
2025-02-10,LH,-0.015989
2025-02-10,CF,-0.0250365
2025-02-10,SA,-0.0098155
2025-02-10,SR,-0.021351
2025-02-10,V,-0.0105555
2025-02-10,TS,-0.2474455
2025-02-10,J,-0.005869
2025-02-10,TF,-0.141536
2025-02-11,AU,0.0641525
2025-02-11,AG,0.033074
2025-02-11,IH,0.07956
2025-02-11,SN,0.0530435
2025-02-11,IF,0.0619855
2025-02-11,IC,0.0368925
2025-02-11,A,0.059679
2025-02-11,SC,0.0395275
2025-02-11,OI,0.042482
2025-02-11,M,0.029604
2025-02-11,I,-0.0088055
2025-02-11,UR,-0.012252
2025-02-11,CF,-0.0247945
2025-02-11,LH,-0.0154265
2025-02-11,SA,-0.0096555
2025-02-11,SR,-0.020386
2025-02-11,V,-0.010224
2025-02-11,TS,-0.2496635
2025-02-11,TF,-0.142811
2025-02-11,J,-0.005981
2025-02-12,AU,0.0667495
2025-02-12,AG,0.034911
2025-02-12,SN,0.0546555
2025-02-12,IH,0.082837
2025-02-12,IF,0.0614915
2025-02-12,IC,0.036188
2025-02-12,A,0.0597385
2025-02-12,OI,0.040113
2025-02-12,SC,0.032665
2025-02-12,M,0.030651
2025-02-12,UR,-0.013636
2025-02-12,I,-0.007787
2025-02-12,CF,-0.0255225
2025-02-12,LH,-0.0137615
2025-02-12,SA,-0.0081315
2025-02-12,SR,-0.0162555
2025-02-12,FU,-0.007431
2025-02-12,TF,-0.1399315
2025-02-12,TS,-0.255883
2025-02-12,HC,-0.0116595
2025-02-13,AU,0.0733375
2025-02-13,AG,0.0323575
2025-02-13,SN,0.0508365
2025-02-13,IH,0.0818435
2025-02-13,IF,0.0621175
2025-02-13,IC,0.0390355
2025-02-13,A,0.053981
2025-02-13,OI,0.039132
2025-02-13,M,0.0320205
2025-02-13,SC,0.0353385
2025-02-13,UR,-0.012612
2025-02-13,I,-0.007914
2025-02-13,SA,-0.007954
2025-02-13,CF,-0.025483
2025-02-13,LH,-0.013875
2025-02-13,SR,-0.01581
2025-02-13,FU,-0.007545
2025-02-13,TF,-0.139989
2025-02-13,TS,-0.256867
2025-02-13,HC,-0.0119505
2025-02-14,AU,0.0716895
2025-02-14,AG,0.0303085
2025-02-14,IH,0.0673515
2025-02-14,SN,0.0467785
2025-02-14,IF,0.051562
2025-02-14,IC,0.0323525
2025-02-14,A,0.045936
2025-02-14,M,0.0328975
2025-02-14,OI,0.037073
2025-02-14,RB,0.0840515
2025-02-14,UR,-0.012809
2025-02-14,I,-0.008104
2025-02-14,SR,-0.0159065
2025-02-14,CF,-0.024478
2025-02-14,LH,-0.013834
2025-02-14,SA,-0.0073755
2025-02-14,FU,-0.007468
2025-02-14,TS,-0.2623375
2025-02-14,TF,-0.141118
2025-02-14,J,-0.0065695
2025-02-17,AU,0.0681765
2025-02-17,AG,0.0290185
2025-02-17,IH,0.0643755
2025-02-17,IF,0.049594
2025-02-17,SN,0.046226
2025-02-17,IC,0.031189
2025-02-17,A,0.046317
2025-02-17,M,0.033216
2025-02-17,RB,0.085023
2025-02-17,JD,0.046865
2025-02-17,UR,-0.0127455
2025-02-17,I,-0.008078
2025-02-17,SR,-0.015941
2025-02-17,CF,-0.0244245
2025-02-17,SA,-0.007398
2025-02-17,LH,-0.013826
2025-02-17,FU,-0.0074685
2025-02-17,TS,-0.262389
2025-02-17,J,-0.0065715
2025-02-17,TF,-0.141158
2025-02-18,AU,0.071491
2025-02-18,AG,0.0301985
2025-02-18,IH,0.0669125
2025-02-18,SN,0.045566
2025-02-18,IF,0.050566
2025-02-18,IC,0.0309605
2025-02-18,A,0.0499445
2025-02-18,M,0.0332145
2025-02-18,RB,0.088749
2025-02-18,P,0.0323975
2025-02-18,UR,-0.0129805
2025-02-18,I,-0.008131
2025-02-18,SR,-0.0158335
2025-02-18,CF,-0.0258005
2025-02-18,SA,-0.007461
2025-02-18,LH,-0.013858
2025-02-18,FU,-0.00722
2025-02-18,JM,-0.005934
2025-02-18,TS,-0.2624745
2025-02-18,TF,-0.140308
2025-02-19,AU,0.071717
2025-02-19,AG,0.030427
2025-02-19,IH,0.0687855
2025-02-19,SN,0.0451355
2025-02-19,IF,0.0516185
2025-02-19,IC,0.031366
2025-02-19,A,0.050962
2025-02-19,M,0.033136
2025-02-19,RB,0.0849985
2025-02-19,P,0.0318535
2025-02-19,UR,-0.013039
2025-02-19,SR,-0.016261
2025-02-19,I,-0.008511
2025-02-19,CF,-0.026462
2025-02-19,LH,-0.0143795
2025-02-19,SA,-0.007736
2025-02-19,FU,-0.0073635
2025-02-19,TS,-0.261491
2025-02-19,JM,-0.006233
2025-02-19,TF,-0.1385235
2025-02-20,AU,0.074164
2025-02-20,AG,0.031276
2025-02-20,IH,0.065846
2025-02-20,SN,0.048198
2025-02-20,IF,0.051055
2025-02-20,IC,0.031158
2025-02-20,A,0.046228
2025-02-20,RB,0.084094
2025-02-20,M,0.032186
2025-02-20,OI,0.035795
2025-02-20,UR,-0.0131415
2025-02-20,SR,-0.016606
2025-02-20,I,-0.0085495
2025-02-20,CF,-0.0263175
2025-02-20,SA,-0.007575
2025-02-20,LH,-0.0143155
2025-02-20,FU,-0.007223
2025-02-20,TS,-0.2643355
2025-02-20,JM,-0.006361
2025-02-20,TF,-0.135575
2025-02-21,AU,0.0796385
2025-02-21,AG,0.030982
2025-02-21,IH,0.062729
2025-02-21,SN,0.0485085
2025-02-21,IF,0.048705
2025-02-21,IC,0.0298865
2025-02-21,RB,0.0761355
2025-02-21,A,0.0497915
2025-02-21,M,0.0344035
2025-02-21,RU,0.0392205
2025-02-21,UR,-0.0133675
2025-02-21,SR,-0.017865
2025-02-21,I,-0.008091
2025-02-21,CF,-0.0240565
2025-02-21,SA,-0.0075595
2025-02-21,MA,-0.0145755
2025-02-21,LH,-0.015105
2025-02-21,TS,-0.2562245
2025-02-21,JM,-0.00632
2025-02-21,TF,-0.136836
2025-02-24,AU,0.070647
2025-02-24,AG,0.029821
2025-02-24,IH,0.0650975
2025-02-24,SN,0.0484155
2025-02-24,IF,0.0505235
2025-02-24,IC,0.0320255
2025-02-24,RB,0.0684625
2025-02-24,M,0.0343205
2025-02-24,A,0.0531475
2025-02-24,TA,0.047539
2025-02-24,UR,-0.0114965
2025-02-24,SR,-0.020535
2025-02-24,I,-0.0068075
2025-02-24,CF,-0.0225025
2025-02-24,SA,-0.0068885
2025-02-24,Y,-0.0102495
2025-02-24,MA,-0.0136215
2025-02-24,TS,-0.3920035
2025-02-24,JM,-0.005626
2025-02-24,HC,-0.0102685
2025-02-25,AU,0.0696285
2025-02-25,AG,0.029777
2025-02-25,IH,0.065859
2025-02-25,SN,0.048306
2025-02-25,IF,0.0510145
2025-02-25,IC,0.032301
2025-02-25,M,0.0343075
2025-02-25,RB,0.069283
2025-02-25,A,0.0526335
2025-02-25,TA,0.04689
2025-02-25,UR,-0.0115825
2025-02-25,SR,-0.020367
2025-02-25,CF,-0.0226405
2025-02-25,I,-0.006848
2025-02-25,SA,-0.006887
2025-02-25,Y,-0.010311
2025-02-25,MA,-0.0135105
2025-02-25,JM,-0.005634
2025-02-25,HC,-0.0100525
2025-02-25,TS,-0.392167
2025-02-26,AU,0.0704335
2025-02-26,AG,0.0301525
2025-02-26,IH,0.0659195
2025-02-26,SN,0.0475545
2025-02-26,IF,0.0513075
2025-02-26,IC,0.0326165
2025-02-26,RB,0.0697735
2025-02-26,M,0.0343835
2025-02-26,A,0.050649
2025-02-26,TA,0.04721
2025-02-26,UR,-0.011651
2025-02-26,SR,-0.0206465
2025-02-26,CF,-0.0234275
2025-02-26,I,-0.007049
2025-02-26,SA,-0.0065805
2025-02-26,Y,-0.0102875
2025-02-26,MA,-0.01303
2025-02-26,HC,-0.0102765
2025-02-26,JM,-0.0056285
2025-02-26,TS,-0.391423
2025-02-27,AU,0.0753485
2025-02-27,AG,0.03221
2025-02-27,SN,0.053705
2025-02-27,IH,0.058704
2025-02-27,IF,0.0467095
2025-02-27,IC,0.030365
2025-02-27,RB,0.070299
2025-02-27,A,0.052057
2025-02-27,M,0.038256
2025-02-27,RU,0.042346
2025-02-27,UR,-0.0111845
2025-02-27,CF,-0.0228455
2025-02-27,SR,-0.01806
2025-02-27,I,-0.006944
2025-02-27,SA,-0.0068095
2025-02-27,FU,-0.0075875
2025-02-27,JM,-0.0054345
2025-02-27,Y,-0.010615
2025-02-27,HC,-0.0108615
2025-02-27,TS,-0.3996585
2025-02-28,AU,0.0753275
2025-02-28,AG,0.032301
2025-02-28,SN,0.0537705
2025-02-28,IH,0.0585265
2025-02-28,IF,0.0467765
2025-02-28,IC,0.030476
2025-02-28,RB,0.069827
2025-02-28,M,0.038247
2025-02-28,A,0.052225
2025-02-28,RU,0.042523
2025-02-28,CF,-0.0397105
2025-02-28,UR,-0.0204995
2025-02-28,SR,-0.028121
2025-02-28,I,-0.0125415
2025-02-28,FU,-0.0111095
2025-02-28,SA,-0.0116065
2025-02-28,LH,-0.0246115
2025-02-28,JM,-0.009281
2025-02-28,HC,-0.018532
2025-02-28,TF,-0.323987
2025-03-03,AU,0.0784085
2025-03-03,AG,0.035109
2025-03-03,SN,0.05276
2025-03-03,IH,0.062132
2025-03-03,IF,0.050658
2025-03-03,IC,0.032767
2025-03-03,RB,0.068021
2025-03-03,M,0.038865
2025-03-03,RU,0.0455905
2025-03-03,SC,0.035689
2025-03-03,CF,-0.0378295
2025-03-03,UR,-0.0195145
2025-03-03,SR,-0.0302875
2025-03-03,MA,-0.022187
2025-03-03,SA,-0.0110385
2025-03-03,I,-0.0132365
2025-03-03,JM,-0.0088205
2025-03-03,LH,-0.0259315
2025-03-03,J,-0.009431
2025-03-03,TF,-0.321724
2025-03-04,AU,0.078374
2025-03-04,AG,0.0332805
2025-03-04,SN,0.054118
2025-03-04,IH,0.06075
2025-03-04,IF,0.0478495
2025-03-04,IC,0.0310005
2025-03-04,RB,0.0688875
2025-03-04,M,0.0350445
2025-03-04,RU,0.0411555
2025-03-04,A,0.0495395
2025-03-04,CF,-0.023233
2025-03-04,SR,-0.019479
2025-03-04,UR,-0.0119475
2025-03-04,MA,-0.0137745
2025-03-04,I,-0.0081245
2025-03-04,SA,-0.0061715
2025-03-04,JM,-0.005333
2025-03-04,J,-0.0058645
2025-03-04,LH,-0.01618
2025-03-04,TS,-0.3898925
2025-03-05,AU,0.072225
2025-03-05,AG,0.031962
2025-03-05,SN,0.054958
2025-03-05,IH,0.0623955
2025-03-05,IF,0.0514455
2025-03-05,IC,0.033503
2025-03-05,M,0.0316475
2025-03-05,RB,0.072938
2025-03-05,A,0.0527915
2025-03-05,SC,0.0361335
2025-03-05,CF,-0.0232475
2025-03-05,SR,-0.0194815
2025-03-05,UR,-0.0118385
2025-03-05,I,-0.0081415
2025-03-05,MA,-0.013831
2025-03-05,SA,-0.0061915
2025-03-05,JM,-0.005331
2025-03-05,LH,-0.016187
2025-03-05,J,-0.00587
2025-03-05,TS,-0.3898805
2025-03-06,AU,0.0717945
2025-03-06,AG,0.03204
2025-03-06,SN,0.0560855
2025-03-06,IH,0.062704
2025-03-06,IF,0.051571
2025-03-06,IC,0.0334875
2025-03-06,RB,0.071952
2025-03-06,M,0.031749
2025-03-06,SC,0.0364895
2025-03-06,A,0.0521275
2025-03-06,CF,-0.0382125
2025-03-06,SR,-0.031831
2025-03-06,UR,-0.0200285
2025-03-06,MA,-0.0235365
2025-03-06,I,-0.013574
2025-03-06,SA,-0.01009
2025-03-06,JM,-0.0090095
2025-03-06,J,-0.009816
2025-03-06,LH,-0.026219
2025-03-06,TF,-0.317683
2025-03-07,AU,0.071858
2025-03-07,AG,0.0320885
2025-03-07,SN,0.0561385
2025-03-07,IH,0.062525
2025-03-07,IF,0.0514795
2025-03-07,IC,0.0335245
2025-03-07,RB,0.07137
2025-03-07,M,0.0319875
2025-03-07,SC,0.0366955
2025-03-07,A,0.0523325
2025-03-07,CF,-0.0379105
2025-03-07,UR,-0.02012
2025-03-07,MA,-0.0236675
2025-03-07,SR,-0.031975
2025-03-07,I,-0.0136905
2025-03-07,SA,-0.010149
2025-03-07,J,-0.0099575
2025-03-07,LH,-0.0258245
2025-03-07,JM,-0.0091195
2025-03-07,TF,-0.317586
2025-03-10,AU,0.0711195
2025-03-10,AG,0.0324385
2025-03-10,SN,0.0570025
2025-03-10,IH,0.0642035
2025-03-10,IF,0.0526025
2025-03-10,IC,0.034711
2025-03-10,RB,0.071218
2025-03-10,M,0.030483
2025-03-10,SC,0.037039
2025-03-10,A,0.049183
2025-03-10,CF,-0.0386635
2025-03-10,UR,-0.020114
2025-03-10,MA,-0.0241475
2025-03-10,I,-0.014087
2025-03-10,SR,-0.033063
2025-03-10,SA,-0.0103715
2025-03-10,J,-0.010227
2025-03-10,LH,-0.0268165
2025-03-10,JM,-0.0093245
2025-03-10,TF,-0.313186
2025-03-11,AU,0.071314
2025-03-11,AG,0.032627
2025-03-11,SN,0.057006
2025-03-11,IF,0.052567
2025-03-11,IC,0.034756
2025-03-11,IH,0.0640995
2025-03-11,SC,0.0370335
2025-03-11,RB,0.071583
2025-03-11,M,0.0304585
2025-03-11,A,0.048556
2025-03-11,CF,-0.039778
2025-03-11,MA,-0.024692
2025-03-11,I,-0.014463
2025-03-11,UR,-0.0206025
2025-03-11,SR,-0.033976
2025-03-11,SA,-0.010629
2025-03-11,J,-0.0104735
2025-03-11,LH,-0.0277495
2025-03-11,JM,-0.009513
2025-03-11,TF,-0.3081235
2025-03-12,AU,0.070815
2025-03-12,AG,0.03262
2025-03-12,SN,0.0571305
2025-03-12,IH,0.0646135
2025-03-12,IF,0.0532115
2025-03-12,IC,0.035343
2025-03-12,SC,0.0367375
2025-03-12,RB,0.070127
2025-03-12,M,0.0302125
2025-03-12,A,0.049189
2025-03-12,CF,-0.0394355
2025-03-12,MA,-0.024432
2025-03-12,SR,-0.0332355
2025-03-12,UR,-0.0210445
2025-03-12,SA,-0.010661
2025-03-12,I,-0.014233
2025-03-12,LH,-0.028423
2025-03-12,J,-0.010258
2025-03-12,JM,-0.009368
2025-03-12,TF,-0.3089095
2025-03-13,AU,0.073142
2025-03-13,AG,0.03501
2025-03-13,SN,0.0318295
2025-03-13,IH,0.054578
2025-03-13,IF,0.0502285
2025-03-13,IC,0.039878
2025-03-13,SC,0.0428235
2025-03-13,RB,0.080455
2025-03-13,M,0.034652
2025-03-13,A,0.057404
2025-03-13,CF,-0.0409085
2025-03-13,UR,-0.020321
2025-03-13,SR,-0.033201
2025-03-13,MA,-0.022258
2025-03-13,SA,-0.011042
2025-03-13,I,-0.0137705
2025-03-13,J,-0.0109
2025-03-13,LH,-0.0266335
2025-03-13,JM,-0.009864
2025-03-13,TF,-0.3111015
2025-03-14,AU,0.0738065
2025-03-14,AG,0.035274
2025-03-14,SN,0.0313085
2025-03-14,IH,0.055153
2025-03-14,SC,0.043951
2025-03-14,IF,0.0507105
2025-03-14,IC,0.040465
2025-03-14,M,0.03502
2025-03-14,RB,0.07711
2025-03-14,A,0.0572015
2025-03-14,CF,-0.0422935
2025-03-14,UR,-0.0215465
2025-03-14,MA,-0.0224575
2025-03-14,SR,-0.03422
2025-03-14,I,-0.013582
2025-03-14,SA,-0.0113005
2025-03-14,J,-0.0111325
2025-03-14,LH,-0.0283845
2025-03-14,JM,-0.0098995
2025-03-14,TF,-0.3051835
2025-03-17,AU,0.074527
2025-03-17,AG,0.0353955
2025-03-17,SN,0.030958
2025-03-17,SC,0.0439895
2025-03-17,IH,0.055378
2025-03-17,IF,0.0510225
2025-03-17,IC,0.040732
2025-03-17,M,0.0352945
2025-03-17,RB,0.076416
2025-03-17,A,0.0562865
2025-03-17,CF,-0.0428475
2025-03-17,I,-0.0136865
2025-03-17,UR,-0.0217015
2025-03-17,MA,-0.0227455
2025-03-17,SR,-0.03339
2025-03-17,SA,-0.0114095
2025-03-17,J,-0.011206
2025-03-17,LH,-0.028492
2025-03-17,TF,-0.3045215
2025-03-17,JM,-0.0099995
2025-03-18,AU,0.0566885
2025-03-18,AG,0.0281935
2025-03-18,SN,0.025749
2025-03-18,SC,0.032362
2025-03-18,IF,0.050795
2025-03-18,IH,0.053944
2025-03-18,TL,0.116166
2025-03-18,A,0.0455825
2025-03-18,RB,0.0636275
2025-03-18,M,0.026892
2025-03-18,CF,-0.0436495
2025-03-18,UR,-0.0220215
2025-03-18,I,-0.0133515
2025-03-18,SR,-0.0335705
2025-03-18,MA,-0.0230255
2025-03-18,J,-0.011002
2025-03-18,SA,-0.011503
2025-03-18,LH,-0.0282085
2025-03-18,TF,-0.3037545
2025-03-18,JM,-0.009913
2025-03-19,AU,0.0761075
2025-03-19,AG,0.035619
2025-03-19,SN,0.0310995
2025-03-19,SC,0.044579
2025-03-19,IF,0.050785
2025-03-19,IH,0.05479
2025-03-19,IC,0.040577
2025-03-19,A,0.0544135
2025-03-19,RB,0.077373
2025-03-19,M,0.034657
2025-03-19,CF,-0.0456
2025-03-19,UR,-0.0205495
2025-03-19,SR,-0.03622
2025-03-19,I,-0.014192
2025-03-19,MA,-0.023223
2025-03-19,J,-0.011785
2025-03-19,SA,-0.012158
2025-03-19,LH,-0.031109
2025-03-19,TF,-0.2947045
2025-03-19,JM,-0.0104585
2025-03-20,AU,0.0697275
2025-03-20,AG,0.032703
2025-03-20,SN,0.0287185
2025-03-20,SC,0.0472735
2025-03-20,IF,0.0451995
2025-03-20,IH,0.0482915
2025-03-20,IC,0.036004
2025-03-20,RB,0.0694635
2025-03-20,A,0.054018
2025-03-20,JD,0.0686015
2025-03-20,CF,-0.045866
2025-03-20,I,-0.014499
2025-03-20,SR,-0.0364405
2025-03-20,UR,-0.0206795
2025-03-20,MA,-0.0239925
2025-03-20,SA,-0.012137
2025-03-20,J,-0.011865
2025-03-20,LH,-0.0301645
2025-03-20,JM,-0.010431
2025-03-20,TF,-0.293924
2025-03-21,AU,0.067388
2025-03-21,AG,0.033782
2025-03-21,SN,0.030576
2025-03-21,SC,0.047541
2025-03-21,IH,0.0553355
2025-03-21,IF,0.0519775
2025-03-21,IC,0.040621
2025-03-21,A,0.0612675
2025-03-21,JD,0.0740735
2025-03-21,P,0.0374375
2025-03-21,CF,-0.0495205
2025-03-21,I,-0.013513
2025-03-21,UR,-0.0213475
2025-03-21,MA,-0.023284
2025-03-21,SR,-0.0384585
2025-03-21,J,-0.0116025
2025-03-21,SA,-0.01177
2025-03-21,LH,-0.0304565
2025-03-21,HC,-0.0197055
2025-03-21,TF,-0.280342
2025-03-24,AU,0.067269
2025-03-24,AG,0.033875
2025-03-24,SN,0.030473
2025-03-24,SC,0.047935
2025-03-24,IH,0.0555135
2025-03-24,IF,0.052203
2025-03-24,IC,0.040622
2025-03-24,JD,0.074142
2025-03-24,A,0.061237
2025-03-24,P,0.0367305
2025-03-24,CF,-0.0503155
2025-03-24,SR,-0.0386935
2025-03-24,J,-0.0111595
2025-03-24,I,-0.0138125
2025-03-24,SA,-0.011813
2025-03-24,UR,-0.021484
2025-03-24,MA,-0.023047
2025-03-24,LH,-0.030099
2025-03-24,JM,-0.010666
2025-03-24,TF,-0.2889105
2025-03-25,AU,0.0699995
2025-03-25,SN,0.028789
2025-03-25,AG,0.032545
2025-03-25,SC,0.0474555
2025-03-25,IH,0.0483155
2025-03-25,IF,0.045358
2025-03-25,IC,0.036361
2025-03-25,A,0.0542205
2025-03-25,JD,0.0690585
2025-03-25,RB,0.0678965
2025-03-25,CF,-0.031809
2025-03-25,SR,-0.023951
2025-03-25,I,-0.0088715
2025-03-25,J,-0.006997
2025-03-25,SA,-0.0078
2025-03-25,UR,-0.0129905
2025-03-25,MA,-0.014597
2025-03-25,LH,-0.0189685
2025-03-25,JM,-0.006937
2025-03-25,TS,-0.367078
2025-03-26,AU,0.0677895
2025-03-26,SN,0.0302985
2025-03-26,SC,0.048115
2025-03-26,AG,0.0338915
2025-03-26,IH,0.055589
2025-03-26,IF,0.052467
2025-03-26,IC,0.0408125
2025-03-26,A,0.0620005
2025-03-26,JD,0.0722395
2025-03-26,P,0.036796
2025-03-26,SR,-0.023894
2025-03-26,CF,-0.031693
2025-03-26,I,-0.0088935
2025-03-26,J,-0.0070125
2025-03-26,UR,-0.0130055
2025-03-26,SA,-0.0077995
2025-03-26,LH,-0.0189835
2025-03-26,MA,-0.014633
2025-03-26,JM,-0.006952
2025-03-26,TS,-0.3671335
2025-03-27,AU,0.075074
2025-03-27,SN,0.0301245
2025-03-27,SC,0.044982
2025-03-27,AG,0.0349665
2025-03-27,IH,0.052075
2025-03-27,IC,0.0400565
2025-03-27,IF,0.0491605
2025-03-27,A,0.0664645
2025-03-27,P,0.035181
2025-03-27,RB,0.0719155
2025-03-27,SR,-0.025979
2025-03-27,I,-0.0091475
2025-03-27,CF,-0.0319865
2025-03-27,UR,-0.0124335
2025-03-27,SA,-0.007641
2025-03-27,LH,-0.0191395
2025-03-27,V,-0.0114955
2025-03-27,J,-0.006795
2025-03-27,JM,-0.0068075
2025-03-27,TS,-0.368575
2025-03-28,AU,0.0775675
2025-03-28,SN,0.0316215
2025-03-28,AG,0.0357965
2025-03-28,SC,0.047995
2025-03-28,IH,0.054511
2025-03-28,IC,0.0404565
2025-03-28,IF,0.0511095
2025-03-28,A,0.0673395
2025-03-28,P,0.0381855
2025-03-28,RU,0.0554175
2025-03-28,SR,-0.042868
2025-03-28,I,-0.0146655
2025-03-28,CF,-0.0516365
2025-03-28,UR,-0.020402
2025-03-28,SA,-0.012408
2025-03-28,J,-0.010932
2025-03-28,V,-0.018979
2025-03-28,LH,-0.0316955
2025-03-28,JM,-0.0107015
2025-03-28,TF,-0.2857115
2025-03-31,AU,0.0768555
2025-03-31,SN,0.0312495
2025-03-31,AG,0.0366315
2025-03-31,SC,0.046069
2025-03-31,IH,0.054991
2025-03-31,IF,0.05134
2025-03-31,IC,0.040372
2025-03-31,A,0.0684575
2025-03-31,RU,0.055463
2025-03-31,P,0.0385715
2025-03-31,SR,-0.023639
2025-03-31,I,-0.0084665
2025-03-31,CF,-0.0317375
2025-03-31,SA,-0.007759
2025-03-31,J,-0.006431
2025-03-31,JM,-0.006559
2025-03-31,MA,-0.0134805
2025-03-31,UR,-0.011683
2025-03-31,LH,-0.018662
2025-03-31,TS,-0.3715825
2025-04-01,AU,0.078462
2025-04-01,SN,0.030163
2025-04-01,AG,0.0371985
2025-04-01,SC,0.046785
2025-04-01,IF,0.0518885
2025-04-01,IH,0.055743
2025-04-01,IC,0.0406095
2025-04-01,A,0.0661295
2025-04-01,P,0.0379685
2025-04-01,RU,0.055052
2025-04-01,CF,-0.030593
2025-04-01,SR,-0.0243525
2025-04-01,I,-0.0087285
2025-04-01,SA,-0.0074785
2025-04-01,UR,-0.0115305
2025-04-01,J,-0.0065655
2025-04-01,MA,-0.0136915
2025-04-01,JM,-0.006498
2025-04-01,M,-0.014041
2025-04-01,TS,-0.376521
2025-04-02,AU,0.0715665
2025-04-02,SN,0.0276935
2025-04-02,AG,0.0344115
2025-04-02,SC,0.045231
2025-04-02,IF,0.053197
2025-04-02,IH,0.0584715
2025-04-02,IC,0.0407575
2025-04-02,A,0.064062
2025-04-02,JD,0.0683335
2025-04-02,P,0.0362755
2025-04-02,SR,-0.0237385
2025-04-02,CF,-0.0338025
2025-04-02,I,-0.0092465
2025-04-02,J,-0.006854
2025-04-02,SA,-0.007976
2025-04-02,M,-0.0138795
2025-04-02,UR,-0.0115475
2025-04-02,FU,-0.007825
2025-04-02,JM,-0.0067595
2025-04-02,TS,-0.3783715
2025-04-03,AU,0.066283
2025-04-03,SN,0.0269915
2025-04-03,AG,0.0273925
2025-04-03,SC,0.0378155
2025-04-03,IF,0.0296935
2025-04-03,IH,0.0360465
2025-04-03,IC,0.0271595
2025-04-03,A,0.0910235
2025-04-03,JD,0.1130135
2025-04-03,RU,0.044581
2025-04-03,SR,-0.0237205
2025-04-03,CF,-0.0241635
2025-04-03,SA,-0.007676
2025-04-03,UR,-0.0114395
2025-04-03,J,-0.0067525
2025-04-03,I,-0.008882
2025-04-03,M,-0.015415
2025-04-03,V,-0.011016
2025-04-03,JM,-0.006371
2025-04-03,TS,-0.3845645
2025-04-07,AU,0.0653195
2025-04-07,SN,0.026449
2025-04-07,AG,0.0267245
2025-04-07,IF,0.027109
2025-04-07,SC,0.0376705
2025-04-07,IC,0.0259315
2025-04-07,IH,0.032189
2025-04-07,A,0.089059
2025-04-07,HC,0.0740615
2025-04-07,JD,0.0954875
2025-04-07,I,-0.008806
2025-04-07,UR,-0.0111585
2025-04-07,SR,-0.0222825
2025-04-07,CF,-0.0220585
2025-04-07,J,-0.0070035
2025-04-07,M,-0.0184415
2025-04-07,SA,-0.008237
2025-04-07,FU,-0.0062595
2025-04-07,JM,-0.0064425
2025-04-07,TS,-0.389311
2025-04-08,AU,0.0652845
2025-04-08,SN,0.0264245
2025-04-08,AG,0.02677
2025-04-08,IF,0.027086
2025-04-08,IH,0.032152
2025-04-08,SC,0.0376185
2025-04-08,IC,0.0258985
2025-04-08,JD,0.0955885
2025-04-08,A,0.0890815
2025-04-08,HC,0.074096
2025-04-08,I,-0.0082915
2025-04-08,SR,-0.0212185
2025-04-08,CF,-0.0192825
2025-04-08,J,-0.006818
2025-04-08,M,-0.015635
2025-04-08,FU,-0.005742
2025-04-08,MA,-0.0135695
2025-04-08,SA,-0.008042
2025-04-08,JM,-0.006133
2025-04-08,TS,-0.395268
2025-04-09,AU,0.070446
2025-04-09,SN,0.028912
2025-04-09,AG,0.030757
2025-04-09,IF,0.0300185
2025-04-09,IH,0.036245
2025-04-09,IC,0.028338
2025-04-09,SC,0.037244
2025-04-09,JD,0.124468
2025-04-09,HC,0.075802
2025-04-09,P,0.03777
2025-04-09,I,-0.007822
2025-04-09,SR,-0.020585
2025-04-09,CF,-0.017367
2025-04-09,J,-0.0066345
2025-04-09,M,-0.0167495
2025-04-09,SA,-0.0079525
2025-04-09,FU,-0.005419
2025-04-09,MA,-0.011989
2025-04-09,JM,-0.0063625
2025-04-09,TS,-0.3991185
2025-04-10,AU,0.06534
2025-04-10,AG,0.029176
2025-04-10,SN,0.029489
2025-04-10,IH,0.0380125
2025-04-10,IF,0.031023
2025-04-10,IC,0.0289095
2025-04-10,SC,0.0387945
2025-04-10,JD,0.104749
2025-04-10,RU,0.043001
2025-04-10,A,0.091505
2025-04-10,I,-0.007972
2025-04-10,SR,-0.020603
2025-04-10,J,-0.0068465
2025-04-10,CF,-0.0175745
2025-04-10,RM,-0.013422
2025-04-10,SA,-0.0079385
2025-04-10,UR,-0.0110055
2025-04-10,FU,-0.0056095
2025-04-10,JM,-0.006488
2025-04-10,TS,-0.4025405
2025-04-11,AU,0.05902
2025-04-11,AG,0.0260365
2025-04-11,SN,0.026587
2025-04-11,IH,0.032764
2025-04-11,IF,0.0270695
2025-04-11,IC,0.025585
2025-04-11,SC,0.04007
2025-04-11,JD,0.0995155
2025-04-11,HC,0.0747575
2025-04-11,A,0.088595
2025-04-11,I,-0.0082035
2025-04-11,SR,-0.022396
2025-04-11,J,-0.007259
2025-04-11,RM,-0.015508
2025-04-11,SA,-0.007964
2025-04-11,CF,-0.0167395
2025-04-11,UR,-0.011458
2025-04-11,MA,-0.0136715
2025-04-11,JM,-0.0069675
2025-04-11,TS,-0.389833
2025-04-14,AU,0.0574655
2025-04-14,AG,0.02528
2025-04-14,SN,0.026008
2025-04-14,IH,0.0328475
2025-04-14,IC,0.026062
2025-04-14,IF,0.02734
2025-04-14,SC,0.039445
2025-04-14,HC,0.0768095
2025-04-14,A,0.088739
2025-04-14,JD,0.100004
2025-04-14,I,-0.008825
2025-04-14,SR,-0.0228545
2025-04-14,UR,-0.0110835
2025-04-14,CF,-0.0172385
2025-04-14,V,-0.0118845
2025-04-14,J,-0.007011
2025-04-14,MA,-0.012724
2025-04-14,M,-0.021424
2025-04-14,JM,-0.0070585
2025-04-14,TS,-0.379896
2025-04-15,AU,0.0564095
2025-04-15,AG,0.0254145
2025-04-15,SN,0.026036
2025-04-15,IC,0.026146
2025-04-15,IH,0.0329185
2025-04-15,IF,0.027394
2025-04-15,SC,0.0404655
2025-04-15,A,0.090656
2025-04-15,JD,0.0970445
2025-04-15,HC,0.077515
2025-04-15,I,-0.0086675
2025-04-15,UR,-0.0109185
2025-04-15,CF,-0.0169555
2025-04-15,V,-0.0117575
2025-04-15,MA,-0.0126025
2025-04-15,M,-0.020579
2025-04-15,SR,-0.0241895
2025-04-15,JM,-0.0069775
2025-04-15,J,-0.006927
2025-04-15,TS,-0.3804255
2025-04-16,AU,0.0555655
2025-04-16,AG,0.0258035
2025-04-16,NI,0.033962
2025-04-16,IC,0.025557
2025-04-16,IH,0.031914
2025-04-16,IF,0.0265815
2025-04-16,SC,0.0392975
2025-04-16,A,0.088787
2025-04-16,HC,0.076724
2025-04-16,JD,0.095808
2025-04-16,I,-0.0088835
2025-04-16,CF,-0.0171205
2025-04-16,V,-0.0120875
2025-04-16,UR,-0.0108785
2025-04-16,MA,-0.012055
2025-04-16,SR,-0.0243795
2025-04-16,M,-0.0205585
2025-04-16,JM,-0.007246
2025-04-16,J,-0.007112
2025-04-16,TS,-0.3796785
2025-04-17,AU,0.0648905
2025-04-17,AG,0.0294305
2025-04-17,NI,0.0376545
2025-04-17,IC,0.0284575
2025-04-17,IH,0.0370245
2025-04-17,IF,0.0303465
2025-04-17,SC,0.037008
2025-04-17,A,0.1146255
2025-04-17,P,0.040634
2025-04-17,HC,0.0799285
2025-04-17,I,-0.0084155
2025-04-17,V,-0.0121815
2025-04-17,CF,-0.017642
2025-04-17,UR,-0.011415
2025-04-17,LH,-0.0291555
2025-04-17,MA,-0.011532
2025-04-17,SR,-0.0233815
2025-04-17,J,-0.006678
2025-04-17,TS,-0.372406
2025-04-17,JM,-0.007193
2025-04-18,AU,0.0679995
2025-04-18,AG,0.0325065
2025-04-18,NI,0.043383
2025-04-18,IC,0.03204
2025-04-18,IH,0.0437625
2025-04-18,IM,0.0306085
2025-04-18,SC,0.041595
2025-04-18,A,0.110721
2025-04-18,P,0.044212
2025-04-18,OI,0.0531715
2025-04-18,I,-0.013411
2025-04-18,MA,-0.020281
2025-04-18,UR,-0.0199935
2025-04-18,CF,-0.0298805
2025-04-18,LH,-0.0492215
2025-04-18,SR,-0.0382775
2025-04-18,SA,-0.014991
2025-04-18,J,-0.0113565
2025-04-18,TF,-0.2904975
2025-04-18,JM,-0.01209
2025-04-21,AU,0.0653675
2025-04-21,AG,0.033924
2025-04-21,SN,0.0330965
2025-04-21,IC,0.034068
2025-04-21,IF,0.0365085
2025-04-21,IH,0.044667
2025-04-21,SC,0.043484
2025-04-21,OI,0.0552945
2025-04-21,A,0.1089365
2025-04-21,P,0.0446535
2025-04-21,I,-0.0083525
2025-04-21,UR,-0.011124
2025-04-21,MA,-0.0120165
2025-04-21,CF,-0.0176305
2025-04-21,SR,-0.021504
2025-04-21,LH,-0.0272465
2025-04-21,SA,-0.008974
2025-04-21,J,-0.0071645
2025-04-21,TS,-0.2642725
2025-04-21,TF,-0.121715
2025-04-22,AU,0.061499
2025-04-22,AG,0.0357605
2025-04-22,SN,0.0346435
2025-04-22,IF,0.0391355
2025-04-22,IC,0.0353015
2025-04-22,SC,0.0438945
2025-04-22,IM,0.0334115
2025-04-22,A,0.111967
2025-04-22,P,0.0465725
2025-04-22,OI,0.057814
2025-04-22,CF,-0.016829
2025-04-22,MA,-0.011679
2025-04-22,I,-0.008155
2025-04-22,LH,-0.027831
2025-04-22,UR,-0.011339
2025-04-22,SA,-0.0082575
2025-04-22,SR,-0.0221975
2025-04-22,TS,-0.262935
2025-04-22,J,-0.0067815
2025-04-22,TF,-0.123996
2025-04-23,AU,0.0496165
2025-04-23,AG,0.029526
2025-04-23,SN,0.0303505
2025-04-23,IF,0.032021
2025-04-23,IC,0.0309465
2025-04-23,SC,0.046916
2025-04-23,IH,0.0382865
2025-04-23,OI,0.050896
2025-04-23,A,0.084648
2025-04-23,JD,0.1067925
2025-04-23,CF,-0.016972
2025-04-23,I,-0.0082
2025-04-23,LH,-0.026031
2025-04-23,MA,-0.0115415
2025-04-23,UR,-0.0113435
2025-04-23,V,-0.0122305
2025-04-23,SR,-0.021883
2025-04-23,TS,-0.261431
2025-04-23,TF,-0.122891
2025-04-23,JM,-0.0074765
2025-04-24,AU,0.0585395
2025-04-24,AG,0.034535
2025-04-24,SN,0.0335005
2025-04-24,IC,0.0347685
2025-04-24,IF,0.0368735
2025-04-24,SC,0.0447865
2025-04-24,P,0.046028
2025-04-24,A,0.109784
2025-04-24,IH,0.0447355
2025-04-24,OI,0.056449
2025-04-24,CF,-0.018578
2025-04-24,MA,-0.012272
2025-04-24,LH,-0.0224795
2025-04-24,V,-0.012453
2025-04-24,I,-0.0091325
2025-04-24,UR,-0.0131765
2025-04-24,RM,-0.0117205
2025-04-24,TS,-0.268986
2025-04-24,JM,-0.0076655
2025-04-24,TF,-0.1235365
2025-04-25,AU,0.060221
2025-04-25,AG,0.0358035
2025-04-25,SN,0.0343545
2025-04-25,IC,0.035928
2025-04-25,IF,0.0393445
2025-04-25,P,0.045393
2025-04-25,SC,0.044876
2025-04-25,A,0.113635
2025-04-25,OI,0.0564545
2025-04-25,IM,0.03399
2025-04-25,MA,-0.0109355
2025-04-25,CF,-0.017495
2025-04-25,LH,-0.0255195
2025-04-25,V,-0.0125615
2025-04-25,I,-0.0079735
2025-04-25,UR,-0.010704
2025-04-25,SR,-0.0210805
2025-04-25,TS,-0.262997
2025-04-25,JM,-0.0072725
2025-04-25,TF,-0.123461
2025-04-28,AU,0.022546
2025-04-28,AG,0.015147
2025-04-28,SN,0.015111
2025-04-28,IC,0.017233
2025-04-28,IF,0.0189045
2025-04-28,P,0.018611
2025-04-28,A,0.042671
2025-04-28,SC,0.0181685
2025-04-28,T,0.309676
2025-04-28,OI,0.021932
2025-04-28,MA,-0.0113035
2025-04-28,I,-0.008968
2025-04-28,V,-0.012666
2025-04-28,CF,-0.018275
2025-04-28,LH,-0.020795
2025-04-28,UR,-0.0113445
2025-04-28,RM,-0.0107055
2025-04-28,TS,-0.270548
2025-04-28,JM,-0.0073125
2025-04-28,TF,-0.1280825
2025-04-29,AU,0.0607125
2025-04-29,AG,0.0361895
2025-04-29,SN,0.034658
2025-04-29,IC,0.0362845
2025-04-29,IF,0.0395655
2025-04-29,A,0.111839
2025-04-29,P,0.045627
2025-04-29,IM,0.0344755
2025-04-29,SC,0.0438515
2025-04-29,OI,0.056797
2025-04-29,I,-0.009144
2025-04-29,V,-0.0127925
2025-04-29,CF,-0.019369
2025-04-29,LH,-0.021759
2025-04-29,TS,-0.2735345
2025-04-29,UR,-0.0104285
2025-04-29,SA,-0.007755
2025-04-29,RM,-0.010513
2025-04-29,JM,-0.0071995
2025-04-29,TF,-0.1275055
2025-04-30,AU,0.0603375
2025-04-30,AG,0.036241
2025-04-30,SN,0.0347185
2025-04-30,IC,0.0360945
2025-04-30,IF,0.039493
2025-04-30,P,0.0459425
2025-04-30,SC,0.0441015
2025-04-30,A,0.1117005
2025-04-30,IM,0.0342565
2025-04-30,OI,0.0571145
2025-04-30,I,-0.0091975
2025-04-30,CF,-0.0187445
2025-04-30,V,-0.012562
2025-04-30,LH,-0.0209145
2025-04-30,RM,-0.0108285
2025-04-30,TS,-0.2693635
2025-04-30,UR,-0.0102845
2025-04-30,MA,-0.0114225
2025-04-30,TF,-0.1293745
2025-04-30,JM,-0.0073075
2025-05-06,AU,0.0636855
2025-05-06,AG,0.039116
2025-05-06,SN,0.034632
2025-05-06,IC,0.034692
2025-05-06,IF,0.0371345
2025-05-06,P,0.046404
2025-05-06,SC,0.0422975
2025-05-06,A,0.114036
2025-05-06,OI,0.0550015
2025-05-06,IM,0.0330005
2025-05-06,LH,-0.0219845
2025-05-06,I,-0.0091785
2025-05-06,CF,-0.018095
2025-05-06,V,-0.012353
2025-05-06,RM,-0.011066
2025-05-06,TS,-0.267205
2025-05-06,UR,-0.0102675
2025-05-06,MA,-0.011424
2025-05-06,TF,-0.1311195
2025-05-06,JM,-0.0073075
2025-05-07,AU,0.06252
2025-05-07,AG,0.038547
2025-05-07,SN,0.035192
2025-05-07,IC,0.035727
2025-05-07,IF,0.0380615
2025-05-07,P,0.047096
2025-05-07,SC,0.0419975
2025-05-07,A,0.1103555
2025-05-07,OI,0.056469
2025-05-07,IM,0.0340345
2025-05-07,LH,-0.0217355
2025-05-07,I,-0.0091545
2025-05-07,CF,-0.0179485
2025-05-07,V,-0.0122515
2025-05-07,RM,-0.011
2025-05-07,UR,-0.0102055
2025-05-07,TS,-0.268405
2025-05-07,MA,-0.011347
2025-05-07,TF,-0.1306005
2025-05-07,JM,-0.0073515
2025-05-08,AU,0.074292
2025-05-08,AG,0.0399895
2025-05-08,SN,0.0348185
2025-05-08,IF,0.038489
2025-05-08,IC,0.0357265
2025-05-08,P,0.0474125
2025-05-08,OI,0.0660375
2025-05-08,SC,0.040048
2025-05-08,IM,0.0336305
2025-05-08,RB,0.0895555
2025-05-08,LH,-0.0218065
2025-05-08,I,-0.0090945
2025-05-08,CF,-0.0177835
2025-05-08,RM,-0.010889
2025-05-08,V,-0.0121005
2025-05-08,UR,-0.0101155
2025-05-08,MA,-0.0112455
2025-05-08,TS,-0.2700135
2025-05-08,JM,-0.0072575
2025-05-08,TF,-0.1296935
2025-05-09,AU,0.064642
2025-05-09,AG,0.035658
2025-05-09,SN,0.032142
2025-05-09,IF,0.0350235
2025-05-09,IM,0.0308625
2025-05-09,IC,0.0325715
2025-05-09,P,0.045932
2025-05-09,RB,0.0762275
2025-05-09,SC,0.0375865
2025-05-09,A,0.1093545
2025-05-09,I,-0.008473
2025-05-09,LH,-0.0224115
2025-05-09,CF,-0.0164095
2025-05-09,RM,-0.0105725
2025-05-09,V,-0.011948
2025-05-09,UR,-0.009921
2025-05-09,TS,-0.271521
2025-05-09,MA,-0.0106465
2025-05-09,TF,-0.1310275
2025-05-09,JM,-0.0070695
2025-05-12,AU,0.0742365
2025-05-12,AG,0.038671
2025-05-12,SN,0.0340325
2025-05-12,IF,0.0367955
2025-05-12,RB,0.0860615
2025-05-12,IH,0.044542
2025-05-12,IC,0.0350385
2025-05-12,P,0.046102
2025-05-12,SC,0.039778
2025-05-12,OI,0.0647425
2025-05-12,LH,-0.022531
2025-05-12,I,-0.008574
2025-05-12,CF,-0.016389
2025-05-12,RM,-0.010679
2025-05-12,UR,-0.010015
2025-05-12,V,-0.012011
2025-05-12,TF,-0.131805
2025-05-12,MA,-0.0106385
2025-05-12,TS,-0.2701865
2025-05-12,JM,-0.007171
2025-05-13,AU,0.06368
2025-05-13,SN,0.0316005
2025-05-13,AG,0.03544
2025-05-13,IF,0.033648
2025-05-13,RB,0.0750035
2025-05-13,P,0.043753
2025-05-13,IC,0.032558
2025-05-13,IH,0.0402515
2025-05-13,A,0.1063905
2025-05-13,SC,0.0376745
2025-05-13,LH,-0.0224965
2025-05-13,I,-0.0081155
2025-05-13,RM,-0.0101605
2025-05-13,CF,-0.015684
2025-05-13,V,-0.011249
2025-05-13,UR,-0.010111
2025-05-13,TS,-0.2769075
2025-05-13,TF,-0.130605
2025-05-13,RU,-0.007794
2025-05-13,JM,-0.006877
2025-05-14,AU,0.062548
2025-05-14,SN,0.0314495
2025-05-14,AG,0.0340185
2025-05-14,RB,0.0677995
2025-05-14,IF,0.033235
2025-05-14,P,0.044454
2025-05-14,IH,0.039563
2025-05-14,IM,0.030379
2025-05-14,A,0.106643
2025-05-14,J,0.0499095
2025-05-14,LH,-0.02143
2025-05-14,I,-0.0083725
2025-05-14,RM,-0.010373
2025-05-14,CF,-0.015672
2025-05-14,RU,-0.007757
2025-05-14,TS,-0.277025
2025-05-14,UR,-0.010078
2025-05-14,TF,-0.1307
2025-05-14,V,-0.0116255
2025-05-14,JM,-0.006967
2025-05-15,AU,0.0590855
2025-05-15,SN,0.0322345
2025-05-15,AG,0.03583
2025-05-15,RB,0.074269
2025-05-15,IF,0.0338565
2025-05-15,P,0.044336
2025-05-15,IH,0.040507
2025-05-15,IM,0.03084
2025-05-15,SC,0.0360555
2025-05-15,A,0.1129865
2025-05-15,RU,-0.007879
2025-05-15,I,-0.0083915
2025-05-15,RM,-0.0104805
2025-05-15,LH,-0.020905
2025-05-15,CF,-0.0160475
2025-05-15,TS,-0.2780245
2025-05-15,V,-0.011251
2025-05-15,UR,-0.010283
2025-05-15,TF,-0.130059
2025-05-15,JM,-0.006679
2025-05-16,AU,0.059353
2025-05-16,AG,0.0361845
2025-05-16,SN,0.032129
2025-05-16,RB,0.072982
2025-05-16,IF,0.0331605
2025-05-16,P,0.0441035
2025-05-16,IH,0.039624
2025-05-16,SC,0.035788
2025-05-16,A,0.1146075
2025-05-16,IC,0.0320685
2025-05-16,RU,-0.007927
2025-05-16,I,-0.008457
2025-05-16,RM,-0.0107015
2025-05-16,LH,-0.0212605
2025-05-16,TS,-0.2828305
2025-05-16,CF,-0.0155165
2025-05-16,JM,-0.006965
2025-05-16,TF,-0.130049
2025-05-16,UR,-0.0102065
2025-05-16,FU,-0.006086
2025-05-19,AU,0.059575
2025-05-19,AG,0.0363175
2025-05-19,SN,0.0321115
2025-05-19,RB,0.0734415
2025-05-19,IF,0.0330235
2025-05-19,A,0.1145155
2025-05-19,SC,0.035879
2025-05-19,IH,0.0394995
2025-05-19,IC,0.0319
2025-05-19,P,0.0437375
2025-05-19,I,-0.008549
2025-05-19,RU,-0.007937
2025-05-19,LH,-0.0212935
2025-05-19,RM,-0.010794
2025-05-19,TS,-0.282844
2025-05-19,TF,-0.1298085
2025-05-19,CF,-0.01559
2025-05-19,FU,-0.0061015
2025-05-19,JM,-0.0069935
2025-05-19,UR,-0.010089
2025-05-20,AU,0.057381
2025-05-20,AG,0.034966
2025-05-20,SN,0.031485
2025-05-20,RB,0.064795
2025-05-20,IF,0.0325335
2025-05-20,IH,0.038971
2025-05-20,SC,0.0353345
2025-05-20,A,0.1103465
2025-05-20,IM,0.0299995
2025-05-20,HC,0.0641885
2025-05-20,I,-0.0086365
2025-05-20,RU,-0.008697
2025-05-20,LH,-0.020289
2025-05-20,RM,-0.011007
2025-05-20,UR,-0.0104295
2025-05-20,TF,-0.1277355
2025-05-20,TS,-0.279853
2025-05-20,FU,-0.006268
2025-05-20,SR,-0.0199625
2025-05-20,JM,-0.0071215
2025-05-21,AU,0.05503
2025-05-21,AG,0.0349495
2025-05-21,SN,0.0313795
2025-05-21,RB,0.075026
2025-05-21,IF,0.032781
2025-05-21,IH,0.039158
2025-05-21,SC,0.034693
2025-05-21,A,0.103244
2025-05-21,IM,0.0305
2025-05-21,Y,0.063239
2025-05-21,I,-0.0086015
2025-05-21,RM,-0.010973
2025-05-21,UR,-0.0103195
2025-05-21,LH,-0.0199845
2025-05-21,RU,-0.008672
2025-05-21,TS,-0.2809375
2025-05-21,TF,-0.127516
2025-05-21,FU,-0.006129
2025-05-21,SR,-0.019824
2025-05-21,JM,-0.007043
2025-05-22,AU,0.054421
2025-05-22,AG,0.034664
2025-05-22,SN,0.0312805
2025-05-22,RB,0.0748335
2025-05-22,SC,0.0346785
2025-05-22,IF,0.03287
2025-05-22,IH,0.0392805
2025-05-22,A,0.1041755
2025-05-22,Y,0.063092
2025-05-22,IM,0.030705
2025-05-22,I,-0.0084945
2025-05-22,UR,-0.0100985
2025-05-22,RU,-0.0085225
2025-05-22,RM,-0.0108795
2025-05-22,LH,-0.019766
2025-05-22,SR,-0.019565
2025-05-22,TF,-0.128003
2025-05-22,TS,-0.2816955
2025-05-22,FU,-0.00615
2025-05-22,JM,-0.0068255
2025-05-23,AU,0.031868
2025-05-23,AG,0.024432
2025-05-23,SN,0.021776
2025-05-23,RB,0.0495435
2025-05-23,SC,0.0233365
2025-05-23,IF,0.025209
2025-05-23,IH,0.0300025
2025-05-23,A,0.061453
2025-05-23,TL,0.188616
2025-05-23,Y,0.043764
2025-05-23,I,-0.0082625
2025-05-23,RM,-0.011168
2025-05-23,UR,-0.010045
2025-05-23,RU,-0.0084315
2025-05-23,LH,-0.0196345
2025-05-23,SR,-0.0195515
2025-05-23,TF,-0.1299855
2025-05-23,TS,-0.2797175
2025-05-23,FU,-0.0060695
2025-05-23,J,-0.0071335
2025-05-26,AU,0.031714
2025-05-26,AG,0.024386
2025-05-26,SN,0.0218365
2025-05-26,RB,0.0499425
2025-05-26,IH,0.029992
2025-05-26,IF,0.0252015
2025-05-26,SC,0.023293
2025-05-26,TL,0.1878565
2025-05-26,A,0.061541
2025-05-26,Y,0.0442375
2025-05-26,I,-0.008311
2025-05-26,UR,-0.010046
2025-05-26,RM,-0.011214
2025-05-26,RU,-0.008482
2025-05-26,LH,-0.019608
2025-05-26,SR,-0.019591
2025-05-26,TF,-0.129982
2025-05-26,TS,-0.279585
2025-05-26,FU,-0.0060335
2025-05-26,J,-0.0071475
2025-05-27,AU,0.054227
2025-05-27,AG,0.0349935
2025-05-27,SN,0.030692
2025-05-27,RB,0.075485
2025-05-27,SC,0.0346685
2025-05-27,IH,0.0393835
2025-05-27,IF,0.032927
2025-05-27,IM,0.030781
2025-05-27,A,0.103727
2025-05-27,Y,0.0631155
2025-05-27,UR,-0.0100795
2025-05-27,RM,-0.0113275
2025-05-27,I,-0.008456
2025-05-27,RU,-0.007877
2025-05-27,LH,-0.0199085
2025-05-27,SR,-0.0188765
2025-05-27,TS,-0.2803915
2025-05-27,TF,-0.1297125
2025-05-27,FU,-0.0063115
2025-05-27,J,-0.0070585
2025-05-28,AU,0.067528
2025-05-28,AG,0.037551
2025-05-28,SN,0.0322715
2025-05-28,RB,0.074552
2025-05-28,SC,0.034818
2025-05-28,IF,0.0348835
2025-05-28,IH,0.042155
2025-05-28,IM,0.0316885
2025-05-28,Y,0.073775
2025-05-28,HC,0.0707775
2025-05-28,UR,-0.010069
2025-05-28,I,-0.008741
2025-05-28,RM,-0.0112405
2025-05-28,RU,-0.0079345
2025-05-28,LH,-0.019804
2025-05-28,SR,-0.019071
2025-05-28,TS,-0.28121
2025-05-28,TF,-0.128682
2025-05-28,FU,-0.0064415
2025-05-28,JM,-0.0068065
2025-05-29,AU,0.0568185
2025-05-29,AG,0.034908
2025-05-29,SN,0.0292115
2025-05-29,RB,0.066027
2025-05-29,SC,0.032408
2025-05-29,IH,0.039524
2025-05-29,IF,0.032858
2025-05-29,IM,0.030071
2025-05-29,HC,0.063396
2025-05-29,A,0.114778
2025-05-29,I,-0.008766
2025-05-29,UR,-0.0099775
2025-05-29,RM,-0.0112765
2025-05-29,RU,-0.007645
2025-05-29,LH,-0.01957
2025-05-29,SR,-0.019162
2025-05-29,TF,-0.1292695
2025-05-29,TS,-0.2817095
2025-05-29,FU,-0.0061055
2025-05-29,JM,-0.006518
2025-05-30,AU,0.058789
2025-05-30,AG,0.0351705
2025-05-30,SN,0.030179
2025-05-30,RB,0.068362
2025-05-30,SC,0.0316425
2025-05-30,IH,0.042015
2025-05-30,IF,0.0349045
2025-05-30,IM,0.031496
2025-05-30,A,0.120166
2025-05-30,J,0.047275
2025-05-30,UR,-0.00988
2025-05-30,I,-0.00779
2025-05-30,RM,-0.0114045
2025-05-30,RU,-0.007588
2025-05-30,SR,-0.018083
2025-05-30,TF,-0.129592
2025-05-30,TS,-0.283547
2025-05-30,LH,-0.0192375
2025-05-30,FU,-0.006368
2025-05-30,JM,-0.0065105
2025-06-03,AU,0.072677
2025-06-03,SN,0.032133
2025-06-03,AG,0.039089
2025-06-03,SC,0.0338745
2025-06-03,RB,0.076731
2025-06-03,IH,0.0462655
2025-06-03,IM,0.0338855
2025-06-03,IF,0.0381445
2025-06-03,Y,0.078849
2025-06-03,J,0.048352
2025-06-03,UR,-0.0101785
2025-06-03,I,-0.0079265
2025-06-03,RM,-0.012708
2025-06-03,SR,-0.0193475
2025-06-03,RU,-0.0077515
2025-06-03,TF,-0.130575
2025-06-03,LH,-0.0200455
2025-06-03,MA,-0.0099505
2025-06-03,JM,-0.005757
2025-06-03,TS,-0.2757595
2025-06-04,AU,0.0831315
2025-06-04,AG,0.043682
2025-06-04,SN,0.0349
2025-06-04,RB,0.0785875
2025-06-04,SC,0.0366785
2025-06-04,J,0.044584
2025-06-04,IF,0.0426725
2025-06-04,IH,0.051864
2025-06-04,IC,0.04014
2025-06-04,JM,0.04376
2025-06-04,I,-0.0079575
2025-06-04,UR,-0.009601
2025-06-04,RM,-0.0118685
2025-06-04,RU,-0.0071835
2025-06-04,SR,-0.0173565
2025-06-04,LH,-0.0191495
2025-06-04,TF,-0.1299755
2025-06-04,FU,-0.006128
2025-06-04,TS,-0.2822765
2025-06-04,CU,-0.0085035
2025-06-05,AU,0.035211
2025-06-05,AG,0.023856
2025-06-05,SN,0.0204135
2025-06-05,RB,0.0446525
2025-06-05,SC,0.0217145
2025-06-05,IF,0.0286875
2025-06-05,J,0.0264615
2025-06-05,A,0.076899
2025-06-05,TL,0.195564
2025-06-05,IC,0.0265405
2025-06-05,I,-0.007203
2025-06-05,UR,-0.009288
2025-06-05,RM,-0.0116495
2025-06-05,SR,-0.017003
2025-06-05,RU,-0.0071735
2025-06-05,LH,-0.018881
2025-06-05,FU,-0.0060865
2025-06-05,TF,-0.131432
2025-06-05,TS,-0.2806105
2025-06-05,HC,-0.010673
2025-06-06,AU,0.0345855
2025-06-06,AG,0.023398
2025-06-06,SN,0.020189
2025-06-06,SC,0.021936
2025-06-06,RB,0.0444925
2025-06-06,J,0.0267665
2025-06-06,A,0.075
2025-06-06,IH,0.033089
2025-06-06,IF,0.027685
2025-06-06,TL,0.192859
2025-06-06,I,-0.007746
2025-06-06,UR,-0.010395
2025-06-06,RM,-0.0120415
2025-06-06,RU,-0.0068515
2025-06-06,SR,-0.0178665
2025-06-06,M,-0.0166375
2025-06-06,FU,-0.0062475
2025-06-06,TF,-0.12976
2025-06-06,TS,-0.2841605
2025-06-06,CU,-0.008294
2025-06-09,AU,0.0331045
2025-06-09,AG,0.0228675
2025-06-09,SN,0.019279
2025-06-09,SC,0.021215
2025-06-09,RB,0.042823
2025-06-09,J,0.0250315
2025-06-09,IF,0.026587
2025-06-09,IH,0.031614
2025-06-09,A,0.0772275
2025-06-09,TL,0.2002505
2025-06-09,I,-0.0069665
2025-06-09,UR,-0.0097925
2025-06-09,RM,-0.010356
2025-06-09,SR,-0.0167485
2025-06-09,RU,-0.0063635
2025-06-09,M,-0.017528
2025-06-09,MA,-0.008773
2025-06-09,TF,-0.1273195
2025-06-09,TS,-0.2881225
2025-06-09,CU,-0.00803
2025-06-10,AU,0.0620935
2025-06-10,SN,0.028191
2025-06-10,AG,0.034711
2025-06-10,SC,0.0300125
2025-06-10,RB,0.0624105
2025-06-10,J,0.0369385
2025-06-10,IH,0.045217
2025-06-10,IF,0.0376305
2025-06-10,A,0.1279295
2025-06-10,JM,0.034867
2025-06-10,I,-0.006494
2025-06-10,UR,-0.009228
2025-06-10,RM,-0.0103375
2025-06-10,SR,-0.015958
2025-06-10,M,-0.016079
2025-06-10,RU,-0.0061495
2025-06-10,MA,-0.0079215
2025-06-10,TF,-0.1285745
2025-06-10,TS,-0.2912165
2025-06-10,CU,-0.008041
2025-06-11,AU,0.0851965
2025-06-11,SN,0.034672
2025-06-11,AG,0.042037
2025-06-11,SC,0.036267
2025-06-11,J,0.0456245
2025-06-11,RB,0.079205
2025-06-11,IH,0.052759
2025-06-11,JM,0.0433015
2025-06-11,IM,0.037874
2025-06-11,IF,0.043064
2025-06-11,I,-0.006513
2025-06-11,UR,-0.009163
2025-06-11,SR,-0.0159415
2025-06-11,RM,-0.0104245
2025-06-11,M,-0.016139
2025-06-11,MA,-0.0079935
2025-06-11,RU,-0.00607
2025-06-11,TF,-0.1277095
2025-06-11,TS,-0.292058
2025-06-11,CU,-0.007988
2025-06-12,AU,0.062381
2025-06-12,SN,0.0334275
2025-06-12,AG,0.035945
2025-06-12,SC,0.02702
2025-06-12,IH,0.047951
2025-06-12,RB,0.0630415
2025-06-12,J,0.035706
2025-06-12,IF,0.0386535
2025-06-12,JM,0.0344075
2025-06-12,A,0.121467
2025-06-12,I,-0.006679
2025-06-12,UR,-0.0084805
2025-06-12,SR,-0.0155555
2025-06-12,RM,-0.0125725
2025-06-12,LH,-0.017984
2025-06-12,MA,-0.0071585
2025-06-12,RU,-0.005947
2025-06-12,TF,-0.127334
2025-06-12,TS,-0.2900565
2025-06-12,CU,-0.008232
2025-06-13,AU,0.0844125
2025-06-13,AG,0.0422115
2025-06-13,SN,0.0407955
2025-06-13,SC,0.032772
2025-06-13,J,0.0430215
2025-06-13,IH,0.054055
2025-06-13,IF,0.0432215
2025-06-13,RB,0.078501
2025-06-13,IC,0.0398645
2025-06-13,JM,0.0411445
2025-06-13,I,-0.0068695
2025-06-13,UR,-0.0076635
2025-06-13,SR,-0.015422
2025-06-13,RM,-0.0125025
2025-06-13,LH,-0.0173715
2025-06-13,MA,-0.0067375
2025-06-13,RU,-0.0059725
2025-06-13,TF,-0.134316
2025-06-13,TS,-0.2851105
2025-06-13,CU,-0.0080355
2025-06-16,AU,0.0692855
2025-06-16,SN,0.0367055
2025-06-16,AG,0.037575
2025-06-16,SC,0.029346
2025-06-16,J,0.0466535
2025-06-16,IH,0.0467505
2025-06-16,IF,0.037433
2025-06-16,RB,0.0766675
2025-06-16,IC,0.0350625
2025-06-16,OI,0.0845215
2025-06-16,I,-0.0069305
2025-06-16,UR,-0.007178
2025-06-16,SR,-0.016533
2025-06-16,RM,-0.0124035
2025-06-16,LH,-0.0176485
2025-06-16,RU,-0.006017
2025-06-16,MA,-0.0065815
2025-06-16,TF,-0.132145
2025-06-16,TS,-0.2866515
2025-06-16,CU,-0.007912
2025-06-17,AU,0.083948
2025-06-17,SN,0.0407885
2025-06-17,AG,0.0417475
2025-06-17,SC,0.031724
2025-06-17,J,0.0434165
2025-06-17,IH,0.054316
2025-06-17,RB,0.0791375
2025-06-17,IF,0.043362
2025-06-17,IC,0.0401455
2025-06-17,JM,0.0414145
2025-06-17,I,-0.0071305
2025-06-17,UR,-0.007017
2025-06-17,SR,-0.016452
2025-06-17,RM,-0.0122545
2025-06-17,LH,-0.01765
2025-06-17,TF,-0.1331045
2025-06-17,RU,-0.005935
2025-06-17,MA,-0.0063435
2025-06-17,TS,-0.2863355
2025-06-17,CU,-0.0077775
2025-06-18,AU,0.0838015
2025-06-18,SN,0.0407785
2025-06-18,AG,0.041328
2025-06-18,J,0.0434645
2025-06-18,IH,0.0543315
2025-06-18,SC,0.0319845
2025-06-18,RB,0.079334
2025-06-18,IF,0.043354
2025-06-18,JM,0.0415325
2025-06-18,IC,0.040091
2025-06-18,I,-0.0070385
2025-06-18,UR,-0.0071515
2025-06-18,SR,-0.01604
2025-06-18,RM,-0.0119135
2025-06-18,LH,-0.0171265
2025-06-18,MA,-0.006317
2025-06-18,RU,-0.005942
2025-06-18,TF,-0.135847
2025-06-18,TS,-0.2848725
2025-06-18,CU,-0.007752
2025-06-19,AU,0.0695065
2025-06-19,AG,0.0368405
2025-06-19,SN,0.036774
2025-06-19,SC,0.02821
2025-06-19,J,0.0476095
2025-06-19,IH,0.0475955
2025-06-19,IF,0.037795
2025-06-19,RB,0.0775085
2025-06-19,IC,0.035396
2025-06-19,OI,0.0827645
2025-06-19,I,-0.0068795
2025-06-19,UR,-0.00698
2025-06-19,SR,-0.0155205
2025-06-19,RM,-0.0115585
2025-06-19,LH,-0.0173955
2025-06-19,MA,-0.0061345
2025-06-19,RU,-0.005802
2025-06-19,CU,-0.00783
2025-06-19,TF,-0.1367415
2025-06-19,TS,-0.285158
2025-06-20,AU,0.077339
2025-06-20,AG,0.0382155
2025-06-20,SN,0.0383185
2025-06-20,SC,0.029011
2025-06-20,IH,0.0495635
2025-06-20,J,0.0450595
2025-06-20,IF,0.039354
2025-06-20,RB,0.0759225
2025-06-20,IC,0.036619
2025-06-20,V,0.070597
2025-06-20,I,-0.007307
2025-06-20,UR,-0.006836
2025-06-20,SR,-0.014772
2025-06-20,RM,-0.0110175
2025-06-20,LH,-0.018023
2025-06-20,RU,-0.005754
2025-06-20,MA,-0.006063
2025-06-20,CU,-0.007972
2025-06-20,TF,-0.13952
2025-06-20,TS,-0.282735
2025-06-23,AU,0.0762925
2025-06-23,AG,0.038403
2025-06-23,SN,0.039032
2025-06-23,IH,0.0504545
2025-06-23,SC,0.027124
2025-06-23,J,0.044595
2025-06-23,IF,0.0401315
2025-06-23,IC,0.037459
2025-06-23,RB,0.0762105
2025-06-23,V,0.0702975
2025-06-23,I,-0.0074115
2025-06-23,SR,-0.0149915
2025-06-23,RM,-0.011228
2025-06-23,UR,-0.0069165
2025-06-23,LH,-0.0180625
2025-06-23,RU,-0.005691
2025-06-23,CU,-0.008264
2025-06-23,MA,-0.0054975
2025-06-23,TF,-0.13733
2025-06-23,TS,-0.2846075
2025-06-24,AG,0.0389655
2025-06-24,AU,0.076565
2025-06-24,SN,0.039561
2025-06-24,IH,0.0498905
2025-06-24,J,0.0438885
2025-06-24,SC,0.02758
2025-06-24,IF,0.039731
2025-06-24,IC,0.037145
2025-06-24,RB,0.0766035
2025-06-24,V,0.070071
2025-06-24,I,-0.0072255
2025-06-24,SR,-0.014689
2025-06-24,RM,-0.0105165
2025-06-24,LH,-0.017782
2025-06-24,UR,-0.0066065
2025-06-24,RU,-0.0053305
2025-06-24,MA,-0.0052295
2025-06-24,CU,-0.0080005
2025-06-24,TS,-0.286803
2025-06-24,TF,-0.1378165
2025-06-25,AG,0.037086
2025-06-25,AU,0.068402
2025-06-25,SN,0.037746
2025-06-25,IH,0.048165
2025-06-25,J,0.048389
2025-06-25,SC,0.026034
2025-06-25,IF,0.038222
2025-06-25,IC,0.035796
2025-06-25,RB,0.079283
2025-06-25,OI,0.080878
2025-06-25,I,-0.007146
2025-06-25,RM,-0.010506
2025-06-25,SR,-0.0143585
2025-06-25,LH,-0.0180345
2025-06-25,UR,-0.0066135
2025-06-25,RU,-0.005094
2025-06-25,TA,-0.0038395
2025-06-25,CU,-0.0078185
2025-06-25,TS,-0.2894295
2025-06-25,TF,-0.1371605
2025-06-26,AU,0.0559825
2025-06-26,AG,0.0336845
2025-06-26,SN,0.03474
2025-06-26,IH,0.044577
2025-06-26,IF,0.0355945
2025-06-26,J,0.0428045
2025-06-26,SC,0.0238145
2025-06-26,IC,0.0331495
2025-06-26,RB,0.0690975
2025-06-26,A,0.126555
2025-06-26,I,-0.0070355
2025-06-26,RM,-0.010615
2025-06-26,SR,-0.0140605
2025-06-26,UR,-0.0067135
2025-06-26,LH,-0.0205515
2025-06-26,TS,-0.2866605
2025-06-26,RU,-0.0052685
2025-06-26,TA,-0.0038925
2025-06-26,CU,-0.00794
2025-06-26,TF,-0.137263
2025-06-27,AU,0.0542715
2025-06-27,AG,0.032394
2025-06-27,SN,0.033487
2025-06-27,IH,0.042037
2025-06-27,IF,0.033416
2025-06-27,IM,0.0296705
2025-06-27,SC,0.0235815
2025-06-27,A,0.1188965
2025-06-27,HC,0.0652985
2025-06-27,RB,0.066947
2025-06-27,I,-0.0065335
2025-06-27,RM,-0.0112775
2025-06-27,SR,-0.013949
2025-06-27,UR,-0.007019
2025-06-27,TS,-0.421294
2025-06-27,RU,-0.0049165
2025-06-27,LH,-0.019887
2025-06-27,TA,-0.0038685
2025-06-27,CU,-0.007488
2025-06-27,JM,-0.003767
2025-06-30,AG,0.0382335
2025-06-30,SN,0.039596
2025-06-30,AU,0.0770105
2025-06-30,IH,0.0503265
2025-06-30,IF,0.0396115
2025-06-30,IM,0.034414
2025-06-30,SC,0.028055
2025-06-30,RB,0.0747025
2025-06-30,HC,0.0711455
2025-06-30,J,0.0469045
2025-06-30,I,-0.007277
2025-06-30,RM,-0.0106725
2025-06-30,SR,-0.01438
2025-06-30,UR,-0.0068535
2025-06-30,TS,-0.289673
2025-06-30,LH,-0.019907
2025-06-30,RU,-0.0052115
2025-06-30,TA,-0.0039235
2025-06-30,CU,-0.0078975
2025-06-30,TF,-0.1342045
2025-07-01,SN,0.0318285
2025-07-01,AU,0.045274
2025-07-01,AG,0.027486
2025-07-01,IH,0.032905
2025-07-01,IF,0.0270315
2025-07-01,IM,0.0274135
2025-07-01,HC,0.056417
2025-07-01,RB,0.05714
2025-07-01,A,0.101205
2025-07-01,JD,0.0932995
2025-07-01,I,-0.006041
2025-07-01,RM,-0.010866
2025-07-01,SR,-0.014095
2025-07-01,UR,-0.0066475
2025-07-01,LH,-0.015306
2025-07-01,TS,-0.4231775
2025-07-01,RU,-0.004748
2025-07-01,TA,-0.003623
2025-07-01,AL,-0.0088465
2025-07-01,CU,-0.006649
2025-07-02,SN,0.0343315
2025-07-02,AU,0.0557355
2025-07-02,AG,0.031754
2025-07-02,IH,0.0394435
2025-07-02,IF,0.0318745
2025-07-02,IM,0.0288395
2025-07-02,HC,0.0577655
2025-07-02,RB,0.0584315
2025-07-02,A,0.1185305
2025-07-02,SA,0.043294
2025-07-02,I,-0.0053795
2025-07-02,RM,-0.010442
2025-07-02,SR,-0.013276
2025-07-02,UR,-0.005926
2025-07-02,RU,-0.0041495
2025-07-02,TS,-0.429833
2025-07-02,LH,-0.013814
2025-07-02,TA,-0.0032135
2025-07-02,AL,-0.00803
2025-07-02,CU,-0.005936
2025-07-03,SN,0.034391
2025-07-03,AU,0.0557195
2025-07-03,IH,0.039711
2025-07-03,AG,0.0318045
2025-07-03,IF,0.0320475
2025-07-03,IM,0.028859
2025-07-03,HC,0.057893
2025-07-03,RB,0.0586355
2025-07-03,A,0.1176235
2025-07-03,SA,0.043315
2025-07-03,I,-0.00578
2025-07-03,RM,-0.0116025
2025-07-03,SR,-0.014781
2025-07-03,UR,-0.006401
2025-07-03,RU,-0.004518
2025-07-03,TS,-0.4265635
2025-07-03,LH,-0.0141465
2025-07-03,TA,-0.0035875
2025-07-03,AL,-0.00935
2025-07-03,JM,-0.0032705
2025-07-04,SN,0.035293
2025-07-04,AU,0.0466795
2025-07-04,IH,0.066933
2025-07-04,AG,0.035843
2025-07-04,IF,0.052391
2025-07-04,RB,0.047796
2025-07-04,IM,0.0365845
2025-07-04,HC,0.049509
2025-07-04,CF,0.0666355
2025-07-04,A,0.062335
2025-07-04,I,-0.006431
2025-07-04,RM,-0.0122285
2025-07-04,SR,-0.0167345
2025-07-04,UR,-0.0070235
2025-07-04,LH,-0.0144385
2025-07-04,TS,-0.419442
2025-07-04,TA,-0.0039975
2025-07-04,RU,-0.004984
2025-07-04,AL,-0.011264
2025-07-04,JM,-0.0034565
2025-07-07,AU,0.054259
2025-07-07,SN,0.036659
2025-07-07,IH,0.0771865
2025-07-07,AG,0.038227
2025-07-07,IF,0.0579305
2025-07-07,RB,0.050937
2025-07-07,IM,0.039676
2025-07-07,HC,0.0526475
2025-07-07,SC,0.0214535
2025-07-07,CF,0.071023
2025-07-07,I,-0.006386
2025-07-07,RM,-0.0082495
2025-07-07,SR,-0.015807
2025-07-07,UR,-0.006842
2025-07-07,TS,-0.4254735
2025-07-07,M,-0.011778
2025-07-07,TA,-0.0037685
2025-07-07,RU,-0.0047175
2025-07-07,AL,-0.009165
2025-07-07,CU,-0.0078135
2025-07-08,AU,0.0455645
2025-07-08,SN,0.038617
2025-07-08,IH,0.08065
2025-07-08,AG,0.038757
2025-07-08,IF,0.061115
2025-07-08,RB,0.0529795
2025-07-08,IM,0.0405395
2025-07-08,HC,0.055505
2025-07-08,SC,0.0212755
2025-07-08,A,0.0649975
2025-07-08,I,-0.006775
2025-07-08,RM,-0.009743
2025-07-08,SR,-0.0174035
2025-07-08,UR,-0.007141
2025-07-08,TA,-0.004567
2025-07-08,M,-0.013154
2025-07-08,RU,-0.005531
2025-07-08,TS,-0.4209195
2025-07-08,AL,-0.011183
2025-07-08,JM,-0.003582
2025-07-09,AU,0.046486
2025-07-09,SN,0.0362
2025-07-09,IH,0.0766245
2025-07-09,AG,0.041357
2025-07-09,IF,0.0639525
2025-07-09,RB,0.05196
2025-07-09,IM,0.043734
2025-07-09,HC,0.05269
2025-07-09,A,0.0645525
2025-07-09,SC,0.022444
2025-07-09,I,-0.006228
2025-07-09,RM,-0.0082925
2025-07-09,SR,-0.017874
2025-07-09,UR,-0.006893
2025-07-09,TA,-0.0049925
2025-07-09,RU,-0.005625
2025-07-09,M,-0.0113025
2025-07-09,JM,-0.003058
2025-07-09,TS,-0.4237475
2025-07-09,AL,-0.011987
2025-07-10,AU,0.0457415
2025-07-10,IH,0.075164
2025-07-10,SN,0.03582
2025-07-10,AG,0.039692
2025-07-10,IF,0.062652
2025-07-10,IC,0.050849
2025-07-10,RB,0.050279
2025-07-10,HC,0.0507125
2025-07-10,A,0.0672725
2025-07-10,SC,0.021818
2025-07-10,I,-0.0065255
2025-07-10,SR,-0.0184645
2025-07-10,RM,-0.008203
2025-07-10,TA,-0.004669
2025-07-10,UR,-0.0071985
2025-07-10,M,-0.011284
2025-07-10,FU,-0.003893
2025-07-10,JM,-0.0032375
2025-07-10,AL,-0.0124315
2025-07-10,TS,-0.424094
2025-07-11,AU,0.0455885
2025-07-11,IH,0.0761125
2025-07-11,SN,0.03621
2025-07-11,AG,0.039434
2025-07-11,IF,0.062853
2025-07-11,IC,0.0513535
2025-07-11,HC,0.0505015
2025-07-11,RB,0.049823
2025-07-11,A,0.0667085
2025-07-11,SC,0.021416
2025-07-11,I,-0.006095
2025-07-11,SR,-0.017563
2025-07-11,RM,-0.0079025
2025-07-11,M,-0.0107285
2025-07-11,UR,-0.006836
2025-07-11,TA,-0.0048985
2025-07-11,RU,-0.005421
2025-07-11,JM,-0.0029435
2025-07-11,AL,-0.011553
2025-07-11,TS,-0.426059
2025-07-14,AU,0.045595
2025-07-14,IH,0.07514
2025-07-14,AG,0.039577
2025-07-14,SN,0.035939
2025-07-14,IF,0.0630785
2025-07-14,IC,0.0516735
2025-07-14,HC,0.050472
2025-07-14,RB,0.049413
2025-07-14,A,0.06793
2025-07-14,SC,0.0211815
2025-07-14,I,-0.005618
2025-07-14,SR,-0.0159905
2025-07-14,RM,-0.009792
2025-07-14,TA,-0.004692
2025-07-14,UR,-0.006351
2025-07-14,LH,-0.0098765
2025-07-14,RU,-0.0054795
2025-07-14,AL,-0.0114015
2025-07-14,JM,-0.0027145
2025-07-14,TS,-0.4280845
2025-07-15,AU,0.0411835
2025-07-15,IH,0.067025
2025-07-15,SN,0.0341315
2025-07-15,AG,0.037108
2025-07-15,IF,0.0566015
2025-07-15,HC,0.048446
2025-07-15,IC,0.0472825
2025-07-15,RB,0.047265
2025-07-15,A,0.0614145
2025-07-15,OI,0.0595435
2025-07-15,I,-0.0338
2025-07-15,SR,-0.0991265
2025-07-15,RM,-0.0575725
2025-07-15,M,-0.079634
2025-07-15,TA,-0.03327
2025-07-15,RU,-0.0329835
2025-07-15,UR,-0.049136
2025-07-15,JM,-0.018026
2025-07-15,AL,-0.0745035
2025-07-15,J,-0.021948
2025-07-16,AU,0.041724
2025-07-16,IH,0.0676455
2025-07-16,IF,0.05601
2025-07-16,SN,0.035252
2025-07-16,AG,0.036988
2025-07-16,HC,0.0472745
2025-07-16,IC,0.0464395
2025-07-16,A,0.060929
2025-07-16,RB,0.046839
2025-07-16,OI,0.0608985
2025-07-16,I,-0.033705
2025-07-16,SR,-0.10107
2025-07-16,RM,-0.054619
2025-07-16,UR,-0.049307
2025-07-16,M,-0.075427
2025-07-16,TA,-0.0345805
2025-07-16,RU,-0.0330135
2025-07-16,JM,-0.017973
2025-07-16,AL,-0.0782685
2025-07-16,J,-0.0220365
2025-07-17,AU,0.040678
2025-07-17,IH,0.06503
2025-07-17,SN,0.034823
2025-07-17,IF,0.0551875
2025-07-17,AG,0.0360185
2025-07-17,HC,0.0467585
2025-07-17,IC,0.0465285
2025-07-17,A,0.066856
2025-07-17,RB,0.046732
2025-07-17,OI,0.061388
2025-07-17,I,-0.0334055
2025-07-17,SR,-0.101525
2025-07-17,UR,-0.049553
2025-07-17,M,-0.074855
2025-07-17,MA,-0.033262
2025-07-17,RM,-0.0554405
2025-07-17,RU,-0.033185
2025-07-17,AL,-0.079227
2025-07-17,JM,-0.0176295
2025-07-17,J,-0.0219175
2025-07-18,AU,0.0426645
2025-07-18,IH,0.062862
2025-07-18,AG,0.0363945
2025-07-18,IF,0.0548875
2025-07-18,HC,0.044116
2025-07-18,SN,0.037606
2025-07-18,IM,0.0432585
2025-07-18,RB,0.0452955
2025-07-18,A,0.070439
2025-07-18,OI,0.062477
2025-07-18,I,-0.0313525
2025-07-18,SR,-0.1021645
2025-07-18,M,-0.0938835
2025-07-18,UR,-0.039275
2025-07-18,MA,-0.0302895
2025-07-18,RU,-0.033743
2025-07-18,LH,-0.065283
2025-07-18,JM,-0.0142285
2025-07-18,J,-0.0186645
2025-07-18,AL,-0.071115
2025-07-21,AU,0.043152
2025-07-21,IH,0.0614835
2025-07-21,AG,0.03525
2025-07-21,SN,0.0377445
2025-07-21,HC,0.0404365
2025-07-21,IF,0.0538045
2025-07-21,IC,0.048054
2025-07-21,OI,0.067858
2025-07-21,RB,0.041012
2025-07-21,A,0.071205
2025-07-21,I,-0.0308805
2025-07-21,SR,-0.1055185
2025-07-21,M,-0.0912235
2025-07-21,UR,-0.038556
2025-07-21,MA,-0.029665
2025-07-21,RU,-0.0340165
2025-07-21,LH,-0.06586
2025-07-21,JM,-0.014046
2025-07-21,AL,-0.072401
2025-07-21,J,-0.0178335
2025-07-22,AU,0.0584545
2025-07-22,IH,0.0655345
2025-07-22,AG,0.0380295
2025-07-22,HC,0.0434835
2025-07-22,SN,0.0398035
2025-07-22,IF,0.05652
2025-07-22,IC,0.04974
2025-07-22,RB,0.044535
2025-07-22,OI,0.065825
2025-07-22,P,0.0380755
2025-07-22,I,-0.0329495
2025-07-22,SR,-0.1082525
2025-07-22,M,-0.087659
2025-07-22,UR,-0.0396645
2025-07-22,RU,-0.0354995
2025-07-22,MA,-0.029526
2025-07-22,JD,-0.0609945
2025-07-22,JM,-0.0152335
2025-07-22,J,-0.019114
2025-07-22,AL,-0.0711065
2025-07-23,AU,0.0596465
2025-07-23,IH,0.065538
2025-07-23,AG,0.038644
2025-07-23,HC,0.043755
2025-07-23,IF,0.05637
2025-07-23,SN,0.038922
2025-07-23,IC,0.0488275
2025-07-23,OI,0.0657395
2025-07-23,RB,0.044726
2025-07-23,P,0.0378315
2025-07-23,I,-0.031867
2025-07-23,SR,-0.1078455
2025-07-23,M,-0.087733
2025-07-23,LH,-0.0660695
2025-07-23,UR,-0.0378465
2025-07-23,MA,-0.0299815
2025-07-23,RU,-0.034018
2025-07-23,JM,-0.014081
2025-07-23,J,-0.018291
2025-07-23,AL,-0.0722675
2025-07-24,AU,0.0594445
2025-07-24,IH,0.064358
2025-07-24,AG,0.038637
2025-07-24,HC,0.044338
2025-07-24,SN,0.0390055
2025-07-24,IF,0.0557455
2025-07-24,IC,0.048878
2025-07-24,RB,0.0453995
2025-07-24,OI,0.066699
2025-07-24,P,0.037495
2025-07-24,I,-0.0075685
2025-07-24,SR,-0.023349
2025-07-24,M,-0.0141665
2025-07-24,JD,-0.011292
2025-07-24,UR,-0.007019
2025-07-24,MA,-0.0055165
2025-07-24,RU,-0.0075065
2025-07-24,AL,-0.0125565
2025-07-24,TS,-0.3632595
2025-07-24,TL,-0.0477665
2025-07-25,AU,0.060731
2025-07-25,IH,0.0662165
2025-07-25,AG,0.037592
2025-07-25,IF,0.0573695
2025-07-25,SN,0.038626
2025-07-25,HC,0.038588
2025-07-25,IC,0.050558
2025-07-25,RB,0.0394815
2025-07-25,OI,0.070398
2025-07-25,P,0.04044
2025-07-25,I,-0.007098
2025-07-25,SR,-0.022479
2025-07-25,M,-0.012972
2025-07-25,JD,-0.010527
2025-07-25,UR,-0.0063185
2025-07-25,MA,-0.0049055
2025-07-25,RU,-0.0067615
2025-07-25,TS,-0.368477
2025-07-25,AL,-0.011962
2025-07-25,TL,-0.048499
2025-07-28,AU,0.0520635
2025-07-28,IH,0.0660185
2025-07-28,AG,0.034509
2025-07-28,IF,0.0557275
2025-07-28,HC,0.0327745
2025-07-28,SN,0.036476
2025-07-28,IC,0.0481715
2025-07-28,OI,0.0692585
2025-07-28,RB,0.033324
2025-07-28,A,0.0716775
2025-07-28,I,-0.0072915
2025-07-28,SR,-0.0234165
2025-07-28,M,-0.0132965
2025-07-28,JD,-0.010694
2025-07-28,UR,-0.006552
2025-07-28,MA,-0.005061
2025-07-28,RU,-0.0068005
2025-07-28,AL,-0.012138
2025-07-28,TS,-0.3670655
2025-07-28,TL,-0.047685
2025-07-29,AU,0.061773
2025-07-29,IH,0.0679005
2025-07-29,AG,0.038204
2025-07-29,IF,0.0580855
2025-07-29,SN,0.0396955
2025-07-29,HC,0.0367635
2025-07-29,IC,0.0500765
2025-07-29,RB,0.037606
2025-07-29,OI,0.0688815
2025-07-29,P,0.041014
2025-07-29,I,-0.0073715
2025-07-29,SR,-0.0239855
2025-07-29,M,-0.0137025
2025-07-29,UR,-0.006561
2025-07-29,MA,-0.005129
2025-07-29,JD,-0.010958
2025-07-29,RU,-0.0068595
2025-07-29,AL,-0.012213
2025-07-29,TS,-0.3650755
2025-07-29,TL,-0.0481445
2025-07-30,AU,0.0659225
2025-07-30,IH,0.0652645
2025-07-30,AG,0.037826
2025-07-30,HC,0.036042
2025-07-30,IF,0.054853
2025-07-30,SN,0.042625
2025-07-30,IC,0.050365
2025-07-30,RB,0.0352955
2025-07-30,OI,0.068311
2025-07-30,P,0.043496
2025-07-30,I,-0.0072875
2025-07-30,SR,-0.0240405
2025-07-30,JD,-0.01076
2025-07-30,M,-0.0136155
2025-07-30,UR,-0.006482
2025-07-30,MA,-0.005147
2025-07-30,RU,-0.006663
2025-07-30,TS,-0.365312
2025-07-30,AL,-0.012117
2025-07-30,TL,-0.048575
2025-07-31,AU,0.0663485
2025-07-31,IH,0.064376
2025-07-31,AG,0.0375145
2025-07-31,HC,0.0363495
2025-07-31,IF,0.054424
2025-07-31,SN,0.042803
2025-07-31,IC,0.050338
2025-07-31,RB,0.035446
2025-07-31,OI,0.068702
2025-07-31,P,0.043699
2025-07-31,SR,-0.0228725
2025-07-31,I,-0.007435
2025-07-31,UR,-0.006542
2025-07-31,JD,-0.010621
2025-07-31,MA,-0.0051795
2025-07-31,M,-0.0138095
2025-07-31,RU,-0.0065585
2025-07-31,TS,-0.366301
2025-07-31,AL,-0.0122255
2025-07-31,TL,-0.048456
2025-08-01,AU,0.063027
2025-08-01,AG,0.0384
2025-08-01,IH,0.070007
2025-08-01,HC,0.036737
2025-08-01,IF,0.0593105
2025-08-01,SN,0.043488
2025-08-01,IC,0.0546235
2025-08-01,RB,0.035966
2025-08-01,OI,0.070326
2025-08-01,FU,0.028116
2025-08-01,SR,-0.022747
2025-08-01,I,-0.0074515
2025-08-01,UR,-0.006669
2025-08-01,JD,-0.009968
2025-08-01,RM,-0.0106715
2025-08-01,MA,-0.005233
2025-08-01,RU,-0.0065135
2025-08-01,TS,-0.371252
2025-08-01,AL,-0.0122175
2025-08-01,TL,-0.047277
2025-08-04,AU,0.066356
2025-08-04,IH,0.07001
2025-08-04,AG,0.038469
2025-08-04,HC,0.03651
2025-08-04,IF,0.060071
2025-08-04,SN,0.0434235
2025-08-04,IM,0.0530845
2025-08-04,OI,0.068093
2025-08-04,RB,0.035872
2025-08-04,FU,0.028111
2025-08-04,SR,-0.015736
2025-08-04,I,-0.0050165
2025-08-04,UR,-0.0045345
2025-08-04,M,-0.011054
2025-08-04,JD,-0.007777
2025-08-04,RU,-0.0043425
2025-08-04,MA,-0.003757
2025-08-04,TS,-0.436666
2025-08-04,AL,-0.0094585
2025-08-04,JM,-0.0016585
2025-08-05,AU,0.066863
2025-08-05,AG,0.037811
2025-08-05,IH,0.070387
2025-08-05,IF,0.0598785
2025-08-05,SN,0.0429605
2025-08-05,HC,0.0363695
2025-08-05,IM,0.0519705
2025-08-05,OI,0.0697865
2025-08-05,FU,0.0282195
2025-08-05,RB,0.035754
2025-08-05,I,-0.0050575
2025-08-05,SR,-0.016006
2025-08-05,UR,-0.004593
2025-08-05,RU,-0.0043685
2025-08-05,JD,-0.007637
2025-08-05,M,-0.01113
2025-08-05,MA,-0.0037785
2025-08-05,TS,-0.436035
2025-08-05,AL,-0.009739
2025-08-05,JM,-0.001655
2025-08-06,AU,0.068267
2025-08-06,AG,0.03853
2025-08-06,IH,0.0697975
2025-08-06,IF,0.059248
2025-08-06,SN,0.0429185
2025-08-06,HC,0.036526
2025-08-06,IM,0.0514385
2025-08-06,OI,0.068858
2025-08-06,FU,0.028188
2025-08-06,RB,0.036229
2025-08-06,SR,-0.0162285
2025-08-06,I,-0.00511
2025-08-06,UR,-0.004578
2025-08-06,JD,-0.0075855
2025-08-06,M,-0.0111045
2025-08-06,MA,-0.0037805
2025-08-06,RU,-0.0043575
2025-08-06,TS,-0.435926
2025-08-06,AL,-0.0096775
2025-08-06,JM,-0.001652
2025-08-07,AG,0.03814
2025-08-07,AU,0.068676
2025-08-07,IH,0.06892
2025-08-07,HC,0.0367265
2025-08-07,SN,0.043122
2025-08-07,IF,0.058992
2025-08-07,IM,0.052134
2025-08-07,FU,0.0274615
2025-08-07,OI,0.069509
2025-08-07,RB,0.0363185
2025-08-07,SR,-0.0162065
2025-08-07,I,-0.005099
2025-08-07,UR,-0.0045675
2025-08-07,JD,-0.0075655
2025-08-07,MA,-0.0037745
2025-08-07,RU,-0.004359
2025-08-07,M,-0.011137
2025-08-07,TS,-0.4359895
2025-08-07,AL,-0.0096485
2025-08-07,JM,-0.0016525
2025-08-08,AG,0.0387405
2025-08-08,AU,0.065114
2025-08-08,IH,0.0694225
2025-08-08,SN,0.044841
2025-08-08,HC,0.0425795
2025-08-08,IF,0.060617
2025-08-08,IM,0.0516555
2025-08-08,FU,0.0263265
2025-08-08,OI,0.0628835
2025-08-08,P,0.03782
2025-08-08,SR,-0.0209095
2025-08-08,I,-0.0077435
2025-08-08,UR,-0.006024
2025-08-08,JD,-0.009685
2025-08-08,MA,-0.0047255
2025-08-08,LH,-0.0099795
2025-08-08,RU,-0.005965
2025-08-08,TS,-0.383254
2025-08-08,JM,-0.0021335
2025-08-08,TL,-0.04958
2025-08-11,AG,0.0337715
2025-08-11,AU,0.0546775
2025-08-11,IF,0.0557745
2025-08-11,IH,0.0637755
2025-08-11,SN,0.0392655
2025-08-11,HC,0.0361955
2025-08-11,IC,0.0533925
2025-08-11,FU,0.0233725
2025-08-11,OI,0.056215
2025-08-11,A,0.08356
2025-08-11,SR,-0.0153615
2025-08-11,UR,-0.004367
2025-08-11,I,-0.005002
2025-08-11,JD,-0.006859
2025-08-11,MA,-0.003597
2025-08-11,LH,-0.0076855
2025-08-11,SA,-0.002117
2025-08-11,TS,-0.44359
2025-08-11,JM,-0.0014965
2025-08-11,AL,-0.0099255
2025-08-12,AG,0.0327845
2025-08-12,AU,0.0539795
2025-08-12,IH,0.0703265
2025-08-12,IF,0.0572955
2025-08-12,SN,0.0416385
2025-08-12,HC,0.0393395
2025-08-12,IC,0.0508905
2025-08-12,FU,0.0252935
2025-08-12,A,0.0767565
2025-08-12,OI,0.0516955
2025-08-12,SR,-0.021706
2025-08-12,UR,-0.0057515
2025-08-12,I,-0.0076275
2025-08-12,MA,-0.005006
2025-08-12,JD,-0.0090665
2025-08-12,LH,-0.009646
2025-08-12,SA,-0.003078
2025-08-12,TS,-0.3851125
2025-08-12,JM,-0.0020415
2025-08-12,TL,-0.050964
2025-08-13,AG,0.034264
2025-08-13,AU,0.065117
2025-08-13,IH,0.07225
2025-08-13,IF,0.058359
2025-08-13,SN,0.0392165
2025-08-13,HC,0.038213
2025-08-13,IM,0.048857
2025-08-13,OI,0.050491
2025-08-13,A,0.0673335
2025-08-13,FU,0.0258995
2025-08-13,SR,-0.084137
2025-08-13,UR,-0.020315
2025-08-13,I,-0.023237
2025-08-13,MA,-0.0174825
2025-08-13,JD,-0.029372
2025-08-13,LH,-0.034602
2025-08-13,V,-0.0174255
2025-08-13,AL,-0.050679
2025-08-13,TL,-0.2155985
2025-08-13,JM,-0.007151
2025-08-14,AG,0.034281
2025-08-14,AU,0.0647485
2025-08-14,IF,0.058239
2025-08-14,IH,0.073256
2025-08-14,SN,0.039317
2025-08-14,HC,0.0385215
2025-08-14,IM,0.047892
2025-08-14,OI,0.0509065
2025-08-14,A,0.0669835
2025-08-14,FU,0.0258545
2025-08-14,SR,-0.085741
2025-08-14,I,-0.0233685
2025-08-14,UR,-0.0200865
2025-08-14,MA,-0.0175115
2025-08-14,JD,-0.0282415
2025-08-14,V,-0.017604
2025-08-14,LH,-0.0349335
2025-08-14,TL,-0.21491
2025-08-14,AL,-0.050425
2025-08-14,JM,-0.007179
2025-08-15,AG,0.0342295
2025-08-15,AU,0.0649145
2025-08-15,IF,0.0577755
2025-08-15,IH,0.073278
2025-08-15,SN,0.0393585
2025-08-15,OI,0.0509195
2025-08-15,HC,0.038653
2025-08-15,IM,0.04751
2025-08-15,A,0.0675715
2025-08-15,FU,0.02579
2025-08-15,SR,-0.096242
2025-08-15,UR,-0.0238495
2025-08-15,MA,-0.0193125
2025-08-15,I,-0.0256885
2025-08-15,JD,-0.0313485
2025-08-15,V,-0.019222
2025-08-15,LH,-0.038607
2025-08-15,TL,-0.2136775
2025-08-15,RB,-0.02452
2025-08-15,JM,-0.007533
2025-08-18,AU,0.0648585
2025-08-18,AG,0.033949
2025-08-18,IH,0.0709745
2025-08-18,IF,0.05774
2025-08-18,SN,0.040006
2025-08-18,OI,0.0515755
2025-08-18,HC,0.038874
2025-08-18,IM,0.047805
2025-08-18,FU,0.0258055
2025-08-18,A,0.0684115
2025-08-18,MA,-0.0199795
2025-08-18,UR,-0.0207325
2025-08-18,I,-0.023601
2025-08-18,SR,-0.096505
2025-08-18,V,-0.0190315
2025-08-18,M,-0.05547
2025-08-18,LH,-0.038252
2025-08-18,TL,-0.192489
2025-08-18,RB,-0.0235275
2025-08-18,J,-0.0104115
2025-08-19,AU,0.0768835
2025-08-19,AG,0.0343755
2025-08-19,SN,0.0398785
2025-08-19,IF,0.055295
2025-08-19,IH,0.068456
2025-08-19,OI,0.0500055
2025-08-19,HC,0.0373195
2025-08-19,IM,0.0445835
2025-08-19,FU,0.0249405
2025-08-19,A,0.0682625
2025-08-19,I,-0.0236085
2025-08-19,MA,-0.0204115
2025-08-19,UR,-0.0202745
2025-08-19,SR,-0.098436
2025-08-19,V,-0.0191735
2025-08-19,LH,-0.037498
2025-08-19,M,-0.0577245
2025-08-19,RB,-0.023563
2025-08-19,TL,-0.1889885
2025-08-19,J,-0.010322
2025-08-20,AU,0.076267
2025-08-20,AG,0.034215
2025-08-20,IH,0.068289
2025-08-20,IF,0.055339
2025-08-20,SN,0.04034
2025-08-20,OI,0.0498635
2025-08-20,HC,0.036827
2025-08-20,IM,0.044921
2025-08-20,FU,0.025499
2025-08-20,A,0.06844
2025-08-20,MA,-0.019867
2025-08-20,I,-0.0227215
2025-08-20,UR,-0.019927
2025-08-20,SR,-0.0881735
2025-08-20,V,-0.0181435
2025-08-20,CF,-0.074127
2025-08-20,LH,-0.0375715
2025-08-20,J,-0.0100805
2025-08-20,RB,-0.02276
2025-08-20,TL,-0.1866295
2025-08-21,AU,0.078193
2025-08-21,AG,0.0350905
2025-08-21,IF,0.0523105
2025-08-21,IH,0.0623035
2025-08-21,SN,0.0414275
2025-08-21,OI,0.0491025
2025-08-21,IM,0.0459005
2025-08-21,HC,0.0389
2025-08-21,FU,0.025083
2025-08-21,A,0.0716885
2025-08-21,MA,-0.022103
2025-08-21,I,-0.0267105
2025-08-21,UR,-0.0238945
2025-08-21,V,-0.02091
2025-08-21,CF,-0.0932615
2025-08-21,LH,-0.0421835
2025-08-21,JD,-0.034829
2025-08-21,RB,-0.0257405
2025-08-21,J,-0.0115405
2025-08-21,TL,-0.198827
2025-08-22,AU,0.077863
2025-08-22,AG,0.0340235
2025-08-22,IF,0.0507375
2025-08-22,IH,0.059703
2025-08-22,SN,0.040859
2025-08-22,OI,0.0512635
2025-08-22,IM,0.046745
2025-08-22,HC,0.0404715
2025-08-22,FU,0.024252
2025-08-22,A,0.074082
2025-08-22,MA,-0.032449
2025-08-22,I,-0.032676
2025-08-22,SA,-0.01531
2025-08-22,V,-0.027792
2025-08-22,CF,-0.1162495
2025-08-22,M,-0.084653
2025-08-22,RB,-0.0315525
2025-08-22,LH,-0.063603
2025-08-22,J,-0.014891
2025-08-22,AL,-0.080823
2025-08-25,IF,0.0507895
2025-08-25,IH,0.059457
2025-08-25,AU,0.0802
2025-08-25,AG,0.034094
2025-08-25,SN,0.040441
2025-08-25,OI,0.049555
2025-08-25,HC,0.0406555
2025-08-25,IM,0.0470875
2025-08-25,FU,0.024952
2025-08-25,A,0.0727685
2025-08-25,I,-0.0254505
2025-08-25,MA,-0.024851
2025-08-25,V,-0.022113
2025-08-25,SA,-0.0125555
2025-08-25,CF,-0.084011
2025-08-25,J,-0.0113445
2025-08-25,M,-0.055731
2025-08-25,RB,-0.0264
2025-08-25,LH,-0.044583
2025-08-25,TL,-0.19296
2025-08-26,IF,0.049002
2025-08-26,IH,0.055951
2025-08-26,AG,0.0340445
2025-08-26,AU,0.0814185
2025-08-26,SN,0.0460025
2025-08-26,OI,0.051866
2025-08-26,IM,0.045174
2025-08-26,HC,0.040942
2025-08-26,A,0.0713925
2025-08-26,FU,0.0242065
2025-08-26,MA,-0.024635
2025-08-26,I,-0.025519
2025-08-26,SA,-0.012667
2025-08-26,V,-0.0220525
2025-08-26,CF,-0.0837685
2025-08-26,RB,-0.0266645
2025-08-26,J,-0.0114415
2025-08-26,M,-0.05438
2025-08-26,LH,-0.0438715
2025-08-26,TL,-0.195
2025-08-27,IF,0.0479415
2025-08-27,AG,0.0340225
2025-08-27,AU,0.0805805
2025-08-27,IH,0.0548295
2025-08-27,SN,0.0462595
2025-08-27,IM,0.0462575
2025-08-27,OI,0.0527645
2025-08-27,A,0.0721305
2025-08-27,HC,0.040584
2025-08-27,FU,0.02463
2025-08-27,I,-0.0050765
2025-08-27,MA,-0.0047865
2025-08-27,SA,-0.0024365
2025-08-27,LH,-0.0087605
2025-08-27,RB,-0.005023
2025-08-27,J,-0.00219
2025-08-27,CF,-0.016569
2025-08-27,V,-0.00425
2025-08-27,M,-0.010077
2025-08-27,TS,-0.4408315
2025-08-28,IF,0.044296
2025-08-28,AG,0.032322
2025-08-28,AU,0.077973
2025-08-28,IH,0.051656
2025-08-28,SN,0.0491665
2025-08-28,OI,0.0493095
2025-08-28,IM,0.0422345
2025-08-28,A,0.0701355
2025-08-28,HC,0.041172
2025-08-28,P,0.041735
2025-08-28,I,-0.005163
2025-08-28,MA,-0.0048545
2025-08-28,SA,-0.002474
2025-08-28,J,-0.002231
2025-08-28,V,-0.0043215
2025-08-28,RB,-0.005125
2025-08-28,LH,-0.008894
2025-08-28,M,-0.0101855
2025-08-28,CF,-0.01631
2025-08-28,TS,-0.440441
2025-08-29,AG,0.032543
2025-08-29,AU,0.0725335
2025-08-29,SN,0.051032
2025-08-29,IH,0.054672
2025-08-29,IF,0.04761
2025-08-29,IM,0.0486785
2025-08-29,OI,0.0541115
2025-08-29,A,0.069527
2025-08-29,HC,0.0423775
2025-08-29,FU,0.0269145
2025-08-29,I,-0.0050105
2025-08-29,MA,-0.004222
2025-08-29,SA,-0.002436
2025-08-29,J,-0.002101
2025-08-29,Y,-0.011218
2025-08-29,LH,-0.0085665
2025-08-29,V,-0.0042365
2025-08-29,RB,-0.0048605
2025-08-29,M,-0.010582
2025-08-29,TS,-0.4467665
2025-09-01,AG,0.0336235
2025-09-01,IH,0.0562085
2025-09-01,AU,0.0755015
2025-09-01,SN,0.0548425
2025-09-01,IF,0.048789
2025-09-01,IM,0.047988
2025-09-01,OI,0.0470765
2025-09-01,A,0.0709255
2025-09-01,SC,0.0239695
2025-09-01,P,0.041075
2025-09-01,I,-0.0117465
2025-09-01,MA,-0.00982
2025-09-01,SA,-0.0056945
2025-09-01,J,-0.004904
2025-09-01,Y,-0.025836
2025-09-01,LH,-0.0199505
2025-09-01,V,-0.009922
2025-09-01,RB,-0.011697
2025-09-01,M,-0.026285
2025-09-01,TF,-0.374144
2025-09-02,AG,0.022421
2025-09-02,SN,0.0415295
2025-09-02,IH,0.045357
2025-09-02,AU,0.04795
2025-09-02,IF,0.042444
2025-09-02,TL,0.161792
2025-09-02,OI,0.0358935
2025-09-02,A,0.0491535
2025-09-02,SC,0.0165815
2025-09-02,HC,0.036878
2025-09-02,MA,-0.0100745
2025-09-02,I,-0.0118245
2025-09-02,SA,-0.005813
2025-09-02,Y,-0.025448
2025-09-02,J,-0.005139
2025-09-02,M,-0.0260945
2025-09-02,LH,-0.019776
2025-09-02,V,-0.0102025
2025-09-02,RB,-0.012033
2025-09-02,TF,-0.373595
2025-09-03,AU,0.0495085
2025-09-03,AG,0.024846
2025-09-03,SN,0.0480205
2025-09-03,IH,0.047909
2025-09-03,IF,0.046027
2025-09-03,TL,0.1602395
2025-09-03,OI,0.038141
2025-09-03,FU,0.016001
2025-09-03,A,0.054259
2025-09-03,SC,0.015048
2025-09-03,I,-0.011881
2025-09-03,MA,-0.0100535
2025-09-03,SA,-0.0058305
2025-09-03,Y,-0.0254415
2025-09-03,M,-0.025703
2025-09-03,J,-0.005152
2025-09-03,LH,-0.0194895
2025-09-03,V,-0.0103285
2025-09-03,RB,-0.012042
2025-09-03,TF,-0.374078
2025-09-04,AG,0.0260465
2025-09-04,AU,0.045334
2025-09-04,SN,0.046752
2025-09-04,IH,0.043335
2025-09-04,IF,0.0402595
2025-09-04,TL,0.1770275
2025-09-04,FU,0.0155515
2025-09-04,SC,0.014712
2025-09-04,A,0.052153
2025-09-04,HC,0.0388285
2025-09-04,I,-0.0050245
2025-09-04,MA,-0.003962
2025-09-04,Y,-0.009859
2025-09-04,SA,-0.0024775
2025-09-04,M,-0.008497
2025-09-04,RM,-0.006479
2025-09-04,J,-0.002131
2025-09-04,V,-0.0043025
2025-09-04,RB,-0.004881
2025-09-04,TS,-0.452386
2025-09-05,AU,0.045254
2025-09-05,AG,0.026063
2025-09-05,IH,0.043265
2025-09-05,SN,0.046576
2025-09-05,IF,0.040228
2025-09-05,TL,0.1774255
2025-09-05,FU,0.0155225
2025-09-05,SC,0.0147565
2025-09-05,A,0.05207
2025-09-05,HC,0.03884
2025-09-05,I,-0.005031
2025-09-05,MA,-0.003962
2025-09-05,Y,-0.0098045
2025-09-05,M,-0.008533
2025-09-05,SA,-0.002474
2025-09-05,RM,-0.006459
2025-09-05,J,-0.0021195
2025-09-05,V,-0.0042975
2025-09-05,RB,-0.004873
2025-09-05,TS,-0.452446
2025-09-08,AU,0.0461695
2025-09-08,AG,0.026174
2025-09-08,SN,0.0464275
2025-09-08,IH,0.0431145
2025-09-08,IF,0.0398455
2025-09-08,TL,0.1761305
2025-09-08,SC,0.0146585
2025-09-08,FU,0.0156375
2025-09-08,A,0.0530175
2025-09-08,HC,0.0388245
2025-09-08,I,-0.0051115
2025-09-08,MA,-0.003979
2025-09-08,Y,-0.009845
2025-09-08,RM,-0.0065155
2025-09-08,M,-0.0085645
2025-09-08,SA,-0.002478
2025-09-08,J,-0.002121
2025-09-08,V,-0.004299
2025-09-08,RB,-0.0048915
2025-09-08,TS,-0.4521945
2025-09-09,AU,0.050047
2025-09-09,AG,0.027775
2025-09-09,IH,0.0468465
2025-09-09,SN,0.0534865
2025-09-09,IF,0.0430355
2025-09-09,SC,0.0150635
2025-09-09,TL,0.1621215
2025-09-09,FU,0.0162815
2025-09-09,A,0.053103
2025-09-09,P,0.032241
2025-09-09,I,-0.005267
2025-09-09,MA,-0.004024
2025-09-09,Y,-0.009522
2025-09-09,M,-0.010619
2025-09-09,LH,-0.0077365
2025-09-09,SA,-0.0023645
2025-09-09,J,-0.0019875
2025-09-09,JM,-0.0014935
2025-09-09,V,-0.0042625
2025-09-09,TS,-0.452723
2025-09-10,AG,0.0279325
2025-09-10,AU,0.052955
2025-09-10,SN,0.053885
2025-09-10,IH,0.045336
2025-09-10,IF,0.0398075
2025-09-10,SC,0.0156025
2025-09-10,TL,0.162347
2025-09-10,FU,0.0167925
2025-09-10,P,0.0323505
2025-09-10,A,0.0529915
2025-09-10,I,-0.005936
2025-09-10,MA,-0.004907
2025-09-10,LH,-0.008571
2025-09-10,M,-0.009663
2025-09-10,RM,-0.007332
2025-09-10,SA,-0.00275
2025-09-10,JM,-0.0016775
2025-09-10,J,-0.0022315
2025-09-10,V,-0.0047085
2025-09-10,TS,-0.452223
2025-09-11,AU,0.0551455
2025-09-11,AG,0.0267325
2025-09-11,IH,0.043949
2025-09-11,SN,0.0517405
2025-09-11,IF,0.0385895
2025-09-11,SC,0.016989
2025-09-11,TL,0.159664
2025-09-11,FU,0.018838
2025-09-11,P,0.033098
2025-09-11,A,0.0552545
2025-09-11,I,-0.0056405
2025-09-11,MA,-0.004578
2025-09-11,Y,-0.01003
2025-09-11,M,-0.0108325
2025-09-11,LH,-0.008093
2025-09-11,SA,-0.0024295
2025-09-11,JM,-0.0015525
2025-09-11,J,-0.002081
2025-09-11,V,-0.004426
2025-09-11,TS,-0.450337
2025-09-12,AU,0.05416
2025-09-12,AG,0.02684
2025-09-12,SN,0.0515925
2025-09-12,IH,0.0440415
2025-09-12,IF,0.0380535
2025-09-12,SC,0.0169365
2025-09-12,TL,0.1586895
2025-09-12,FU,0.0188005
2025-09-12,A,0.054972
2025-09-12,P,0.035914
2025-09-12,I,-0.013538
2025-09-12,MA,-0.012057
2025-09-12,Y,-0.026958
2025-09-12,LH,-0.0200855
2025-09-12,M,-0.0285905
2025-09-12,SA,-0.0059955
2025-09-12,JM,-0.0038435
2025-09-12,V,-0.0109165
2025-09-12,J,-0.0051255
2025-09-12,TF,-0.37289
2025-09-15,AU,0.0542985
2025-09-15,AG,0.0267655
2025-09-15,IH,0.044183
2025-09-15,SN,0.0519645
2025-09-15,IF,0.0382495
2025-09-15,TL,0.1578355
2025-09-15,SC,0.0170655
2025-09-15,FU,0.0188455
2025-09-15,P,0.03581
2025-09-15,A,0.0549825
2025-09-15,I,-0.0134445
2025-09-15,Y,-0.0269785
2025-09-15,MA,-0.012361
2025-09-15,M,-0.0294485
2025-09-15,LH,-0.0208355
2025-09-15,JM,-0.0038035
2025-09-15,SA,-0.0059395
2025-09-15,V,-0.0109015
2025-09-15,J,-0.0050955
2025-09-15,TF,-0.371192
2025-09-16,AU,0.05263
2025-09-16,AG,0.0275055
2025-09-16,IH,0.043211
2025-09-16,IF,0.0377645
2025-09-16,SN,0.0522345
2025-09-16,TL,0.158386
2025-09-16,SC,0.018439
2025-09-16,FU,0.01937
2025-09-16,P,0.0356935
2025-09-16,A,0.0547655
2025-09-16,I,-0.049917
2025-09-16,Y,-0.0972415
2025-09-16,MA,-0.045912
2025-09-16,M,-0.086969
2025-09-16,JM,-0.0136685
2025-09-16,RM,-0.063857
2025-09-16,SA,-0.021164
2025-09-16,V,-0.0402685
2025-09-16,J,-0.019037
2025-09-16,IC,-0.061965
2025-09-17,AU,0.0503865
2025-09-17,AG,0.028886
2025-09-17,IH,0.041912
2025-09-17,SN,0.050988
2025-09-17,IF,0.037172
2025-09-17,SC,0.0183485
2025-09-17,TL,0.158026
2025-09-17,FU,0.019788
2025-09-17,P,0.0349065
2025-09-17,A,0.0595865
2025-09-17,I,-0.045978
2025-09-17,Y,-0.092636
2025-09-17,MA,-0.042196
2025-09-17,M,-0.10188
2025-09-17,SA,-0.0189125
2025-09-17,LH,-0.073644
2025-09-17,JM,-0.012235
2025-09-17,V,-0.036421
2025-09-17,J,-0.017109
2025-09-17,IC,-0.0589885
2025-09-18,AU,0.0508205
2025-09-18,AG,0.0294605
2025-09-18,IH,0.0419155
2025-09-18,SN,0.0515565
2025-09-18,SC,0.0184045
2025-09-18,IF,0.037299
2025-09-18,TL,0.15595
2025-09-18,FU,0.019868
2025-09-18,P,0.0350615
2025-09-18,A,0.0596635
2025-09-18,I,-0.01362
2025-09-18,Y,-0.026924
2025-09-18,M,-0.028606
2025-09-18,LH,-0.020556
2025-09-18,MA,-0.0132355
2025-09-18,JM,-0.0038435
2025-09-18,SA,-0.0061355
2025-09-18,UR,-0.0130215
2025-09-18,J,-0.0052075
2025-09-18,TF,-0.36885
2025-09-19,AU,0.0483505
2025-09-19,AG,0.028016
2025-09-19,IH,0.043304
2025-09-19,SN,0.0502445
2025-09-19,SC,0.019423
2025-09-19,IF,0.038376
2025-09-19,TL,0.1554335
2025-09-19,FU,0.0206425
2025-09-19,P,0.035511
2025-09-19,A,0.0606995
2025-09-19,I,-0.005788
2025-09-19,Y,-0.0107345
2025-09-19,M,-0.009321
2025-09-19,JM,-0.00165
2025-09-19,MA,-0.0056025
2025-09-19,RM,-0.006682
2025-09-19,UR,-0.00559
2025-09-19,SA,-0.0026745
2025-09-19,J,-0.0022385
2025-09-19,TS,-0.449719
2025-09-22,AU,0.0552625
2025-09-22,AG,0.0281915
2025-09-22,IH,0.0397105
2025-09-22,SN,0.044685
2025-09-22,SC,0.0253535
2025-09-22,IF,0.034961
2025-09-22,TL,0.148758
2025-09-22,FU,0.0290935
2025-09-22,A,0.059191
2025-09-22,P,0.034793
2025-09-22,I,-0.014336
2025-09-22,M,-0.020154
2025-09-22,Y,-0.0244825
2025-09-22,JM,-0.004419
2025-09-22,RM,-0.0159645
2025-09-22,MA,-0.0174385
2025-09-22,UR,-0.014533
2025-09-22,V,-0.0123845
2025-09-22,J,-0.0060495
2025-09-22,TF,-0.3702385
2025-09-23,AU,0.054802
2025-09-23,AG,0.028653
2025-09-23,IH,0.039766
2025-09-23,SN,0.044717
2025-09-23,IF,0.034499
2025-09-23,SC,0.025328
2025-09-23,TL,0.1516255
2025-09-23,FU,0.026977
2025-09-23,P,0.034692
2025-09-23,A,0.058941
2025-09-23,I,-0.0134805
2025-09-23,M,-0.022515
2025-09-23,Y,-0.0244285
2025-09-23,JM,-0.0042555
2025-09-23,SA,-0.0060575
2025-09-23,V,-0.0121685
2025-09-23,CF,-0.0351075
2025-09-23,UR,-0.014329
2025-09-23,J,-0.005865
2025-09-23,TF,-0.3617935
2025-09-24,AU,0.055692
2025-09-24,AG,0.0283605
2025-09-24,IH,0.040428
2025-09-24,CU,0.0484805
2025-09-24,IF,0.034638
2025-09-24,SC,0.02568
2025-09-24,TL,0.1466095
2025-09-24,FU,0.0275325
2025-09-24,P,0.0340695
2025-09-24,A,0.058509
2025-09-24,I,-0.0142385
2025-09-24,Y,-0.0234365
2025-09-24,JM,-0.004359
2025-09-24,M,-0.020022
2025-09-24,RM,-0.015788
2025-09-24,MA,-0.017498
2025-09-24,UR,-0.0146975
2025-09-24,SA,-0.0065775
2025-09-24,J,-0.0059285
2025-09-24,TF,-0.3774545
2025-09-25,AU,0.0573055
2025-09-25,AG,0.0279385
2025-09-25,IH,0.041229
2025-09-25,CU,0.047561
2025-09-25,SC,0.025818
2025-09-25,IF,0.035035
2025-09-25,TL,0.1453095
2025-09-25,FU,0.027358
2025-09-25,P,0.0339765
2025-09-25,A,0.0584695
2025-09-25,I,-0.01341
2025-09-25,JM,-0.0041505
2025-09-25,Y,-0.0211225
2025-09-25,M,-0.021257
2025-09-25,SA,-0.0059735
2025-09-25,MA,-0.016183
2025-09-25,V,-0.0115285
2025-09-25,OI,-0.0204815
2025-09-25,J,-0.005542
2025-09-25,TF,-0.3803515
2025-09-26,AU,0.0484735
2025-09-26,AG,0.022549
2025-09-26,CU,0.0420785
2025-09-26,IH,0.034354
2025-09-26,IF,0.0285895
2025-09-26,SC,0.0247815
2025-09-26,TL,0.132287
2025-09-26,P,0.029023
2025-09-26,A,0.0483375
2025-09-26,SR,0.089526
2025-09-26,I,-0.0135155
2025-09-26,UR,-0.014296
2025-09-26,JM,-0.004229
2025-09-26,Y,-0.022712
2025-09-26,SA,-0.006428
2025-09-26,M,-0.0190465
2025-09-26,MA,-0.017224
2025-09-26,RM,-0.015045
2025-09-26,J,-0.0056085
2025-09-26,TF,-0.3818955
2025-09-29,AU,0.04975
2025-09-29,AG,0.0231675
2025-09-29,IH,0.0341795
2025-09-29,SN,0.0389355
2025-09-29,IF,0.0288405
2025-09-29,SC,0.0244135
2025-09-29,TL,0.1371325
2025-09-29,P,0.029547
2025-09-29,SR,0.0857615
2025-09-29,A,0.0482725
2025-09-29,I,-0.0132065
2025-09-29,UR,-0.0138865
2025-09-29,JM,-0.0040035
2025-09-29,Y,-0.0237885
2025-09-29,SA,-0.006031
2025-09-29,M,-0.021931
2025-09-29,MA,-0.016642
2025-09-29,LH,-0.0188935
2025-09-29,J,-0.0053465
2025-09-29,TF,-0.3762715
2025-09-30,AU,0.038372
2025-09-30,AG,0.026417
2025-09-30,SN,0.032518
2025-09-30,IH,0.0369265
2025-09-30,IF,0.031486
2025-09-30,SC,0.032471
2025-09-30,TL,0.13521
2025-09-30,A,0.0518095
2025-09-30,P,0.027632
2025-09-30,SR,0.0871575
2025-09-30,I,-0.015193
2025-09-30,UR,-0.0137385
2025-09-30,JM,-0.0042045
2025-09-30,Y,-0.024946
2025-09-30,SA,-0.0063785
2025-09-30,M,-0.0216835
2025-09-30,V,-0.0130015
2025-09-30,LH,-0.020773
2025-09-30,J,-0.005711
2025-09-30,TF,-0.37437
2025-10-09,AU,0.0424315
2025-10-09,AG,0.030142
2025-10-09,IF,0.035005
2025-10-09,IH,0.042284
2025-10-09,TL,0.148775
2025-10-09,CU,0.0388
2025-10-09,SC,0.036828
2025-10-09,A,0.0602545
2025-10-09,P,0.0311895
2025-10-09,RU,0.0342915
2025-10-09,UR,-0.014568
2025-10-09,I,-0.0146065
2025-10-09,Y,-0.020757
2025-10-09,JM,-0.0042125
2025-10-09,SA,-0.00637
2025-10-09,M,-0.020655
2025-10-09,OI,-0.0194385
2025-10-09,J,-0.0057815
2025-10-09,MA,-0.018129
2025-10-09,TF,-0.3754815
2025-10-10,AU,0.042256
2025-10-10,AG,0.030159
2025-10-10,IH,0.0419865
2025-10-10,IF,0.034694
2025-10-10,TL,0.146638
2025-10-10,SC,0.0383975
2025-10-10,CU,0.038739
2025-10-10,A,0.0615255
2025-10-10,P,0.031462
2025-10-10,RU,0.0341425
2025-10-10,I,-0.015265
2025-10-10,UR,-0.0152585
2025-10-10,Y,-0.0216125
2025-10-10,SA,-0.00666
2025-10-10,JM,-0.0044405
2025-10-10,M,-0.021518
2025-10-10,OI,-0.020082
2025-10-10,V,-0.0139245
2025-10-10,J,-0.0060805
2025-10-10,TF,-0.375158
2025-10-13,AU,0.0378415
2025-10-13,AG,0.026466
2025-10-13,IH,0.035784
2025-10-13,SN,0.0350605
2025-10-13,IF,0.0291575
2025-10-13,SC,0.033202
2025-10-13,TL,0.138123
2025-10-13,A,0.0540145
2025-10-13,RU,0.028692
2025-10-13,SR,0.0816585
2025-10-13,UR,-0.0152715
2025-10-13,I,-0.014613
2025-10-13,Y,-0.021402
2025-10-13,SA,-0.006652
2025-10-13,JM,-0.004446
2025-10-13,M,-0.0211875
2025-10-13,OI,-0.0198585
2025-10-13,V,-0.013856
2025-10-13,J,-0.0061015
2025-10-13,TF,-0.376612
2025-10-14,AU,0.0364365
2025-10-14,AG,0.0250655
2025-10-14,IH,0.035157
2025-10-14,SN,0.0353385
2025-10-14,IF,0.0287505
2025-10-14,SC,0.034078
2025-10-14,TL,0.1408015
2025-10-14,A,0.053313
2025-10-14,RU,0.028968
2025-10-14,SR,0.082092
2025-10-14,UR,-0.015319
2025-10-14,Y,-0.02146
2025-10-14,I,-0.014595
2025-10-14,SA,-0.0066645
2025-10-14,JM,-0.004455
2025-10-14,OI,-0.0198615
2025-10-14,J,-0.006108
2025-10-14,M,-0.021285
2025-10-14,V,-0.013883
2025-10-14,TF,-0.37637
2025-10-15,AU,0.0416175
2025-10-15,AG,0.029114
2025-10-15,IH,0.040871
2025-10-15,SN,0.0399225
2025-10-15,SC,0.039264
2025-10-15,IF,0.0339945
2025-10-15,TL,0.149532
2025-10-15,A,0.059995
2025-10-15,P,0.032394
2025-10-15,RU,0.0332955
2025-10-15,Y,-0.021482
2025-10-15,UR,-0.0153615
2025-10-15,I,-0.0152235
2025-10-15,SA,-0.0069015
2025-10-15,JM,-0.0044245
2025-10-15,OI,-0.018881
2025-10-15,J,-0.0060875
2025-10-15,RM,-0.0171215
2025-10-15,V,-0.0138715
2025-10-15,TF,-0.380645
2025-10-16,AU,0.0407955
2025-10-16,AG,0.029535
2025-10-16,IH,0.0409555
2025-10-16,SN,0.0406055
2025-10-16,SC,0.041553
2025-10-16,IF,0.033606
2025-10-16,TL,0.1468155
2025-10-16,A,0.0590795
2025-10-16,P,0.0335105
2025-10-16,RU,0.033544
2025-10-16,Y,-0.021684
2025-10-16,SA,-0.0068165
2025-10-16,UR,-0.0153755
2025-10-16,I,-0.0151605
2025-10-16,JM,-0.0044145
2025-10-16,RM,-0.016724
2025-10-16,OI,-0.018956
2025-10-16,J,-0.006082
2025-10-16,V,-0.0138455
2025-10-16,TF,-0.3809415
2025-10-17,AU,0.061137
2025-10-17,AG,0.0393075
2025-10-17,SN,0.055059
2025-10-17,IH,0.0479465
2025-10-17,IF,0.0378625
2025-10-17,SC,0.053655
2025-10-17,IM,0.03637
2025-10-17,A,0.0829895
2025-10-17,P,0.044288
2025-10-17,RU,0.0413845
2025-10-17,UR,-0.0067265
2025-10-17,Y,-0.007621
2025-10-17,SA,-0.0028065
2025-10-17,I,-0.0066375
2025-10-17,JM,-0.0017815
2025-10-17,OI,-0.0067395
2025-10-17,RM,-0.0058495
2025-10-17,J,-0.002429
2025-10-17,V,-0.005804
2025-10-17,TS,-0.4536045
2025-10-20,AU,0.03738
2025-10-20,AG,0.028608
2025-10-20,IH,0.041155
2025-10-20,SN,0.0411315
2025-10-20,IF,0.0336435
2025-10-20,SC,0.0417235
2025-10-20,TL,0.1433385
2025-10-20,A,0.0654205
2025-10-20,RU,0.033095
2025-10-20,P,0.034505
2025-10-20,SA,-0.003055
2025-10-20,Y,-0.0074645
2025-10-20,UR,-0.0066775
2025-10-20,V,-0.0062885
2025-10-20,I,-0.0069325
2025-10-20,J,-0.002583
2025-10-20,JM,-0.0018
2025-10-20,OI,-0.0064685
2025-10-20,RM,-0.0059635
2025-10-20,TS,-0.4527675
2025-10-21,AU,0.0566965
2025-10-21,IH,0.046905
2025-10-21,AG,0.03986
2025-10-21,SN,0.059989
2025-10-21,IF,0.037078
2025-10-21,SC,0.0459945
2025-10-21,IM,0.0364715
2025-10-21,A,0.0924925
2025-10-21,RU,0.0409325
2025-10-21,FU,0.043581
2025-10-21,SA,-0.003038
2025-10-21,UR,-0.0067625
2025-10-21,Y,-0.0073375
2025-10-21,J,-0.0024915
2025-10-21,I,-0.0069105
2025-10-21,V,-0.0063575
2025-10-21,JM,-0.001684
2025-10-21,RM,-0.0057575
2025-10-21,OI,-0.00637
2025-10-21,TS,-0.453291
2025-10-22,AU,0.0574605
2025-10-22,IH,0.0471705
2025-10-22,AG,0.0396235
2025-10-22,SN,0.062986
2025-10-22,IF,0.0376325
2025-10-22,SC,0.0448
2025-10-22,IM,0.0375665
2025-10-22,A,0.0885855
2025-10-22,FU,0.0424775
2025-10-22,RU,0.041697
2025-10-22,SA,-0.003055
2025-10-22,UR,-0.0066115
2025-10-22,Y,-0.007367
2025-10-22,J,-0.0024215
2025-10-22,I,-0.0067885
2025-10-22,JM,-0.001657
2025-10-22,V,-0.006348
2025-10-22,OI,-0.00636
2025-10-22,RM,-0.0055585
2025-10-22,TS,-0.453833
2025-10-23,AU,0.057954
2025-10-23,IH,0.047101
2025-10-23,AG,0.0402395
2025-10-23,IF,0.0375085
2025-10-23,SC,0.0446545
2025-10-23,SN,0.062297
2025-10-23,IM,0.0371995
2025-10-23,FU,0.0416455
2025-10-23,A,0.089445
2025-10-23,RU,0.041955
2025-10-23,SA,-0.0030835
2025-10-23,UR,-0.0066675
2025-10-23,Y,-0.007235
2025-10-23,I,-0.006538
2025-10-23,J,-0.002404
2025-10-23,RM,-0.0054855
2025-10-23,V,-0.006719
2025-10-23,JM,-0.001678
2025-10-23,OI,-0.006234
2025-10-23,TS,-0.4539555
2025-10-24,AU,0.055023
2025-10-24,IH,0.045064
2025-10-24,AG,0.0403405
2025-10-24,IF,0.0358925
2025-10-24,SN,0.063349
2025-10-24,SC,0.0450695
2025-10-24,IM,0.035289
2025-10-24,FU,0.0420405
2025-10-24,A,0.091977
2025-10-24,P,0.0459545
2025-10-24,SA,-0.004383
2025-10-24,UR,-0.0093205
2025-10-24,Y,-0.0081225
2025-10-24,I,-0.0074525
2025-10-24,J,-0.0032285
2025-10-24,RM,-0.006308
2025-10-24,V,-0.0096605
2025-10-24,OI,-0.0073295
2025-10-24,JM,-0.002279
2025-10-24,TS,-0.4419155
2025-10-27,AU,0.04789
2025-10-27,IH,0.0462915
2025-10-27,AG,0.037709
2025-10-27,IF,0.0366595
2025-10-27,SN,0.058545
2025-10-27,SC,0.05133
2025-10-27,IM,0.035922
2025-10-27,A,0.097933
2025-10-27,RU,0.044565
2025-10-27,P,0.0431545
2025-10-27,UR,-0.010016
2025-10-27,Y,-0.008988
2025-10-27,SA,-0.004643
2025-10-27,RM,-0.006507
2025-10-27,J,-0.003483
2025-10-27,I,-0.007993
2025-10-27,OI,-0.0079625
2025-10-27,V,-0.0105455
2025-10-27,JM,-0.0024475
2025-10-27,TS,-0.4374145
2025-10-28,AU,0.0502715
2025-10-28,IH,0.0454275
2025-10-28,AG,0.0376895
2025-10-28,IF,0.0359195
2025-10-28,SN,0.0606945
2025-10-28,SC,0.045823
2025-10-28,IM,0.0354585
2025-10-28,A,0.099858
2025-10-28,FU,0.042951
2025-10-28,P,0.045907
2025-10-28,SA,-0.005086
2025-10-28,Y,-0.0104515
2025-10-28,RM,-0.007841
2025-10-28,I,-0.008527
2025-10-28,UR,-0.0111485
2025-10-28,J,-0.0038795
2025-10-28,OI,-0.0098655
2025-10-28,V,-0.0111065
2025-10-28,JM,-0.002638
2025-10-28,TS,-0.429457
2025-10-29,AU,0.0522545
2025-10-29,IH,0.047967
2025-10-29,AG,0.0389455
2025-10-29,IF,0.037732
2025-10-29,CU,0.0510075
2025-10-29,SC,0.044864
2025-10-29,IM,0.036043
2025-10-29,A,0.100384
2025-10-29,P,0.0476465
2025-10-29,FU,0.043156
2025-10-29,SA,-0.0058135
2025-10-29,Y,-0.010781
2025-10-29,RM,-0.0083975
2025-10-29,I,-0.00898
2025-10-29,UR,-0.0120345
2025-10-29,J,-0.004238
2025-10-29,V,-0.0128945
2025-10-29,OI,-0.0105385
2025-10-29,JM,-0.0028805
2025-10-29,TS,-0.423441
2025-10-30,AU,0.052404
2025-10-30,IH,0.048005
2025-10-30,AG,0.039576
2025-10-30,CU,0.050138
2025-10-30,IF,0.0376095
2025-10-30,SC,0.045037
2025-10-30,IM,0.036006
2025-10-30,A,0.1007085
2025-10-30,P,0.04725
2025-10-30,FU,0.043266
2025-10-30,SA,-0.0058025
2025-10-30,Y,-0.010716
2025-10-30,RM,-0.0084685
2025-10-30,UR,-0.0121345
2025-10-30,I,-0.0089755
2025-10-30,J,-0.004267
2025-10-30,OI,-0.0103525
2025-10-30,JM,-0.002964
2025-10-30,V,-0.012542
2025-10-30,TS,-0.4237775
2025-10-31,AU,0.052221
2025-10-31,IH,0.04782
2025-10-31,AG,0.0394665
2025-10-31,CU,0.0501395
2025-10-31,IF,0.0375075
2025-10-31,SC,0.04525
2025-10-31,IM,0.0357705
2025-10-31,A,0.100762
2025-10-31,P,0.047465
2025-10-31,FU,0.0435985
2025-10-31,SA,-0.0057595
2025-10-31,Y,-0.01068
2025-10-31,I,-0.008999
2025-10-31,RM,-0.008432
2025-10-31,J,-0.004327
2025-10-31,UR,-0.012528
2025-10-31,V,-0.0123695
2025-10-31,OI,-0.010443
2025-10-31,JM,-0.0030455
2025-10-31,TS,-0.423417
2025-11-03,AU,0.0483955
2025-11-03,IH,0.045808
2025-11-03,CU,0.0420345
2025-11-03,AG,0.035582
2025-11-03,IF,0.0343205
2025-11-03,SC,0.0445285
2025-11-03,IM,0.0320745
2025-11-03,A,0.094102
2025-11-03,HC,0.083346
2025-11-03,RU,0.039809
2025-11-03,SA,-0.0059075
2025-11-03,Y,-0.0134845
2025-11-03,I,-0.0100975
2025-11-03,UR,-0.0131285
2025-11-03,RM,-0.0102
2025-11-03,J,-0.0042615
2025-11-03,JM,-0.003173
2025-11-03,V,-0.01301
2025-11-03,LH,-0.0093255
2025-11-03,TS,-0.417412
2025-11-04,AU,0.0524495
2025-11-04,IH,0.0492575
2025-11-04,CU,0.048703
2025-11-04,AG,0.0386285
2025-11-04,IF,0.037756
2025-11-04,SC,0.045326
2025-11-04,IM,0.0354565
2025-11-04,A,0.098419
2025-11-04,P,0.0500495
2025-11-04,FU,0.0439545
2025-11-04,SA,-0.005816
2025-11-04,I,-0.0098605
2025-11-04,Y,-0.0133205
2025-11-04,UR,-0.012773
2025-11-04,RM,-0.009862
2025-11-04,JM,-0.003157
2025-11-04,J,-0.0041645
2025-11-04,LH,-0.00877
2025-11-04,V,-0.01314
2025-11-04,TS,-0.4191355
2025-11-05,AU,0.04696
2025-11-05,IH,0.0458205
2025-11-05,CU,0.042001
2025-11-05,AG,0.0347745
2025-11-05,IF,0.0344305
2025-11-05,SC,0.047222
2025-11-05,IM,0.03182
2025-11-05,A,0.0869945
2025-11-05,P,0.042005
2025-11-05,HC,0.0879725
2025-11-05,SA,-0.0057775
2025-11-05,I,-0.009911
2025-11-05,Y,-0.013205
2025-11-05,UR,-0.012633
2025-11-05,RM,-0.0098575
2025-11-05,JM,-0.003154
2025-11-05,J,-0.004163
2025-11-05,V,-0.01328
2025-11-05,LH,-0.0088225
2025-11-05,TS,-0.419197
2025-11-06,AU,0.0469315
2025-11-06,IH,0.0458725
2025-11-06,CU,0.041663
2025-11-06,AG,0.034796
2025-11-06,IF,0.034284
2025-11-06,SC,0.048521
2025-11-06,IM,0.0317775
2025-11-06,A,0.087047
2025-11-06,P,0.0413255
2025-11-06,HC,0.087782
2025-11-06,SA,-0.0058925
2025-11-06,I,-0.0097365
2025-11-06,Y,-0.0133545
2025-11-06,UR,-0.012948
2025-11-06,RM,-0.009907
2025-11-06,JM,-0.003165
2025-11-06,J,-0.0041865
2025-11-06,V,-0.013471
2025-11-06,LH,-0.0088455
2025-11-06,TS,-0.4184935
2025-11-07,AU,0.0459185
2025-11-07,IH,0.0455935
2025-11-07,CU,0.041612
2025-11-07,AG,0.034153
2025-11-07,IF,0.034334
2025-11-07,SC,0.048142
2025-11-07,IM,0.032188
2025-11-07,A,0.0864015
2025-11-07,P,0.042529
2025-11-07,HC,0.089129
2025-11-07,SA,-0.006096
2025-11-07,I,-0.009165
2025-11-07,UR,-0.0142215
2025-11-07,Y,-0.0122325
2025-11-07,V,-0.014466
2025-11-07,RM,-0.0086465
2025-11-07,JM,-0.00328
2025-11-07,J,-0.004392
2025-11-07,M,-0.010218
2025-11-07,TS,-0.417283
2025-11-10,AU,0.0457185
2025-11-10,IH,0.045586
2025-11-10,AG,0.0340565
2025-11-10,CU,0.0414735
2025-11-10,IF,0.0342315
2025-11-10,SC,0.0484265
2025-11-10,IM,0.0321215
2025-11-10,A,0.085599
2025-11-10,HC,0.0896795
2025-11-10,P,0.0431075
2025-11-10,SA,-0.007002
2025-11-10,I,-0.009736
2025-11-10,Y,-0.013015
2025-11-10,UR,-0.0141435
2025-11-10,TA,-0.012801
2025-11-10,M,-0.0106955
2025-11-10,JM,-0.003491
2025-11-10,J,-0.004594
2025-11-10,RM,-0.008361
2025-11-10,TS,-0.416161
2025-11-11,IH,0.0447905
2025-11-11,AU,0.044256
2025-11-11,SN,0.0489625
2025-11-11,AG,0.0333745
2025-11-11,IF,0.034129
2025-11-11,SC,0.0463985
2025-11-11,IM,0.0322155
2025-11-11,A,0.089658
2025-11-11,HC,0.083595
2025-11-11,P,0.042621
2025-11-11,SA,-0.006994
2025-11-11,I,-0.0094515
2025-11-11,UR,-0.0138335
2025-11-11,Y,-0.0129145
2025-11-11,TA,-0.0126505
2025-11-11,J,-0.0045805
2025-11-11,JM,-0.003476
2025-11-11,M,-0.010871
2025-11-11,RM,-0.0084965
2025-11-11,TS,-0.4167315
2025-11-12,AU,0.0432705
2025-11-12,IH,0.0426465
2025-11-12,SN,0.047791
2025-11-12,AG,0.0316385
2025-11-12,IF,0.033081
2025-11-12,SC,0.0481985
2025-11-12,IM,0.031644
2025-11-12,A,0.0961305
2025-11-12,HC,0.0828095
2025-11-12,P,0.04279
2025-11-12,SA,-0.006457
2025-11-12,I,-0.009995
2025-11-12,Y,-0.012851
2025-11-12,UR,-0.0137965
2025-11-12,TA,-0.012779
2025-11-12,M,-0.0105575
2025-11-12,RM,-0.0085855
2025-11-12,J,-0.004587
2025-11-12,JM,-0.003496
2025-11-12,TS,-0.4168945
2025-11-13,AU,0.0481995
2025-11-13,IH,0.044424
2025-11-13,SN,0.054843
2025-11-13,AG,0.0347435
2025-11-13,IF,0.0351935
2025-11-13,SC,0.0461525
2025-11-13,IM,0.0349025
2025-11-13,A,0.1107545
2025-11-13,P,0.047988
2025-11-13,FU,0.042799
2025-11-13,SA,-0.006008
2025-11-13,I,-0.009145
2025-11-13,Y,-0.011528
2025-11-13,UR,-0.014443
2025-11-13,TA,-0.0120045
2025-11-13,M,-0.0117925
2025-11-13,J,-0.0047315
2025-11-13,OI,-0.013449
2025-11-13,RB,-0.012
2025-11-13,TS,-0.404898
2025-11-14,AU,0.0463915
2025-11-14,IH,0.0446075
2025-11-14,SN,0.055512
2025-11-14,AG,0.0332255
2025-11-14,IF,0.035799
2025-11-14,SC,0.047162
2025-11-14,IM,0.036282
2025-11-14,A,0.107281
2025-11-14,P,0.0510815
2025-11-14,FU,0.042658
2025-11-14,SA,-0.0058675
2025-11-14,I,-0.0089425
2025-11-14,UR,-0.0131895
2025-11-14,MA,-0.011238
2025-11-14,Y,-0.011338
2025-11-14,OI,-0.013697
2025-11-14,J,-0.004319
2025-11-14,M,-0.0111835
2025-11-14,JM,-0.0032685
2025-11-14,TS,-0.4169565
2025-11-17,AU,0.0458915
2025-11-17,AG,0.031268
2025-11-17,IH,0.0417995
2025-11-17,SN,0.0487575
2025-11-17,IF,0.0326255
2025-11-17,SC,0.041227
2025-11-17,IM,0.0325395
2025-11-17,HC,0.0894695
2025-11-17,A,0.0982865
2025-11-17,FU,0.038136
2025-11-17,SA,-0.0057785
2025-11-17,I,-0.0086855
2025-11-17,MA,-0.011807
2025-11-17,V,-0.0128725
2025-11-17,Y,-0.0127275
2025-11-17,J,-0.00428
2025-11-17,RB,-0.011587
2025-11-17,OI,-0.0150775
2025-11-17,JD,-0.0102
2025-11-17,TS,-0.4069845
2025-11-18,AU,0.0408515
2025-11-18,SN,0.0450005
2025-11-18,AG,0.028656
2025-11-18,IH,0.0427365
2025-11-18,IF,0.0333035
2025-11-18,IM,0.0331745
2025-11-18,SC,0.048606
2025-11-18,HC,0.0880045
2025-11-18,A,0.095862
2025-11-18,P,0.043805
2025-11-18,SA,-0.0058825
2025-11-18,I,-0.009563
2025-11-18,MA,-0.0115695
2025-11-18,V,-0.0129335
2025-11-18,Y,-0.0135595
2025-11-18,J,-0.0042195
2025-11-18,OI,-0.0149575
2025-11-18,JM,-0.003312
2025-11-18,JD,-0.010132
2025-11-18,TS,-0.4138705
2025-11-19,AU,0.0452765
2025-11-19,AG,0.030283
2025-11-19,SN,0.0480945
2025-11-19,IH,0.042354
2025-11-19,IF,0.0330595
2025-11-19,IM,0.033668
2025-11-19,SC,0.039524
2025-11-19,HC,0.092191
2025-11-19,A,0.0977445
2025-11-19,FU,0.0378045
2025-11-19,SA,-0.0056295
2025-11-19,I,-0.008722
2025-11-19,MA,-0.011225
2025-11-19,V,-0.013115
2025-11-19,Y,-0.011275
2025-11-19,J,-0.0042215
2025-11-19,OI,-0.012977
2025-11-19,M,-0.011357
2025-11-19,JM,-0.003151
2025-11-19,TS,-0.4183275
2025-11-20,AU,0.0406105
2025-11-20,AG,0.0271655
2025-11-20,SN,0.045682
2025-11-20,IH,0.0438115
2025-11-20,IF,0.033413
2025-11-20,IM,0.0324015
2025-11-20,SC,0.0460045
2025-11-20,HC,0.092036
2025-11-20,A,0.096073
2025-11-20,P,0.042802
2025-11-20,SA,-0.013827
2025-11-20,I,-0.0207145
2025-11-20,MA,-0.025329
2025-11-20,UR,-0.0413195
2025-11-20,Y,-0.026382
2025-11-20,J,-0.0100485
2025-11-20,M,-0.026544
2025-11-20,JM,-0.007599
2025-11-20,OI,-0.0321545
2025-11-20,T,-0.2960825
2025-11-21,AU,0.0404485
2025-11-21,AG,0.027439
2025-11-21,SN,0.046103
2025-11-21,IH,0.0454685
2025-11-21,IF,0.034214
2025-11-21,SC,0.0455015
2025-11-21,IM,0.0320235
2025-11-21,HC,0.0928025
2025-11-21,A,0.0932035
2025-11-21,P,0.042796
2025-11-21,SA,-0.005504
2025-11-21,I,-0.0092035
2025-11-21,MA,-0.009684
2025-11-21,UR,-0.0171855
2025-11-21,M,-0.011431
2025-11-21,JM,-0.0033205
2025-11-21,Y,-0.011512
2025-11-21,J,-0.0043555
2025-11-21,OI,-0.013401
2025-11-21,TS,-0.4144025
2025-11-24,AU,0.0282825
2025-11-24,AG,0.020097
2025-11-24,SN,0.0331445
2025-11-24,IH,0.0361505
2025-11-24,SC,0.0269135
2025-11-24,IF,0.0276055
2025-11-24,HC,0.0672975
2025-11-24,TL,0.167028
2025-11-24,FU,0.02996
2025-11-24,A,0.063521
2025-11-24,SA,-0.0055995
2025-11-24,I,-0.009253
2025-11-24,MA,-0.0100985
2025-11-24,V,-0.0129485
2025-11-24,M,-0.0117965
2025-11-24,J,-0.004437
2025-11-24,OI,-0.0130315
2025-11-24,JM,-0.0034295
2025-11-24,Y,-0.0110505
2025-11-24,TS,-0.4183555
2025-11-25,AU,0.0431805
2025-11-25,IH,0.045553
2025-11-25,AG,0.028517
2025-11-25,SN,0.0456595
2025-11-25,IF,0.03336
2025-11-25,SC,0.038926
2025-11-25,IM,0.0312145
2025-11-25,HC,0.0940245
2025-11-25,FU,0.040222
2025-11-25,A,0.0993425
2025-11-25,SA,-0.00569
2025-11-25,I,-0.009959
2025-11-25,V,-0.0129815
2025-11-25,UR,-0.0172165
2025-11-25,M,-0.0127035
2025-11-25,J,-0.0044725
2025-11-25,JM,-0.0034215
2025-11-25,Y,-0.0114815
2025-11-25,OI,-0.0133745
2025-11-25,TS,-0.4086995
2025-11-26,AU,0.0461245
2025-11-26,IH,0.0521715
2025-11-26,AG,0.031545
2025-11-26,SN,0.047215
2025-11-26,SC,0.0442125
2025-11-26,IF,0.038196
2025-11-26,HC,0.10971
2025-11-26,IM,0.0355685
2025-11-26,FU,0.0468145
2025-11-26,P,0.048442
2025-11-26,I,-0.0096975
2025-11-26,SA,-0.005616
2025-11-26,MA,-0.0095985
2025-11-26,UR,-0.016647
2025-11-26,J,-0.0046175
2025-11-26,M,-0.0116555
2025-11-26,JM,-0.003554
2025-11-26,Y,-0.0111875
2025-11-26,OI,-0.013752
2025-11-26,TS,-0.4136745
2025-11-27,AU,0.0293795
2025-11-27,IH,0.042054
2025-11-27,AG,0.021439
2025-11-27,SN,0.032477
2025-11-27,SC,0.0307595
2025-11-27,IF,0.031212
2025-11-27,HC,0.0743645
2025-11-27,TL,0.1739705
2025-11-27,FU,0.033356
2025-11-27,P,0.0309875
2025-11-27,I,-0.0103955
2025-11-27,SA,-0.005852
2025-11-27,UR,-0.0174485
2025-11-27,V,-0.013047
2025-11-27,J,-0.0046245
2025-11-27,M,-0.0124615
2025-11-27,Y,-0.0114585
2025-11-27,JM,-0.0035825
2025-11-27,OI,-0.0138605
2025-11-27,TS,-0.407269
2025-11-28,AU,0.0295965
2025-11-28,IH,0.041624
2025-11-28,AG,0.0208215
2025-11-28,SN,0.032422
2025-11-28,IF,0.030913
2025-11-28,SC,0.030638
2025-11-28,TL,0.176924
2025-11-28,HC,0.072136
2025-11-28,FU,0.033762
2025-11-28,P,0.0311625
2025-11-28,I,-0.0114075
2025-11-28,SA,-0.0062015
2025-11-28,V,-0.0133865
2025-11-28,UR,-0.018083
2025-11-28,J,-0.004773
2025-11-28,M,-0.012909
2025-11-28,JM,-0.003703
2025-11-28,Y,-0.0116805
2025-11-28,OI,-0.014211
2025-11-28,TS,-0.403644
2025-12-01,AU,0.0302995
2025-12-01,AG,0.0214075
2025-12-01,IH,0.0405045
2025-12-01,IF,0.0299075
2025-12-01,SN,0.031898
2025-12-01,SC,0.030009
2025-12-01,TL,0.1825075
2025-12-01,HC,0.067425
2025-12-01,RU,0.033094
2025-12-01,FU,0.0329475
2025-12-01,I,-0.0106005
2025-12-01,SA,-0.006025
2025-12-01,UR,-0.0162195
2025-12-01,MA,-0.009245
2025-12-01,J,-0.0047825
2025-12-01,Y,-0.0132325
2025-12-01,M,-0.0125965
2025-12-01,JM,-0.0037425
2025-12-01,SR,-0.023652
2025-12-01,TS,-0.399904
2025-12-02,AU,0.028399
2025-12-02,IH,0.0422985
2025-12-02,AG,0.020549
2025-12-02,SN,0.0313125
2025-12-02,IF,0.0310335
2025-12-02,SC,0.0373055
2025-12-02,TL,0.177275
2025-12-02,HC,0.068398
2025-12-02,RU,0.032638
2025-12-02,P,0.030791
2025-12-02,I,-0.0112925
2025-12-02,UR,-0.018158
2025-12-02,SA,-0.0060825
2025-12-02,V,-0.0131
2025-12-02,M,-0.012773
2025-12-02,J,-0.004728
2025-12-02,Y,-0.0115745
2025-12-02,JM,-0.0036535
2025-12-02,OI,-0.014143
2025-12-02,TS,-0.404495
2025-12-03,AU,0.0290375
2025-12-03,IH,0.044475
2025-12-03,AG,0.020781
2025-12-03,SN,0.032572
2025-12-03,IF,0.032248
2025-12-03,SC,0.0395805
2025-12-03,HC,0.068915
2025-12-03,TL,0.1691175
2025-12-03,RU,0.0323395
2025-12-03,P,0.030934
2025-12-03,I,-0.0116125
2025-12-03,SA,-0.006266
2025-12-03,UR,-0.018584
2025-12-03,V,-0.013214
2025-12-03,M,-0.013122
2025-12-03,J,-0.004933
2025-12-03,Y,-0.011867
2025-12-03,JM,-0.003812
2025-12-03,OI,-0.014237
2025-12-03,TS,-0.402352
2025-12-04,AU,0.0291045
2025-12-04,IH,0.044921
2025-12-04,AG,0.0205785
2025-12-04,TL,0.164138
2025-12-04,IF,0.033176
2025-12-04,SN,0.032409
2025-12-04,SC,0.0394395
2025-12-04,HC,0.071447
2025-12-04,RU,0.0335745
2025-12-04,P,0.0312115
2025-12-04,I,-0.0110195
2025-12-04,UR,-0.0178965
2025-12-04,SA,-0.0062885
2025-12-04,V,-0.0127665
2025-12-04,M,-0.0131285
2025-12-04,J,-0.0049225
2025-12-04,Y,-0.012364
2025-12-04,OI,-0.0145065
2025-12-04,JM,-0.003965
2025-12-04,TS,-0.4031425
2025-12-05,AU,0.0291255
2025-12-05,IH,0.044986
2025-12-05,AG,0.020583
2025-12-05,TL,0.1640395
2025-12-05,IF,0.0332305
2025-12-05,SN,0.03248
2025-12-05,SC,0.0397185
2025-12-05,HC,0.071046
2025-12-05,RU,0.03361
2025-12-05,P,0.0311815
2025-12-05,I,-0.0107945
2025-12-05,UR,-0.01658
2025-12-05,SA,-0.006479
2025-12-05,V,-0.0133935
2025-12-05,J,-0.0047665
2025-12-05,Y,-0.012507
2025-12-05,M,-0.012416
2025-12-05,JM,-0.0038095
2025-12-05,OI,-0.0138465
2025-12-05,TS,-0.405408
2025-12-08,AU,0.029916
2025-12-08,IH,0.04273
2025-12-08,AG,0.0213455
2025-12-08,TL,0.1799345
2025-12-08,IF,0.032145
2025-12-08,SC,0.031062
2025-12-08,SN,0.0315945
2025-12-08,HC,0.0655395
2025-12-08,RU,0.0347285
2025-12-08,FU,0.031005
2025-12-08,I,-0.0104715
2025-12-08,UR,-0.0167585
2025-12-08,SA,-0.006421
2025-12-08,V,-0.0128915
2025-12-08,M,-0.012157
2025-12-08,Y,-0.0122615
2025-12-08,J,-0.004684
2025-12-08,OI,-0.013276
2025-12-08,JM,-0.0037735
2025-12-08,TS,-0.407305
2025-12-09,AU,0.02816
2025-12-09,IH,0.044722
2025-12-09,AG,0.019106
2025-12-09,TL,0.1768025
2025-12-09,IF,0.033576
2025-12-09,SN,0.0287935
2025-12-09,SC,0.0379965
2025-12-09,HC,0.0647395
2025-12-09,RU,0.033295
2025-12-09,P,0.032809
2025-12-09,UR,-0.0169385
2025-12-09,I,-0.0101875
2025-12-09,SA,-0.006299
2025-12-09,V,-0.0125955
2025-12-09,M,-0.0120095
2025-12-09,Y,-0.0127005
2025-12-09,J,-0.004587
2025-12-09,JM,-0.0037385
2025-12-09,OI,-0.0132245
2025-12-09,TS,-0.4077185
2025-12-10,AU,0.027726
2025-12-10,IH,0.0460185
2025-12-10,AG,0.0188675
2025-12-10,TL,0.1772555
2025-12-10,IF,0.0349545
2025-12-10,SN,0.028425
2025-12-10,SC,0.0379245
2025-12-10,HC,0.062771
2025-12-10,RU,0.032769
2025-12-10,P,0.033288
2025-12-10,UR,-0.015994
2025-12-10,I,-0.0090175
2025-12-10,SA,-0.005997
2025-12-10,V,-0.0121325
2025-12-10,M,-0.0115545
2025-12-10,Y,-0.012358
2025-12-10,J,-0.0043915
2025-12-10,JM,-0.0035815
2025-12-10,OI,-0.013084
2025-12-10,TS,-0.4118895
2025-12-11,AU,0.0275415
2025-12-11,IH,0.045727
2025-12-11,AG,0.0187475
2025-12-11,TL,0.178642
2025-12-11,IF,0.034727
2025-12-11,SN,0.0275795
2025-12-11,HC,0.063029
2025-12-11,SC,0.0380375
2025-12-11,RU,0.0326185
2025-12-11,P,0.0333505
2025-12-11,UR,-0.015225
2025-12-11,I,-0.0091225
2025-12-11,V,-0.011461
2025-12-11,SA,-0.005863
2025-12-11,M,-0.0123915
2025-12-11,Y,-0.0138895
2025-12-11,J,-0.0044325
2025-12-11,SR,-0.023
2025-12-11,JM,-0.003587
2025-12-11,TS,-0.4010275
2025-12-12,AU,0.028498
2025-12-12,IH,0.04595
2025-12-12,AG,0.0187165
2025-12-12,TL,0.171981
2025-12-12,IF,0.0347035
2025-12-12,SN,0.0269315
2025-12-12,HC,0.064542
2025-12-12,SC,0.0404675
2025-12-12,RU,0.033692
2025-12-12,P,0.034517
2025-12-12,UR,-0.015916
2025-12-12,V,-0.0110245
2025-12-12,I,-0.009123
2025-12-12,M,-0.011978
2025-12-12,SA,-0.005757
2025-12-12,Y,-0.014513
2025-12-12,J,-0.004605
2025-12-12,SR,-0.023355
2025-12-12,JM,-0.0035915
2025-12-12,TS,-0.400137
2025-12-15,AU,0.028375
2025-12-15,IH,0.0444435
2025-12-15,AG,0.0186095
2025-12-15,TL,0.172114
2025-12-15,SN,0.025685
2025-12-15,SC,0.0402805
2025-12-15,IF,0.0340525
2025-12-15,HC,0.067898
2025-12-15,RU,0.033971
2025-12-15,P,0.0345705
2025-12-15,UR,-0.015397
2025-12-15,I,-0.0089295
2025-12-15,V,-0.0107625
2025-12-15,M,-0.011375
2025-12-15,Y,-0.014291
2025-12-15,SA,-0.0058525
2025-12-15,J,-0.0046125
2025-12-15,SR,-0.022087
2025-12-15,JM,-0.0036775
2025-12-15,TS,-0.4030155
2025-12-16,AU,0.029648
2025-12-16,IH,0.0441955
2025-12-16,AG,0.017937
2025-12-16,TL,0.164673
2025-12-16,SN,0.025539
2025-12-16,SC,0.04289
2025-12-16,IF,0.033685
2025-12-16,HC,0.070597
2025-12-16,P,0.0370115
2025-12-16,RU,0.0338245
2025-12-16,UR,-0.014636
2025-12-16,I,-0.008424
2025-12-16,M,-0.009432
2025-12-16,V,-0.010088
2025-12-16,SA,-0.0059485
2025-12-16,Y,-0.0136645
2025-12-16,J,-0.0042955
2025-12-16,RM,-0.007763
2025-12-16,JM,-0.0034695
2025-12-16,TS,-0.422279
2025-12-17,AU,0.0299255
2025-12-17,IH,0.0455435
2025-12-17,AG,0.017766
2025-12-17,TL,0.1623445
2025-12-17,SN,0.0250675
2025-12-17,IF,0.034103
2025-12-17,SC,0.0427615
2025-12-17,HC,0.070863
2025-12-17,P,0.0366575
2025-12-17,RU,0.034968
2025-12-17,UR,-0.0382065
2025-12-17,I,-0.0192815
2025-12-17,M,-0.0238105
2025-12-17,Y,-0.0281615
2025-12-17,V,-0.025515
2025-12-17,SA,-0.0139395
2025-12-17,J,-0.0097635
2025-12-17,OI,-0.0319885
2025-12-17,JM,-0.0080295
2025-12-17,T,-0.301304
2025-12-18,AU,0.029801
2025-12-18,AG,0.0176755
2025-12-18,IH,0.0453035
2025-12-18,SN,0.024886
2025-12-18,TL,0.1640015
2025-12-18,SC,0.042821
2025-12-18,IF,0.0338865
2025-12-18,HC,0.070275
2025-12-18,P,0.036445
2025-12-18,RU,0.0349045
2025-12-18,UR,-0.080303
2025-12-18,I,-0.0469985
2025-12-18,M,-0.056469
2025-12-18,SA,-0.029731
2025-12-18,V,-0.0571685
2025-12-18,Y,-0.063648
2025-12-18,J,-0.0204505
2025-12-18,OI,-0.066642
2025-12-18,JM,-0.016761
2025-12-18,NI,-0.061828
2025-12-19,AU,0.029209
2025-12-19,IH,0.045056
2025-12-19,AG,0.017001
2025-12-19,SN,0.0254825
2025-12-19,TL,0.17051
2025-12-19,SC,0.0395805
2025-12-19,IF,0.033426
2025-12-19,HC,0.069551
2025-12-19,P,0.035212
2025-12-19,RU,0.0349725
2025-12-19,UR,-0.080799
2025-12-19,M,-0.0576595
2025-12-19,SA,-0.030513
2025-12-19,I,-0.048025
2025-12-19,Y,-0.064102
2025-12-19,V,-0.060201
2025-12-19,J,-0.0207885
2025-12-19,OI,-0.065363
2025-12-19,JM,-0.0170215
2025-12-19,NI,-0.0555275
2025-12-22,AU,0.0275055
2025-12-22,AG,0.0167455
2025-12-22,IH,0.0436555
2025-12-22,SN,0.025546
2025-12-22,TL,0.169017
2025-12-22,HC,0.0726315
2025-12-22,SC,0.040197
2025-12-22,IF,0.0325975
2025-12-22,P,0.0380915
2025-12-22,RU,0.0340125
2025-12-22,UR,-0.032522
2025-12-22,M,-0.0304725
2025-12-22,SA,-0.0131855
2025-12-22,I,-0.018785
2025-12-22,Y,-0.035804
2025-12-22,V,-0.0203985
2025-12-22,J,-0.008953
2025-12-22,OI,-0.0282565
2025-12-22,JM,-0.007049
2025-12-22,T,-0.304574
2025-12-23,AU,0.025948
2025-12-23,SN,0.0253485
2025-12-23,AG,0.0144885
2025-12-23,IH,0.042725
2025-12-23,TL,0.146278
2025-12-23,SC,0.0374745
2025-12-23,HC,0.0723175
2025-12-23,IF,0.0317555
2025-12-23,P,0.0362695
2025-12-23,A,0.067395
2025-12-23,UR,-0.032509
2025-12-23,M,-0.0312595
2025-12-23,SA,-0.013601
2025-12-23,I,-0.018858
2025-12-23,Y,-0.036671
2025-12-23,V,-0.0201895
2025-12-23,J,-0.009011
2025-12-23,OI,-0.026871
2025-12-23,JM,-0.0070585
2025-12-23,T,-0.303971
2025-12-24,AU,0.0254595
2025-12-24,SN,0.0249235
2025-12-24,AG,0.0142175
2025-12-24,IH,0.0429035
2025-12-24,TL,0.1450575
2025-12-24,SC,0.038294
2025-12-24,HC,0.071778
2025-12-24,IF,0.0319785
2025-12-24,P,0.037122
2025-12-24,A,0.0682665
2025-12-24,UR,-0.0321975
2025-12-24,SA,-0.0135995
2025-12-24,M,-0.032282
2025-12-24,I,-0.018742
2025-12-24,Y,-0.0378395
2025-12-24,V,-0.020525
2025-12-24,J,-0.00923
2025-12-24,OI,-0.029608
2025-12-24,JM,-0.0070355
2025-12-24,T,-0.2989415
2025-12-25,AU,0.0278825
2025-12-25,IH,0.044502
2025-12-25,SN,0.025934
2025-12-25,AG,0.0149075
2025-12-25,TL,0.1627965
2025-12-25,SC,0.0417825
2025-12-25,IF,0.0335445
2025-12-25,HC,0.076071
2025-12-25,P,0.039648
2025-12-25,RU,0.032931
2025-12-25,UR,-0.033512
2025-12-25,SA,-0.013793
2025-12-25,M,-0.0329705
2025-12-25,Y,-0.039333
2025-12-25,I,-0.0200775
2025-12-25,V,-0.02003
2025-12-25,J,-0.0101345
2025-12-25,OI,-0.028882
2025-12-25,JM,-0.0073985
2025-12-25,T,-0.29387
2025-12-26,AU,0.0261235
2025-12-26,SN,0.0250445
2025-12-26,AG,0.014019
2025-12-26,IH,0.0438465
2025-12-26,TL,0.132758
2025-12-26,SC,0.0379075
2025-12-26,IF,0.032979
2025-12-26,HC,0.0768525
2025-12-26,P,0.0377555
2025-12-26,A,0.0727135
2025-12-26,SA,-0.014902
2025-12-26,UR,-0.0348885
2025-12-26,M,-0.030368
2025-12-26,Y,-0.0505555
2025-12-26,I,-0.023758
2025-12-26,V,-0.019842
2025-12-26,J,-0.0104335
2025-12-26,RM,-0.0208065
2025-12-26,JM,-0.007686
2025-12-26,T,-0.28676
2025-12-29,AU,0.0260875
2025-12-29,SN,0.0248795
2025-12-29,IH,0.0434415
2025-12-29,AG,0.0141195
2025-12-29,SC,0.0389355
2025-12-29,TL,0.1319095
2025-12-29,IF,0.032712
2025-12-29,HC,0.079068
2025-12-29,P,0.037212
2025-12-29,A,0.0716355
2025-12-29,UR,-0.0344945
2025-12-29,SA,-0.014316
2025-12-29,Y,-0.048849
2025-12-29,M,-0.0306635
2025-12-29,I,-0.024721
2025-12-29,J,-0.010298
2025-12-29,RM,-0.0206445
2025-12-29,V,-0.0198425
2025-12-29,JM,-0.007597
2025-12-29,T,-0.288573
2025-12-30,AU,0.026292
2025-12-30,IH,0.0397685
2025-12-30,SN,0.021916
2025-12-30,ZN,0.048191
2025-12-30,SC,0.034535
2025-12-30,TL,0.1265485
2025-12-30,IF,0.03035
2025-12-30,P,0.033295
2025-12-30,A,0.0690055
2025-12-30,HC,0.0700985
2025-12-30,UR,-0.0351295
2025-12-30,SA,-0.0144665
2025-12-30,Y,-0.049225
2025-12-30,I,-0.025046
2025-12-30,M,-0.030187
2025-12-30,J,-0.01029
2025-12-30,RM,-0.020351
2025-12-30,V,-0.0201145
2025-12-30,JM,-0.0076945
2025-12-30,T,-0.2874965
2025-12-31,AU,0.0261575
2025-12-31,IH,0.03772
2025-12-31,SN,0.021285
2025-12-31,ZN,0.0454765
2025-12-31,TL,0.127627
2025-12-31,SC,0.035958
2025-12-31,IF,0.0296095
2025-12-31,A,0.0693395
2025-12-31,P,0.0344325
2025-12-31,HC,0.072394
2025-12-31,UR,-0.03544
2025-12-31,SA,-0.014207
2025-12-31,RM,-0.0203495
2025-12-31,I,-0.0252255
2025-12-31,M,-0.0302695
2025-12-31,J,-0.0101805
2025-12-31,Y,-0.049232
2025-12-31,V,-0.0200305
2025-12-31,JM,-0.007633
2025-12-31,T,-0.2874325
2026-01-05,AU,0.026507
2026-01-05,IH,0.039475
2026-01-05,SN,0.0222895
2026-01-05,AG,0.0122665
2026-01-05,SC,0.038523
2026-01-05,TL,0.1381295
2026-01-05,IF,0.031701
2026-01-05,P,0.0388045
2026-01-05,A,0.071984
2026-01-05,HC,0.0803205
2026-01-05,UR,-0.034755
2026-01-05,SA,-0.013937
2026-01-05,M,-0.029288
2026-01-05,RM,-0.0197005
2026-01-05,J,-0.0101415
2026-01-05,I,-0.0247315
2026-01-05,Y,-0.046766
2026-01-05,V,-0.0178085
2026-01-05,JM,-0.0075255
2026-01-05,T,-0.2953455
2026-01-06,AU,0.0282485
2026-01-06,IH,0.038361
2026-01-06,SN,0.0218985
2026-01-06,SC,0.041632
2026-01-06,ZN,0.0471665
2026-01-06,TL,0.151436
2026-01-06,IF,0.0315785
2026-01-06,A,0.069698
2026-01-06,P,0.037372
2026-01-06,RU,0.032608
2026-01-06,UR,-0.0342345
2026-01-06,M,-0.0273845
2026-01-06,Y,-0.044982
2026-01-06,J,-0.008534
2026-01-06,SA,-0.010734
2026-01-06,RM,-0.0191965
2026-01-06,I,-0.0203895
2026-01-06,JM,-0.006946
2026-01-06,V,-0.0177785
2026-01-06,T,-0.3098205
2026-01-07,AU,0.030525
2026-01-07,IH,0.0355065
2026-01-07,SN,0.0217395
2026-01-07,SC,0.0342305
2026-01-07,ZN,0.0485295
2026-01-07,TL,0.154459
2026-01-07,IF,0.0294915
2026-01-07,A,0.068257
2026-01-07,P,0.044323
2026-01-07,RU,0.0329385
2026-01-07,M,-0.0257145
2026-01-07,UR,-0.0306475
2026-01-07,Y,-0.0485255
2026-01-07,I,-0.019028
2026-01-07,SA,-0.0099185
2026-01-07,J,-0.008327
2026-01-07,RM,-0.0175965
2026-01-07,JM,-0.007056
2026-01-07,V,-0.0162875
2026-01-07,T,-0.3168985
2026-01-08,AU,0.0302535
2026-01-08,IH,0.0365475
2026-01-08,SN,0.020652
2026-01-08,SC,0.032263
2026-01-08,ZN,0.047115
2026-01-08,TL,0.1576525
2026-01-08,IF,0.0303375
2026-01-08,P,0.0439845
2026-01-08,A,0.0688375
2026-01-08,RU,0.032357
2026-01-08,UR,-0.0250215
2026-01-08,M,-0.020954
2026-01-08,Y,-0.0394435
2026-01-08,I,-0.014934
2026-01-08,J,-0.00648
2026-01-08,SA,-0.007916
2026-01-08,RM,-0.014733
2026-01-08,JM,-0.005574
2026-01-08,V,-0.0132645
2026-01-08,TF,-0.3516795
2026-01-09,AU,0.029362
2026-01-09,IH,0.0378365
2026-01-09,SN,0.018513
2026-01-09,ZN,0.0474905
2026-01-09,SC,0.0323105
2026-01-09,TL,0.1542345
2026-01-09,P,0.044173
2026-01-09,IF,0.030825
2026-01-09,A,0.0714355
2026-01-09,RU,0.033819
2026-01-09,M,-0.021147
2026-01-09,Y,-0.039649
2026-01-09,I,-0.0149615
2026-01-09,UR,-0.025356
2026-01-09,J,-0.006482
2026-01-09,SA,-0.00796
2026-01-09,RM,-0.0149655
2026-01-09,JM,-0.0054665
2026-01-09,V,-0.013193
2026-01-09,TF,-0.35082
2026-01-12,AU,0.027397
2026-01-12,IH,0.0367085
2026-01-12,SN,0.018511
2026-01-12,IF,0.0309725
2026-01-12,ZN,0.0452935
2026-01-12,TL,0.1566135
2026-01-12,SC,0.031817
2026-01-12,P,0.0456825
2026-01-12,RU,0.035526
2026-01-12,CF,0.071478
2026-01-12,SA,-0.0077025
2026-01-12,Y,-0.0327485
2026-01-12,M,-0.0234125
2026-01-12,I,-0.015893
2026-01-12,UR,-0.025445
2026-01-12,J,-0.0066175
2026-01-12,OI,-0.026699
2026-01-12,JM,-0.005473
2026-01-12,V,-0.0133775
2026-01-12,TF,-0.3426315
2026-01-13,AU,0.028187
2026-01-13,IH,0.0397125
2026-01-13,SN,0.0172895
2026-01-13,CU,0.0247635
2026-01-13,TL,0.150073
2026-01-13,IF,0.0325845
2026-01-13,SC,0.031219
2026-01-13,P,0.0445495
2026-01-13,CF,0.063398
2026-01-13,A,0.068223
2026-01-13,I,-0.0082305
2026-01-13,Y,-0.016958
2026-01-13,SA,-0.003905
2026-01-13,M,-0.01219
2026-01-13,UR,-0.0124845
2026-01-13,OI,-0.0137165
2026-01-13,J,-0.0034435
2026-01-13,JM,-0.0028215
2026-01-13,V,-0.0071485
2026-01-13,TS,-0.4191025
2026-01-14,AU,0.0281915
2026-01-14,IH,0.040109
2026-01-14,IF,0.0328295
2026-01-14,SN,0.017666
2026-01-14,CU,0.0241195
2026-01-14,TL,0.151945
2026-01-14,SC,0.0313105
2026-01-14,P,0.0430375
2026-01-14,CF,0.061753
2026-01-14,A,0.0690385
2026-01-14,I,-0.0079145
2026-01-14,Y,-0.0163035
2026-01-14,M,-0.011922
2026-01-14,SA,-0.003761
2026-01-14,UR,-0.0120085
2026-01-14,J,-0.003439
2026-01-14,OI,-0.013138
2026-01-14,JM,-0.0027915
2026-01-14,V,-0.0070635
2026-01-14,TS,-0.4216585
2026-01-15,AU,0.0303785
2026-01-15,IH,0.0424475
2026-01-15,IF,0.034524
2026-01-15,SN,0.0165775
2026-01-15,CU,0.024692
2026-01-15,TL,0.160186
2026-01-15,SC,0.032793
2026-01-15,P,0.047853
2026-01-15,A,0.076407
2026-01-15,RU,0.0341415
2026-01-15,I,-0.0080835
2026-01-15,Y,-0.016172
2026-01-15,SA,-0.0038755
2026-01-15,J,-0.0034805
2026-01-15,M,-0.0126215
2026-01-15,UR,-0.012327
2026-01-15,OI,-0.012745
2026-01-15,JM,-0.0028335
2026-01-15,V,-0.0072175
2026-01-15,TS,-0.4206435
2026-01-16,AU,0.02898
2026-01-16,IH,0.040203
2026-01-16,IF,0.0336695
2026-01-16,SN,0.0154825
2026-01-16,CU,0.0236055
2026-01-16,TL,0.1532965
2026-01-16,P,0.045029
2026-01-16,SC,0.030312
2026-01-16,A,0.0694345
2026-01-16,CF,0.059988
2026-01-16,I,-0.0076295
2026-01-16,UR,-0.011867
2026-01-16,M,-0.013004
2026-01-16,SA,-0.0039555
2026-01-16,Y,-0.0165555
2026-01-16,J,-0.0035825
2026-01-16,OI,-0.0123325
2026-01-16,JM,-0.0029255
2026-01-16,V,-0.0073355
2026-01-16,TS,-0.4208125
2026-01-19,AU,0.0298615
2026-01-19,IF,0.03421
2026-01-19,IH,0.039679
2026-01-19,SN,0.0141965
2026-01-19,ZN,0.0420635
2026-01-19,TL,0.1589495
2026-01-19,CF,0.0679655
2026-01-19,P,0.0452405
2026-01-19,SC,0.031049
2026-01-19,RU,0.0367855
2026-01-19,I,-0.007693
2026-01-19,UR,-0.011932
2026-01-19,J,-0.0036285
2026-01-19,M,-0.0130905
2026-01-19,SA,-0.0039935
2026-01-19,Y,-0.0166205
2026-01-19,OI,-0.012417
2026-01-19,JM,-0.002966
2026-01-19,V,-0.007383
2026-01-19,TS,-0.420276
2026-01-20,AU,0.0305575
2026-01-20,IH,0.040364
2026-01-20,IF,0.034741
2026-01-20,SN,0.013342
2026-01-20,ZN,0.041721
2026-01-20,TL,0.140309
2026-01-20,P,0.042805
2026-01-20,CF,0.0603875
2026-01-20,SC,0.028673
2026-01-20,A,0.0671005
2026-01-20,I,-0.015016
2026-01-20,UR,-0.023488
2026-01-20,M,-0.0252525
2026-01-20,J,-0.007252
2026-01-20,SA,-0.007941
2026-01-20,Y,-0.0320685
2026-01-20,OI,-0.0245765
2026-01-20,JM,-0.005943
2026-01-20,V,-0.0140515
2026-01-20,TF,-0.344411
2026-01-21,AU,0.038746
2026-01-21,IH,0.0496825
2026-01-21,IF,0.0415205
2026-01-21,SN,0.017992
2026-01-21,ZN,0.0518995
2026-01-21,IM,0.03359
2026-01-21,SC,0.039137
2026-01-21,P,0.057346
2026-01-21,CF,0.0773655
2026-01-21,A,0.0927205
2026-01-21,I,-0.007409
2026-01-21,UR,-0.011986
2026-01-21,M,-0.0129795
2026-01-21,Y,-0.015002
2026-01-21,OI,-0.0113235
2026-01-21,J,-0.003763
2026-01-21,SA,-0.003921
2026-01-21,JM,-0.0031155
2026-01-21,MA,-0.0070185
2026-01-21,TS,-0.423482
2026-01-22,AU,0.0387845
2026-01-22,IH,0.054744
2026-01-22,IF,0.045437
2026-01-22,SN,0.0190295
2026-01-22,ZN,0.056024
2026-01-22,IM,0.03554
2026-01-22,P,0.0649695
2026-01-22,SC,0.043987
2026-01-22,CF,0.094715
2026-01-22,RU,0.04677
2026-01-22,I,-0.007642
2026-01-22,UR,-0.0124405
2026-01-22,M,-0.0134025
2026-01-22,Y,-0.0160415
2026-01-22,SA,-0.0039375
2026-01-22,OI,-0.012221
2026-01-22,J,-0.003759
2026-01-22,JM,-0.0030785
2026-01-22,V,-0.006836
2026-01-22,TS,-0.4206415
2026-01-23,AU,0.0378095
2026-01-23,IH,0.054693
2026-01-23,IF,0.0460135
2026-01-23,SN,0.019345
2026-01-23,ZN,0.0558165
2026-01-23,IM,0.0368675
2026-01-23,P,0.062889
2026-01-23,SC,0.042365
2026-01-23,CF,0.096678
2026-01-23,RU,0.047523
2026-01-23,I,-0.007911
2026-01-23,UR,-0.011642
2026-01-23,M,-0.012411
2026-01-23,SA,-0.0037835
2026-01-23,OI,-0.0100495
2026-01-23,Y,-0.014572
2026-01-23,JM,-0.002907
2026-01-23,J,-0.003572
2026-01-23,V,-0.006439
2026-01-23,TS,-0.426712
2026-01-26,AU,0.041666
2026-01-26,IF,0.0461575
2026-01-26,IH,0.055288
2026-01-26,AG,0.012211
2026-01-26,ZN,0.060186
2026-01-26,IC,0.032513
2026-01-26,SC,0.043435
2026-01-26,RU,0.048645
2026-01-26,CF,0.0967435
2026-01-26,P,0.063154
2026-01-26,I,-0.0160885
2026-01-26,M,-0.024952
2026-01-26,UR,-0.022896
2026-01-26,Y,-0.028496
2026-01-26,SA,-0.007622
2026-01-26,OI,-0.0198345
2026-01-26,J,-0.006976
2026-01-26,JM,-0.0057095
2026-01-26,V,-0.0123485
2026-01-26,TF,-0.3550775
2026-01-27,AU,0.043705
2026-01-27,IF,0.057514
2026-01-27,IH,0.068957
2026-01-27,IM,0.0455645
2026-01-27,AL,0.039274
2026-01-27,AG,0.014708
2026-01-27,SC,0.043075
2026-01-27,FU,0.0335435
2026-01-27,RU,0.05836
2026-01-27,CF,0.0952985
2026-01-27,I,-0.015502
2026-01-27,M,-0.0239365
2026-01-27,UR,-0.021316
2026-01-27,Y,-0.0317985
2026-01-27,SA,-0.0073835
2026-01-27,LH,-0.0177
2026-01-27,JM,-0.0055075
2026-01-27,J,-0.006668
2026-01-27,V,-0.011639
2026-01-27,TF,-0.3585495
2026-01-28,AU,0.039055
2026-01-28,IF,0.057775
2026-01-28,IH,0.0638455
2026-01-28,AL,0.0451165
2026-01-28,IM,0.0499525
2026-01-28,CU,0.0341165
2026-01-28,FU,0.0344145
2026-01-28,SC,0.0407435
2026-01-28,RU,0.058097
2026-01-28,P,0.076884
2026-01-28,I,-0.0065925
2026-01-28,M,-0.0100055
2026-01-28,UR,-0.0095085
2026-01-28,Y,-0.0110135
2026-01-28,SA,-0.0031155
2026-01-28,OI,-0.007575
2026-01-28,JM,-0.0023915
2026-01-28,J,-0.0028625
2026-01-28,V,-0.0055095
2026-01-28,TS,-0.4414255
2026-01-29,AU,0.0328115
2026-01-29,IF,0.0629465
2026-01-29,IH,0.06837
2026-01-29,AL,0.043206
2026-01-29,AG,0.0144185
2026-01-29,IM,0.054317
2026-01-29,RU,0.061356
2026-01-29,FU,0.038177
2026-01-29,SC,0.0457825
2026-01-29,P,0.0786145
2026-01-29,I,-0.006524
2026-01-29,M,-0.009447
2026-01-29,UR,-0.009062
2026-01-29,SA,-0.0030795
2026-01-29,Y,-0.0106745
2026-01-29,OI,-0.007657
2026-01-29,JM,-0.0023815
2026-01-29,J,-0.0028805
2026-01-29,V,-0.0059295
2026-01-29,TS,-0.442364
2026-01-30,AU,0.0227695
2026-01-30,IF,0.060399
2026-01-30,IH,0.0675745
2026-01-30,AL,0.0358655
2026-01-30,ZN,0.0525835
2026-01-30,IM,0.0463185
2026-01-30,SC,0.0418975
2026-01-30,FU,0.036189
2026-01-30,RU,0.0626235
2026-01-30,P,0.073779
2026-01-30,I,-0.0065465
2026-01-30,M,-0.009176
2026-01-30,SA,-0.003179
2026-01-30,UR,-0.0090265
2026-01-30,JM,-0.002341
2026-01-30,OI,-0.00687
2026-01-30,Y,-0.009186
2026-01-30,J,-0.002738
2026-01-30,V,-0.00572
2026-01-30,TS,-0.445216
2026-02-02,AU,0.022239
2026-02-02,IH,0.071415
2026-02-02,IF,0.0637805
2026-02-02,AL,0.0373585
2026-02-02,CU,0.032179
2026-02-02,IC,0.040275
2026-02-02,SC,0.046857
2026-02-02,RU,0.0677145
2026-02-02,FU,0.0393355
2026-02-02,P,0.078846
2026-02-02,I,-0.0066495
2026-02-02,M,-0.0092445
2026-02-02,SA,-0.0031905
2026-02-02,UR,-0.008939
2026-02-02,JM,-0.0023425
2026-02-02,OI,-0.0068165
2026-02-02,Y,-0.009148
2026-02-02,V,-0.005654
2026-02-02,J,-0.002747
2026-02-02,TS,-0.4452685
2026-02-03,IH,0.0677405
2026-02-03,IF,0.0613995
2026-02-03,AU,0.021262
2026-02-03,ZN,0.0550825
2026-02-03,CU,0.0316825
2026-02-03,IC,0.0400315
2026-02-03,SC,0.0439175
2026-02-03,FU,0.0367885
2026-02-03,RU,0.065187
2026-02-03,P,0.076908
2026-02-03,I,-0.0063245
2026-02-03,M,-0.0088245
2026-02-03,UR,-0.0085775
2026-02-03,JM,-0.002235
2026-02-03,SA,-0.002979
2026-02-03,OI,-0.007158
2026-02-03,RM,-0.0061045
2026-02-03,J,-0.0025685
2026-02-03,V,-0.0050685
2026-02-03,TS,-0.4501605
2026-02-04,IH,0.069504
2026-02-04,IF,0.062865
2026-02-04,AU,0.020887
2026-02-04,ZN,0.0531595
2026-02-04,CU,0.0303955
2026-02-04,IC,0.03954
2026-02-04,SC,0.04407
2026-02-04,RU,0.0648265
2026-02-04,P,0.0774175
2026-02-04,FU,0.037335
2026-02-04,I,-0.00597
2026-02-04,M,-0.0086525
2026-02-04,UR,-0.008404
2026-02-04,JM,-0.0021745
2026-02-04,SA,-0.002898
2026-02-04,OI,-0.007096
2026-02-04,RM,-0.0060255
2026-02-04,V,-0.004748
2026-02-04,J,-0.0025125
2026-02-04,TS,-0.4515185
2026-02-05,IH,0.0690435
2026-02-05,IF,0.0627095
2026-02-05,AU,0.0207815
2026-02-05,ZN,0.0531865
2026-02-05,CU,0.030359
2026-02-05,IC,0.0396045
2026-02-05,SC,0.044103
2026-02-05,FU,0.0376255
2026-02-05,RU,0.064686
2026-02-05,P,0.077901
2026-02-05,I,-0.006027
2026-02-05,M,-0.00855
2026-02-05,UR,-0.0080045
2026-02-05,JM,-0.002123
2026-02-05,SA,-0.0028005
2026-02-05,OI,-0.006974
2026-02-05,J,-0.002445
2026-02-05,RM,-0.005936
2026-02-05,V,-0.004605
2026-02-05,TS,-0.452535
2026-02-06,IH,0.070576
2026-02-06,AU,0.021359
2026-02-06,IF,0.0635715
2026-02-06,ZN,0.05608
2026-02-06,CU,0.0319755
2026-02-06,IC,0.040336
2026-02-06,SC,0.043562
2026-02-06,FU,0.038503
2026-02-06,TA,0.054474
2026-02-06,P,0.079563
2026-02-06,I,-0.00615
2026-02-06,M,-0.008754
2026-02-06,UR,-0.0080485
2026-02-06,JM,-0.0021535
2026-02-06,SA,-0.002879
2026-02-06,OI,-0.0071265
2026-02-06,RM,-0.006026
2026-02-06,J,-0.002487
2026-02-06,V,-0.004688
2026-02-06,TS,-0.451688
2026-02-09,IH,0.073909
2026-02-09,AU,0.022029
2026-02-09,IF,0.066727
2026-02-09,CU,0.033199
2026-02-09,AL,0.038686
2026-02-09,SC,0.04505
2026-02-09,IC,0.0417515
2026-02-09,FU,0.040195
2026-02-09,TA,0.0557475
2026-02-09,P,0.0827055
2026-02-09,I,-0.00578
2026-02-09,M,-0.008576
2026-02-09,UR,-0.0080635
2026-02-09,JM,-0.0022405
2026-02-09,SA,-0.0028535
2026-02-09,OI,-0.006578
2026-02-09,RM,-0.005963
2026-02-09,RB,-0.0070035
2026-02-09,V,-0.00474
2026-02-09,TS,-0.448203
2026-02-10,IH,0.070844
2026-02-10,IF,0.063969
2026-02-10,AU,0.0212325
2026-02-10,CU,0.0318985
2026-02-10,ZN,0.055964
2026-02-10,SC,0.04342
2026-02-10,IC,0.0404445
2026-02-10,TA,0.05478
2026-02-10,FU,0.0384545
2026-02-10,P,0.0789935
2026-02-10,I,-0.005891
2026-02-10,M,-0.0081605
2026-02-10,UR,-0.0080355
2026-02-10,JM,-0.002216
2026-02-10,SA,-0.0028095
2026-02-10,OI,-0.0065725
2026-02-10,RM,-0.005616
2026-02-10,RB,-0.006987
2026-02-10,V,-0.0046855
2026-02-10,TS,-0.449027
2026-02-11,IH,0.0710745
2026-02-11,IF,0.0645445
2026-02-11,AU,0.021247
2026-02-11,CU,0.031414
2026-02-11,AL,0.0375415
2026-02-11,SC,0.046716
2026-02-11,FU,0.0399695
2026-02-11,IC,0.040468
2026-02-11,RU,0.0661895
2026-02-11,P,0.080835
2026-02-11,M,-0.008189
2026-02-11,I,-0.0058985
2026-02-11,UR,-0.0078075
2026-02-11,JM,-0.0022185
2026-02-11,SA,-0.0028625
2026-02-11,OI,-0.006721
2026-02-11,RM,-0.0055975
2026-02-11,RB,-0.0070335
2026-02-11,V,-0.0047065
2026-02-11,TS,-0.4489655
2026-02-12,IH,0.069754
2026-02-12,IF,0.0644275
2026-02-12,AU,0.0217395
2026-02-12,CU,0.0316235
2026-02-12,AL,0.0378535
2026-02-12,SC,0.043985
2026-02-12,FU,0.039761
2026-02-12,IC,0.04071
2026-02-12,RU,0.067684
2026-02-12,P,0.082463
2026-02-12,I,-0.0057445
2026-02-12,M,-0.00836
2026-02-12,UR,-0.0078395
2026-02-12,SA,-0.0028905
2026-02-12,RB,-0.0071875
2026-02-12,OI,-0.0068285
2026-02-12,RM,-0.0057115
2026-02-12,JM,-0.002269
2026-02-12,V,-0.0047265
2026-02-12,TS,-0.448442
2026-02-13,IF,0.0651565
2026-02-13,AU,0.02086
2026-02-13,IH,0.0709005
2026-02-13,CU,0.030746
2026-02-13,ZN,0.051553
2026-02-13,SC,0.0375345
2026-02-13,IC,0.0423105
2026-02-13,FU,0.0376805
2026-02-13,P,0.0853385
2026-02-13,RU,0.0579195
2026-02-13,M,-0.008097
2026-02-13,UR,-0.0076145
2026-02-13,I,-0.0056095
2026-02-13,SA,-0.0029975
2026-02-13,RB,-0.0074185
2026-02-13,OI,-0.0065605
2026-02-13,RM,-0.005542
2026-02-13,J,-0.002618
2026-02-13,V,-0.0048075
2026-02-13,TS,-0.448736
2026-02-24,AU,0.020945
2026-02-24,IF,0.0648705
2026-02-24,IH,0.0707345
2026-02-24,CU,0.030783
2026-02-24,ZN,0.0517495
2026-02-24,SC,0.037798
2026-02-24,IC,0.042122
2026-02-24,RU,0.057675
2026-02-24,P,0.0854935
2026-02-24,FU,0.037829
2026-02-24,M,-0.007367
2026-02-24,I,-0.0049885
2026-02-24,SA,-0.0028865
2026-02-24,UR,-0.0079945
2026-02-24,RB,-0.0068725
2026-02-24,RM,-0.005579
2026-02-24,J,-0.002471
2026-02-24,LH,-0.0081205
2026-02-24,V,-0.004469
2026-02-24,TS,-0.449251
2026-02-25,AU,0.021074
2026-02-25,IF,0.065006
2026-02-25,IH,0.0704675
2026-02-25,CU,0.030992
2026-02-25,ZN,0.0518745
2026-02-25,SC,0.037846
2026-02-25,IC,0.0423685
2026-02-25,RU,0.057623
2026-02-25,P,0.0842755
2026-02-25,FU,0.038473
2026-02-25,M,-0.0077735
2026-02-25,I,-0.0052825
2026-02-25,UR,-0.0078825
2026-02-25,SA,-0.002909
2026-02-25,RB,-0.0067925
2026-02-25,J,-0.0024705
2026-02-25,RM,-0.0054215
2026-02-25,OI,-0.006232
2026-02-25,V,-0.004553
2026-02-25,TS,-0.450683
2026-02-26,IF,0.058808
2026-02-26,AU,0.0194295
2026-02-26,IH,0.063603
2026-02-26,CU,0.027786
2026-02-26,ZN,0.0462375
2026-02-26,SC,0.03597
2026-02-26,P,0.075793
2026-02-26,IC,0.038044
2026-02-26,RU,0.0508595
2026-02-26,CF,0.083469
2026-02-26,M,-0.007905
2026-02-26,I,-0.005049
2026-02-26,UR,-0.0081135
2026-02-26,SA,-0.002923
2026-02-26,J,-0.0024675
2026-02-26,RB,-0.006739
2026-02-26,RM,-0.0057805
2026-02-26,LH,-0.0082155
2026-02-26,V,-0.0043665
2026-02-26,TS,-0.4484415
2026-02-27,AU,0.019165
2026-02-27,IH,0.0642355
2026-02-27,IF,0.0596045
2026-02-27,ZN,0.0463375
2026-02-27,CU,0.0281105
2026-02-27,SC,0.033444
2026-02-27,P,0.074761
2026-02-27,IC,0.038353
2026-02-27,CF,0.08554
2026-02-27,RU,0.0504495
2026-02-27,M,-0.0076705
2026-02-27,I,-0.0050475
2026-02-27,UR,-0.0076095
2026-02-27,SA,-0.0028375
2026-02-27,J,-0.0024795
2026-02-27,RM,-0.005574
2026-02-27,RB,-0.006699
2026-02-27,LH,-0.007733
2026-02-27,V,-0.004309
2026-02-27,TS,-0.4500415
2026-03-02,AU,0.011615
2026-03-02,IF,0.0366005
2026-03-02,ZN,0.0294595
2026-03-02,SC,0.0178355
2026-03-02,IH,0.038429
2026-03-02,CU,0.0178375
2026-03-02,TL,0.1772835
2026-03-02,P,0.040414
2026-03-02,CF,0.0521995
2026-03-02,SR,0.078327
2026-03-02,M,-0.0185435
2026-03-02,I,-0.0118915
2026-03-02,SA,-0.006858
2026-03-02,UR,-0.017863
2026-03-02,J,-0.0059675
2026-03-02,RM,-0.013537
2026-03-02,RB,-0.016378
2026-03-02,V,-0.0100055
2026-03-02,LH,-0.019013
2026-03-02,TF,-0.3799435
2026-03-03,AU,0.011286
2026-03-03,IF,0.0357255
2026-03-03,CU,0.016843
2026-03-03,ZN,0.028586
2026-03-03,IH,0.037481
2026-03-03,SC,0.017143
2026-03-03,TL,0.166609
2026-03-03,P,0.0402605
2026-03-03,A,0.0766035
2026-03-03,SR,0.069462
2026-03-03,M,-0.0077745
2026-03-03,I,-0.005153
2026-03-03,J,-0.002483
2026-03-03,SA,-0.0028235
2026-03-03,UR,-0.007757
2026-03-03,RM,-0.0055975
2026-03-03,RB,-0.0068055
2026-03-03,V,-0.004255
2026-03-03,LH,-0.0079815
2026-03-03,TS,-0.44937
2026-03-04,AU,0.01129
2026-03-04,SC,0.0169385
2026-03-04,ZN,0.027856
2026-03-04,CU,0.016566
2026-03-04,IH,0.0373975
2026-03-04,IF,0.035713
2026-03-04,TL,0.1854305
2026-03-04,P,0.0402775
2026-03-04,A,0.0807705
2026-03-04,CF,0.04776
2026-03-04,M,-0.0165165
2026-03-04,I,-0.0106255
2026-03-04,J,-0.0051085
2026-03-04,SA,-0.006038
2026-03-04,UR,-0.015911
2026-03-04,RB,-0.0143265
2026-03-04,RM,-0.0115895
2026-03-04,LH,-0.0173155
2026-03-04,V,-0.008848
2026-03-04,TF,-0.393721
2026-03-05,AU,0.0167175
2026-03-05,CU,0.0237465
2026-03-05,ZN,0.0391565
2026-03-05,SC,0.028018
2026-03-05,IH,0.055093
2026-03-05,IF,0.0510785
2026-03-05,P,0.065586
2026-03-05,IC,0.031835
2026-03-05,A,0.1183375
2026-03-05,CF,0.070431
2026-03-05,M,-0.0065105
2026-03-05,I,-0.0048115
2026-03-05,J,-0.0024435
2026-03-05,SA,-0.002769
2026-03-05,UR,-0.0075075
2026-03-05,RM,-0.004917
2026-03-05,RB,-0.006571
2026-03-05,LH,-0.007843
2026-03-05,V,-0.003552
2026-03-05,TS,-0.453075
2026-03-06,AU,0.018794
2026-03-06,CU,0.026418
2026-03-06,SC,0.023296
2026-03-06,NI,0.0198345
2026-03-06,IH,0.0625805
2026-03-06,IF,0.0575605
2026-03-06,P,0.055205
2026-03-06,IC,0.034491
2026-03-06,A,0.096943
2026-03-06,SR,0.1048775
2026-03-06,M,-0.005656
2026-03-06,I,-0.004518
2026-03-06,J,-0.002335
2026-03-06,UR,-0.0058235
2026-03-06,SA,-0.002552
2026-03-06,RB,-0.0062695
2026-03-06,RM,-0.0044615
2026-03-06,LH,-0.0070525
2026-03-06,V,-0.003065
2026-03-06,TS,-0.4582675
2026-03-09,AU,0.0197025
2026-03-09,SC,0.0228945
2026-03-09,NI,0.0207605
2026-03-09,CU,0.0283605
2026-03-09,IF,0.0622425
2026-03-09,IH,0.066971
2026-03-09,IC,0.0369
2026-03-09,P,0.05772
2026-03-09,CF,0.082858
2026-03-09,A,0.101591
2026-03-09,I,-0.0099745
2026-03-09,SA,-0.0055415
2026-03-09,M,-0.0125685
2026-03-09,J,-0.0049585
2026-03-09,UR,-0.0107765
2026-03-09,RB,-0.0146345
2026-03-09,RM,-0.009652
2026-03-09,LH,-0.016914
2026-03-09,MA,-0.004324
2026-03-09,TF,-0.410656
2026-03-10,AU,0.0194555
2026-03-10,NI,0.0202265
2026-03-10,SC,0.021699
2026-03-10,ZN,0.0433285
2026-03-10,IH,0.066551
2026-03-10,IF,0.0611175
2026-03-10,IC,0.036156
2026-03-10,P,0.0559475
2026-03-10,CF,0.078721
2026-03-10,A,0.096797
2026-03-10,I,-0.0100895
2026-03-10,SA,-0.0054855
2026-03-10,J,-0.004847
2026-03-10,M,-0.011199
2026-03-10,UR,-0.0106985
2026-03-10,LH,-0.0169975
2026-03-10,RB,-0.014789
2026-03-10,RM,-0.008882
2026-03-10,MA,-0.0041715
2026-03-10,TF,-0.4128415
2026-03-11,AU,0.019478
2026-03-11,NI,0.020237
2026-03-11,SC,0.0213255
2026-03-11,ZN,0.0434635
2026-03-11,IH,0.0667935
2026-03-11,IF,0.061523
2026-03-11,P,0.0554045
2026-03-11,IC,0.036311
2026-03-11,CF,0.0785545
2026-03-11,A,0.0969095
2026-03-11,I,-0.01029
2026-03-11,J,-0.0049485
2026-03-11,M,-0.011348
2026-03-11,SA,-0.0054605
2026-03-11,RB,-0.0154425
2026-03-11,UR,-0.0108595
2026-03-11,LH,-0.017345
2026-03-11,RM,-0.008926
2026-03-11,MA,-0.004153
2026-03-11,TF,-0.411227
2026-03-12,AU,0.0203685
2026-03-12,NI,0.0215025
2026-03-12,ZN,0.047082
2026-03-12,SC,0.0233265
2026-03-12,P,0.0598765
2026-03-12,IH,0.0713825
2026-03-12,IC,0.037483
2026-03-12,IF,0.0652325
2026-03-12,A,0.1031405
2026-03-12,RU,0.050606
2026-03-12,I,-0.0104595
2026-03-12,J,-0.0050755
2026-03-12,SA,-0.005551
2026-03-12,M,-0.010483
2026-03-12,UR,-0.0106835
2026-03-12,RB,-0.0157765
2026-03-12,RM,-0.007842
2026-03-12,MA,-0.0039375
2026-03-12,JD,-0.017426
2026-03-12,TF,-0.4127655
2026-03-13,AU,0.0206825
2026-03-13,NI,0.023544
2026-03-13,ZN,0.0492095
2026-03-13,P,0.0659595
2026-03-13,IH,0.0721545
2026-03-13,IF,0.066106
2026-03-13,SC,0.0263525
2026-03-13,CF,0.085882
2026-03-13,RU,0.050839
2026-03-13,IC,0.0392705
2026-03-13,I,-0.0118805
2026-03-13,J,-0.0055405
2026-03-13,M,-0.010941
2026-03-13,SA,-0.005923
2026-03-13,UR,-0.0116795
2026-03-13,JM,-0.0044685
2026-03-13,JD,-0.019545
2026-03-13,MA,-0.0042
2026-03-13,RM,-0.007862
2026-03-13,TF,-0.4179605
2026-03-16,AU,0.0205475
2026-03-16,NI,0.0236405
2026-03-16,ZN,0.0496495
2026-03-16,P,0.0662395
2026-03-16,SC,0.0261215
2026-03-16,IH,0.073892
2026-03-16,RU,0.0500255
2026-03-16,IF,0.0660005
2026-03-16,IC,0.0386635
2026-03-16,CF,0.08522
2026-03-16,I,-0.0119145
2026-03-16,J,-0.0054895
2026-03-16,SA,-0.00584
2026-03-16,JD,-0.0175955
2026-03-16,M,-0.0115165
2026-03-16,JM,-0.0043865
2026-03-16,UR,-0.011244
2026-03-16,LH,-0.015232
2026-03-16,MA,-0.004464
2026-03-16,TF,-0.4123175
2026-03-17,AU,0.020957
2026-03-17,ZN,0.0489415
2026-03-17,NI,0.024009
2026-03-17,IH,0.0760135
2026-03-17,P,0.0629495
2026-03-17,IF,0.0692725
2026-03-17,RU,0.048913
2026-03-17,IC,0.0402075
2026-03-17,CF,0.082824
2026-03-17,SC,0.025912
2026-03-17,I,-0.0118105
2026-03-17,J,-0.005444
2026-03-17,SA,-0.005668
2026-03-17,JD,-0.0174305
2026-03-17,JM,-0.0042865
2026-03-17,M,-0.0111165
2026-03-17,UR,-0.011005
2026-03-17,LH,-0.0147765
2026-03-17,TF,-0.4139985
2026-03-17,MA,-0.0044645
2026-03-18,AU,0.0167845
2026-03-18,NI,0.018645
2026-03-18,ZN,0.0392985
2026-03-18,RU,0.0386195
2026-03-18,IH,0.061889
2026-03-18,P,0.0461265
2026-03-18,CF,0.065967
2026-03-18,IF,0.058467
2026-03-18,SC,0.01999
2026-03-18,HC,0.1342125
2026-03-18,I,-0.0120905
2026-03-18,JM,-0.0044935
2026-03-18,J,-0.005706
2026-03-18,JD,-0.0173445
2026-03-18,SA,-0.005739
2026-03-18,UR,-0.0111285
2026-03-18,M,-0.011019
2026-03-18,LH,-0.014682
2026-03-18,MA,-0.0042905
2026-03-18,TF,-0.413507
2026-03-19,AU,0.0179395
2026-03-19,NI,0.020156
2026-03-19,AG,0.0097405
2026-03-19,IH,0.0650205
2026-03-19,P,0.0489375
2026-03-19,RU,0.0401605
2026-03-19,IF,0.0627615
2026-03-19,CF,0.071481
2026-03-19,HC,0.1425715
2026-03-19,SC,0.0212315
2026-03-19,I,-0.012569
2026-03-19,JM,-0.0046005
2026-03-19,J,-0.005712
2026-03-19,JD,-0.0181265
2026-03-19,SA,-0.0058005
2026-03-19,UR,-0.011054
2026-03-19,OI,-0.010235
2026-03-19,M,-0.011415
2026-03-19,TF,-0.416818
2026-03-19,MA,-0.00367
2026-03-20,AU,0.0151045
2026-03-20,ZN,0.037664
2026-03-20,NI,0.0176205
2026-03-20,RU,0.0360355
2026-03-20,P,0.057053
2026-03-20,IH,0.0532745
2026-03-20,IF,0.049131
2026-03-20,CF,0.0661005
2026-03-20,HC,0.139781
2026-03-20,IC,0.0282355
2026-03-20,I,-0.0119275
2026-03-20,JM,-0.0038895
2026-03-20,JD,-0.0165345
2026-03-20,J,-0.0051345
2026-03-20,SA,-0.005283
2026-03-20,UR,-0.0101575
2026-03-20,M,-0.0111205
2026-03-20,TF,-0.417084
2026-03-20,LH,-0.0149285
2026-03-20,MA,-0.00394
2026-03-23,AU,0.0015545
2026-03-23,NI,0.001947
2026-03-23,AG,0.0009185
2026-03-23,RU,0.0041365
2026-03-23,P,0.0047915
2026-03-23,IF,0.0057385
2026-03-23,IH,0.0059695
2026-03-23,HC,0.0144705
2026-03-23,TS,0.458672
2026-03-23,SC,0.001801
2026-03-23,I,-0.0137475
2026-03-23,J,-0.005481
2026-03-23,JM,-0.0041885
2026-03-23,JD,-0.0161525
2026-03-23,SA,-0.005819
2026-03-23,UR,-0.012225
2026-03-23,TF,-0.349422
2026-03-23,M,-0.0120025
2026-03-23,LH,-0.0156985
2026-03-23,TL,-0.0652635
2026-03-24,AU,0.018064
2026-03-24,NI,0.020916
2026-03-24,AG,0.0102005
2026-03-24,P,0.0581765
2026-03-24,IH,0.063531
2026-03-24,IF,0.059217
2026-03-24,RU,0.0428525
2026-03-24,HC,0.1455655
2026-03-24,IC,0.0343435
2026-03-24,V,0.0471335
2026-03-24,I,-0.0109965
2026-03-24,J,-0.004703
2026-03-24,JM,-0.0036615
2026-03-24,JD,-0.015743
2026-03-24,SA,-0.0051385
2026-03-24,UR,-0.0097225
2026-03-24,M,-0.0097425
2026-03-24,TF,-0.422799
2026-03-24,LH,-0.0146265
2026-03-24,FU,-0.002867
2026-03-25,AU,0.001497
2026-03-25,NI,0.0017705
2026-03-25,AL,0.0027035
2026-03-25,IH,0.005664
2026-03-25,P,0.0046
2026-03-25,RU,0.003861
2026-03-25,HC,0.0126955
2026-03-25,IF,0.005224
2026-03-25,TS,0.458424
2026-03-25,V,0.0035595
2026-03-25,I,-0.010955
2026-03-25,J,-0.0048785
2026-03-25,JD,-0.014732
2026-03-25,JM,-0.003797
2026-03-25,UR,-0.009915
2026-03-25,SA,-0.005352
2026-03-25,TF,-0.4221185
2026-03-25,M,-0.009899
2026-03-25,LH,-0.0153985
2026-03-25,FU,-0.002954
2026-03-26,AU,0.0190605
2026-03-26,NI,0.0218185
2026-03-26,RU,0.0449625
2026-03-26,AG,0.0108565
2026-03-26,P,0.06096
2026-03-26,IH,0.0692395
2026-03-26,HC,0.1514185
2026-03-26,IC,0.033988
2026-03-26,IM,0.0378555
2026-03-26,V,0.0498395
2026-03-26,I,-0.013176
2026-03-26,J,-0.0054445
2026-03-26,JM,-0.004271
2026-03-26,JD,-0.0166385
2026-03-26,UR,-0.0122425
2026-03-26,SA,-0.006348
2026-03-26,TF,-0.355823
2026-03-26,M,-0.011346
2026-03-26,RM,-0.008377
2026-03-26,TL,-0.0663335
2026-03-27,AU,0.019046
2026-03-27,AG,0.0108425
2026-03-27,IH,0.06939
2026-03-27,NI,0.0218625
2026-03-27,P,0.0610005
2026-03-27,RU,0.0451795
2026-03-27,HC,0.150205
2026-03-27,IC,0.034112
2026-03-27,IM,0.037947
2026-03-27,V,0.050415
2026-03-27,I,-0.009218
2026-03-27,J,-0.004145
2026-03-27,UR,-0.008231
2026-03-27,JM,-0.003213
2026-03-27,JD,-0.01299
2026-03-27,SA,-0.0048385
2026-03-27,Y,-0.0085305
2026-03-27,TF,-0.437136
2026-03-27,M,-0.0091935
2026-03-27,MA,-0.0025045
2026-03-30,AU,0.0012515
2026-03-30,IH,0.004787
2026-03-30,P,0.005042
2026-03-30,AG,0.0007465
2026-03-30,NI,0.0016225
2026-03-30,HC,0.011367
2026-03-30,RU,0.003411
2026-03-30,IM,0.0025055
2026-03-30,TS,0.4624155
2026-03-30,LH,0.006851
2026-03-30,I,-0.0091165
2026-03-30,UR,-0.0082465
2026-03-30,J,-0.004077
2026-03-30,SA,-0.004799
2026-03-30,JM,-0.003093
2026-03-30,JD,-0.0128995
2026-03-30,Y,-0.0085305
2026-03-30,M,-0.0090925
2026-03-30,MA,-0.0024765
2026-03-30,TF,-0.4376695
2026-03-31,AU,0.0012105
2026-03-31,IH,0.004907
2026-03-31,P,0.0045275
2026-03-31,AG,0.000765
2026-03-31,NI,0.0015095
2026-03-31,RU,0.0033035
2026-03-31,HC,0.0106085
2026-03-31,TS,0.464516
2026-03-31,IC,0.002438
2026-03-31,A,0.0062145
2026-03-31,I,-0.010278
2026-03-31,J,-0.0044265
2026-03-31,UR,-0.0086285
2026-03-31,JM,-0.0032755
2026-03-31,SA,-0.0051975
2026-03-31,JD,-0.013735
2026-03-31,Y,-0.009319
2026-03-31,M,-0.0095945
2026-03-31,TF,-0.4330145
2026-03-31,MA,-0.0025315
2026-04-01,AU,0.001243
2026-04-01,RU,0.0033955
2026-04-01,IH,0.004793
2026-04-01,P,0.005022
2026-04-01,AG,0.0007535
2026-04-01,NI,0.0015905
2026-04-01,HC,0.01138
2026-04-01,TS,0.46273
2026-04-01,IM,0.0024945
2026-04-01,LH,0.0065985
2026-04-01,I,-0.0101665
2026-04-01,UR,-0.009047
2026-04-01,J,-0.0045605
2026-04-01,SA,-0.0052865
2026-04-01,JM,-0.003396
2026-04-01,JD,-0.014131
2026-04-01,M,-0.0090635
2026-04-01,RM,-0.0069985
2026-04-01,MA,-0.0026365
2026-04-01,TF,-0.434714
2026-04-02,AU,0.0012615
2026-04-02,AG,0.0007635
2026-04-02,P,0.005025
2026-04-02,RU,0.003466
2026-04-02,IH,0.004771
2026-04-02,NI,0.001611
2026-04-02,HC,0.0113595
2026-04-02,TS,0.4628435
2026-04-02,IM,0.0025015
2026-04-02,LH,0.0063965
2026-04-02,I,-0.0101085
2026-04-02,UR,-0.009049
2026-04-02,J,-0.0045365
2026-04-02,SA,-0.005253
2026-04-02,JM,-0.0033775
2026-04-02,RM,-0.006908
2026-04-02,M,-0.0089895
2026-04-02,JD,-0.0141315
2026-04-02,MA,-0.002655
2026-04-02,TF,-0.4349915
2026-04-03,AU,0.0012665
2026-04-03,IH,0.0050375
2026-04-03,RU,0.003564
2026-04-03,AG,0.0007795
2026-04-03,P,0.0050705
2026-04-03,NI,0.0016635
2026-04-03,HC,0.0116565
2026-04-03,TS,0.4617935
2026-04-03,IM,0.0025565
2026-04-03,LH,0.0066115
2026-04-03,I,-0.0098315
2026-04-03,SA,-0.0051145
2026-04-03,JM,-0.003224
2026-04-03,UR,-0.0085595
2026-04-03,J,-0.0043495
2026-04-03,RM,-0.0072275
2026-04-03,JD,-0.012906
2026-04-03,Y,-0.009328
2026-04-03,TA,-0.0032715
2026-04-03,TF,-0.436188
2026-04-07,AU,0.0012685
2026-04-07,IH,0.004721
2026-04-07,AG,0.000777
2026-04-07,P,0.005229
2026-04-07,NI,0.0017375
2026-04-07,RU,0.0036055
2026-04-07,TS,0.4608065
2026-04-07,IM,0.0024465
2026-04-07,HC,0.0128725
2026-04-07,LH,0.0065355
2026-04-07,I,-0.010958
2026-04-07,SA,-0.006153
2026-04-07,JM,-0.003573
2026-04-07,RM,-0.0068765
2026-04-07,UR,-0.008708
2026-04-07,J,-0.0052125
2026-04-07,M,-0.008895
2026-04-07,JD,-0.0134745
2026-04-07,TA,-0.003154
2026-04-07,TF,-0.4329955
2026-04-08,AU,0.001238
2026-04-08,IH,0.0047435
2026-04-08,AG,0.0007615
2026-04-08,P,0.004498
2026-04-08,NI,0.001729
2026-04-08,RU,0.0033365
2026-04-08,TS,0.4584525
2026-04-08,IM,0.002552
2026-04-08,HC,0.012892
2026-04-08,SR,0.0097975
2026-04-08,I,-0.010908
2026-04-08,SA,-0.0062395
2026-04-08,JM,-0.0034955
2026-04-08,RM,-0.0070575
2026-04-08,M,-0.0090215
2026-04-08,UR,-0.0087915
2026-04-08,JD,-0.0135585
2026-04-08,J,-0.0051985
2026-04-08,TA,-0.003199
2026-04-08,TF,-0.432531
2026-04-09,AU,0.00124
2026-04-09,IH,0.0047555
2026-04-09,AG,0.0007405
2026-04-09,P,0.004707
2026-04-09,SN,0.001034
2026-04-09,RU,0.00349
2026-04-09,TS,0.461795
2026-04-09,IM,0.0025805
2026-04-09,HC,0.013209
2026-04-09,A,0.0064485
2026-04-09,I,-0.0111125
2026-04-09,SA,-0.0063785
2026-04-09,RM,-0.0071715
2026-04-09,JM,-0.0035085
2026-04-09,UR,-0.0088595
2026-04-09,M,-0.0091485
2026-04-09,JD,-0.0137885
2026-04-09,J,-0.0052325
2026-04-09,TA,-0.0031905
2026-04-09,TF,-0.4316095
2026-04-10,AU,0.0012485
2026-04-10,IH,0.004805
2026-04-10,AG,0.0007795
2026-04-10,P,0.0047585
2026-04-10,SN,0.001077
2026-04-10,TS,0.4612325
2026-04-10,RU,0.003508
2026-04-10,IC,0.0024415
2026-04-10,A,0.006434
2026-04-10,HC,0.0137155
2026-04-10,I,-0.010701
2026-04-10,SA,-0.0057675
2026-04-10,RM,-0.0067895
2026-04-10,UR,-0.0085015
2026-04-10,JM,-0.003501
2026-04-10,M,-0.0089605
2026-04-10,J,-0.005273
2026-04-10,CF,-0.0163945
2026-04-10,TA,-0.0030725
2026-04-10,TF,-0.4310395
2026-04-13,AU,0.001346
2026-04-13,IH,0.0050545
2026-04-13,AG,0.000812
2026-04-13,SN,0.001159
2026-04-13,P,0.00506
2026-04-13,RU,0.003881
2026-04-13,IC,0.0025665
2026-04-13,TS,0.4672485
2026-04-13,LH,0.0070705
2026-04-13,OI,0.005802
2026-04-13,SA,-0.0058765
2026-04-13,I,-0.0108745
2026-04-13,RM,-0.006866
2026-04-13,UR,-0.0084855
2026-04-13,M,-0.0092875
2026-04-13,JM,-0.0036185
2026-04-13,J,-0.005412
2026-04-13,CF,-0.016873
2026-04-13,MA,-0.0022675
2026-04-13,TF,-0.430438
2026-04-14,AU,0.001406
2026-04-14,IH,0.0051225
2026-04-14,SN,0.001258
2026-04-14,AG,0.0008615
2026-04-14,P,0.00528
2026-04-14,IC,0.002719
2026-04-14,TS,0.4664245
2026-04-14,LH,0.006893
2026-04-14,RU,0.004072
2026-04-14,OI,0.005964
2026-04-14,SA,-0.0059625
2026-04-14,I,-0.011
2026-04-14,RM,-0.0070645
2026-04-14,UR,-0.009139
2026-04-14,M,-0.009414
2026-04-14,CF,-0.0165185
2026-04-14,JM,-0.003659
2026-04-14,J,-0.0052945
2026-04-14,TA,-0.003117
2026-04-14,TF,-0.4288305
2026-04-15,AU,0.0151675
2026-04-15,IH,0.0495905
2026-04-15,AG,0.0090295
2026-04-15,SN,0.0133465
2026-04-15,P,0.0633955
2026-04-15,IC,0.026586
2026-04-15,IF,0.044724
2026-04-15,LH,0.0666035
2026-04-15,A,0.07649
2026-04-15,HC,0.135067
2026-04-15,SA,-0.0062775
2026-04-15,I,-0.0104155
2026-04-15,M,-0.0097235
2026-04-15,UR,-0.0087115
2026-04-15,RM,-0.007385
2026-04-15,J,-0.005381
2026-04-15,JM,-0.0037195
2026-04-15,CF,-0.01558
2026-04-15,TA,-0.003271
2026-04-15,TF,-0.429535
2026-04-16,AU,0.018449
2026-04-16,IH,0.0673255
2026-04-16,AG,0.0123645
2026-04-16,CU,0.033898
2026-04-16,P,0.0638975
2026-04-16,IF,0.061004
2026-04-16,IC,0.036767
2026-04-16,A,0.08989
2026-04-16,LH,0.092106
2026-04-16,SC,0.024299
2026-04-16,SA,-0.006275
2026-04-16,I,-0.0104075
2026-04-16,M,-0.009702
2026-04-16,RM,-0.0074415
2026-04-16,UR,-0.0087835
2026-04-16,J,-0.00543
2026-04-16,JM,-0.003717
2026-04-16,CF,-0.0157815
2026-04-16,TA,-0.003278
2026-04-16,TF,-0.429184
2026-04-17,AU,0.0186165
2026-04-17,IH,0.069529
2026-04-17,AG,0.012283
2026-04-17,AL,0.0338465
2026-04-17,P,0.0624065
2026-04-17,IF,0.0621555
2026-04-17,IC,0.036419
2026-04-17,A,0.089099
2026-04-17,LH,0.0929985
2026-04-17,SC,0.022647
2026-04-17,SA,-0.006164
2026-04-17,I,-0.010669
2026-04-17,M,-0.00953
2026-04-17,UR,-0.008881
2026-04-17,RM,-0.007467
2026-04-17,J,-0.0052605
2026-04-17,JM,-0.0036065
2026-04-17,CF,-0.0157025
2026-04-17,TA,-0.003257
2026-04-17,TF,-0.4294625
2026-04-20,AU,0.0198655
2026-04-20,AG,0.011974
2026-04-20,IH,0.0699925
2026-04-20,SN,0.019023
2026-04-20,P,0.065251
2026-04-20,IF,0.0635015
2026-04-20,A,0.0931955
2026-04-20,IC,0.0372125
2026-04-20,LH,0.094268
2026-04-20,SC,0.0257165
2026-04-20,SA,-0.0061715
2026-04-20,UR,-0.0084535
2026-04-20,M,-0.0094945
2026-04-20,I,-0.010715
2026-04-20,RM,-0.0073985
2026-04-20,J,-0.0052425
2026-04-20,JM,-0.003624
2026-04-20,TA,-0.003258
2026-04-20,CF,-0.0157595
2026-04-20,TF,-0.429883
2026-04-21,AU,0.0194435
2026-04-21,AG,0.0127875
2026-04-21,IH,0.0720545
2026-04-21,AL,0.035106
2026-04-21,P,0.0630265
2026-04-21,IF,0.063359
2026-04-21,A,0.08598
2026-04-21,IC,0.0371135
2026-04-21,LH,0.087593
2026-04-21,SC,0.023537
2026-04-21,SA,-0.0062935
2026-04-21,UR,-0.008677
2026-04-21,I,-0.011172
2026-04-21,M,-0.0095305
2026-04-21,RM,-0.007355
2026-04-21,JM,-0.0037405
2026-04-21,J,-0.0054745
2026-04-21,TA,-0.003409
2026-04-21,TF,-0.4288235
2026-04-21,CF,-0.015526
2026-04-22,AU,0.0193735
2026-04-22,IH,0.0717065
2026-04-22,AG,0.012751
2026-04-22,AL,0.0349235
2026-04-22,P,0.0631985
2026-04-22,IF,0.0630515
2026-04-22,LH,0.0891305
2026-04-22,A,0.0853585
2026-04-22,IC,0.0369595
2026-04-22,SC,0.023546
2026-04-22,SA,-0.007085
2026-04-22,I,-0.011709
2026-04-22,M,-0.009957
2026-04-22,UR,-0.009063
2026-04-22,RM,-0.00755
2026-04-22,JM,-0.003877
2026-04-22,TA,-0.003622
2026-04-22,J,-0.0055125
2026-04-22,TF,-0.426637
2026-04-22,JD,-0.014988
2026-04-23,AU,0.0195365
2026-04-23,AG,0.0129015
2026-04-23,IH,0.071917
2026-04-23,AL,0.0351135
2026-04-23,IF,0.0627515
2026-04-23,P,0.063319
2026-04-23,A,0.0836475
2026-04-23,LH,0.089474
2026-04-23,IC,0.0376655
2026-04-23,SC,0.0236735
2026-04-23,SA,-0.0070505
2026-04-23,I,-0.0117365
2026-04-23,UR,-0.0090135
2026-04-23,M,-0.009775
2026-04-23,RM,-0.0074175
2026-04-23,JM,-0.0038665
2026-04-23,J,-0.0055095
2026-04-23,TA,-0.0036015
2026-04-23,TF,-0.4274195
2026-04-23,JD,-0.0146095
2026-04-24,AU,0.0110105
2026-04-24,AG,0.007338
2026-04-24,IH,0.0419945
2026-04-24,AL,0.0197245
2026-04-24,IF,0.037018
2026-04-24,TL,0.238967
2026-04-24,P,0.036673
2026-04-24,A,0.045907
2026-04-24,LH,0.0489815
2026-04-24,SC,0.012385
2026-04-24,SA,-0.007322
2026-04-24,I,-0.0120675
2026-04-24,M,-0.0101545
2026-04-24,UR,-0.0091445
2026-04-24,RM,-0.0076525
2026-04-24,JM,-0.004009
2026-04-24,J,-0.005741
2026-04-24,MA,-0.0027565
2026-04-24,TF,-0.42539
2026-04-24,JD,-0.015763
2026-04-27,AU,0.0106605
2026-04-27,AL,0.0193305
2026-04-27,IH,0.044897
2026-04-27,AG,0.007361
2026-04-27,TL,0.2488775
2026-04-27,IF,0.039877
2026-04-27,P,0.0305865
2026-04-27,A,0.0442345
2026-04-27,SC,0.0107285
2026-04-27,Y,0.043447
2026-04-27,SA,-0.007309
2026-04-27,I,-0.011869
2026-04-27,UR,-0.008987
2026-04-27,M,-0.0101435
2026-04-27,JM,-0.0040895
2026-04-27,RM,-0.0076165
2026-04-27,MA,-0.0027745
2026-04-27,J,-0.0058665
2026-04-27,TF,-0.4253695
2026-04-27,JD,-0.015974
2026-04-28,AU,0.011301
2026-04-28,IH,0.041508
2026-04-28,AL,0.0214015
2026-04-28,AG,0.0074065
2026-04-28,IF,0.0365565
2026-04-28,TL,0.237961
2026-04-28,A,0.0455605
2026-04-28,P,0.036327
2026-04-28,LH,0.0493715
2026-04-28,SC,0.0126065
2026-04-28,SA,-0.007414
2026-04-28,I,-0.0117745
2026-04-28,M,-0.010289
2026-04-28,UR,-0.0091905
2026-04-28,J,-0.0059355
2026-04-28,JM,-0.004164
2026-04-28,RM,-0.007722
2026-04-28,MA,-0.002837
2026-04-28,TF,-0.4248
2026-04-28,JD,-0.015873
2026-04-29,AU,0.012447
2026-04-29,AL,0.0213055
2026-04-29,AG,0.008114
2026-04-29,IF,0.039273
2026-04-29,P,0.0382325
2026-04-29,LH,0.0503955
2026-04-29,TL,0.247762
2026-04-29,IC,0.0216765
2026-04-29,A,0.0476225
2026-04-29,SC,0.013171
2026-04-29,SA,-0.007567
2026-04-29,I,-0.012164
2026-04-29,M,-0.010286
2026-04-29,MA,-0.002802
2026-04-29,RM,-0.0077635
2026-04-29,JM,-0.0041945
2026-04-29,J,-0.006018
2026-04-29,UR,-0.009228
2026-04-29,TF,-0.424572
2026-04-29,JD,-0.0154055
2026-04-30,AU,0.019725
2026-04-30,AL,0.02856
2026-04-30,AG,0.008052
2026-04-30,IF,0.0446865
2026-04-30,IC,0.025302
2026-04-30,P,0.043676
2026-04-30,LH,0.0425305
2026-04-30,TL,0.2283655
2026-04-30,A,0.045388
2026-04-30,SC,0.0137145
2026-04-30,SA,-0.0074065
2026-04-30,I,-0.0112025
2026-04-30,M,-0.0098945
2026-04-30,MA,-0.002837
2026-04-30,UR,-0.009297
2026-04-30,J,-0.0059585
2026-04-30,RM,-0.007497
2026-04-30,RB,-0.021085
2026-04-30,TF,-0.409061
2026-04-30,JD,-0.015761
2026-05-06,AU,0.030405
2026-05-06,AG,0.013236
2026-05-06,AL,0.0451955
2026-05-06,IF,0.0647425
2026-05-06,IH,0.0796275
2026-05-06,IC,0.041067
2026-05-06,P,0.055066
2026-05-06,Y,0.0866035
2026-05-06,A,0.06492
2026-05-06,SC,0.019137
2026-05-06,SA,-0.0076455
2026-05-06,I,-0.011854
2026-05-06,MA,-0.0028855
2026-05-06,M,-0.009842
2026-05-06,UR,-0.009343
2026-05-06,J,-0.006101
2026-05-06,RB,-0.021543
2026-05-06,RM,-0.007582
2026-05-06,TF,-0.4060915
2026-05-06,JD,-0.017113
2026-05-07,AU,0.0303725
2026-05-07,AG,0.013572
2026-05-07,AL,0.044897
2026-05-07,IF,0.064865
2026-05-07,IC,0.0405515
2026-05-07,P,0.055054
2026-05-07,IH,0.0803395
2026-05-07,A,0.064827
2026-05-07,Y,0.086419
2026-05-07,SC,0.0191025
2026-05-07,SA,-0.007922
2026-05-07,I,-0.0127465
2026-05-07,M,-0.010515
2026-05-07,MA,-0.002868
2026-05-07,J,-0.0064185
2026-05-07,TA,-0.003885
2026-05-07,RM,-0.008174
2026-05-07,RB,-0.0234475
2026-05-07,TF,-0.405916
2026-05-07,JD,-0.0181075
2026-05-08,AU,0.0306905
2026-05-08,AG,0.0142665
2026-05-08,AL,0.044183
2026-05-08,IF,0.0655215
2026-05-08,IC,0.040457
2026-05-08,P,0.054148
2026-05-08,A,0.063821
2026-05-08,IH,0.082086
2026-05-08,SC,0.0188
2026-05-08,Y,0.0860265
2026-05-08,SA,-0.00824
2026-05-08,I,-0.012767
2026-05-08,M,-0.0104855
2026-05-08,J,-0.0063645
2026-05-08,MA,-0.0029475
2026-05-08,RB,-0.023108
2026-05-08,TA,-0.0039365
2026-05-08,RM,-0.0083275
2026-05-08,TF,-0.4089005
2026-05-08,JD,-0.014923
2026-05-11,AU,0.019669
2026-05-11,AG,0.0084395
2026-05-11,NI,0.0241385
2026-05-11,IF,0.038643
2026-05-11,IC,0.0225695
2026-05-11,A,0.038719
2026-05-11,P,0.0353805
2026-05-11,TL,0.211754
2026-05-11,SC,0.012153
2026-05-11,HC,0.088534
2026-05-11,SA,-0.00826
2026-05-11,I,-0.0124485
2026-05-11,M,-0.010413
2026-05-11,MA,-0.0029425
2026-05-11,J,-0.0062265
2026-05-11,TA,-0.003891
2026-05-11,RB,-0.0225045
2026-05-11,RM,-0.008159
2026-05-11,TF,-0.4100515
2026-05-11,JD,-0.015103
2026-05-12,AU,0.0187365
2026-05-12,AG,0.0080175
2026-05-12,NI,0.023963
2026-05-12,IF,0.032333
2026-05-12,A,0.0384505
2026-05-12,IC,0.0202285
2026-05-12,P,0.0358755
2026-05-12,TL,0.197827
2026-05-12,HC,0.076838
2026-05-12,OI,0.04773
2026-05-12,SA,-0.0077125
2026-05-12,I,-0.011573
2026-05-12,M,-0.0101525
2026-05-12,MA,-0.0031975
2026-05-12,J,-0.00615
2026-05-12,RB,-0.0203355
2026-05-12,UR,-0.0103185
2026-05-12,RM,-0.0076945
2026-05-12,LH,-0.0105415
2026-05-12,TF,-0.412324
2026-05-13,AU,0.019343
2026-05-13,AG,0.0083335
2026-05-13,NI,0.023516
2026-05-13,IF,0.031325
2026-05-13,TL,0.197003
2026-05-13,IC,0.0194915
2026-05-13,A,0.037403
2026-05-13,P,0.0356815
2026-05-13,OI,0.04941
2026-05-13,HC,0.078494
2026-05-13,SA,-0.0082615
2026-05-13,I,-0.0124485
2026-05-13,MA,-0.003207
2026-05-13,M,-0.01081
2026-05-13,RB,-0.022142
2026-05-13,J,-0.0065875
2026-05-13,TA,-0.0043065
2026-05-13,RM,-0.0082925
2026-05-13,TF,-0.412809
2026-05-13,LH,-0.0111355
2026-05-14,AU,0.0187885
2026-05-14,AG,0.0073955
2026-05-14,NI,0.024714
2026-05-14,IF,0.0300215
2026-05-14,A,0.038709
2026-05-14,TL,0.199443
2026-05-14,P,0.0464375
2026-05-14,IC,0.018781
2026-05-14,HC,0.0767085
2026-05-14,CF,0.039001
2026-05-14,SA,-0.0073285
2026-05-14,I,-0.011484
2026-05-14,MA,-0.003088
2026-05-14,M,-0.00937
2026-05-14,UR,-0.010062
2026-05-14,J,-0.0058255
2026-05-14,RB,-0.0188865
2026-05-14,RM,-0.007189
2026-05-14,TF,-0.4166205
2026-05-14,LH,-0.010145
2026-05-15,AU,0.0196185
2026-05-15,AG,0.0079285
2026-05-15,NI,0.025858
2026-05-15,IF,0.032973
2026-05-15,TL,0.1965745
2026-05-15,A,0.036919
2026-05-15,IC,0.0201885
2026-05-15,HC,0.0740775
2026-05-15,P,0.0387815
2026-05-15,OI,0.0470815
2026-05-15,SA,-0.0073925
2026-05-15,I,-0.0114345
2026-05-15,MA,-0.0028435
2026-05-15,UR,-0.00938
2026-05-15,J,-0.005643
2026-05-15,M,-0.009249
2026-05-15,RB,-0.0193875
2026-05-15,RM,-0.007311
2026-05-15,TF,-0.4136025
2026-05-15,JD,-0.0137565
2026-05-18,AU,0.019064
2026-05-18,AG,0.0080365
2026-05-18,CU,0.0381185
2026-05-18,IF,0.038483
2026-05-18,TL,0.193485
2026-05-18,IC,0.0227275
2026-05-18,P,0.035522
2026-05-18,HC,0.0885205
2026-05-18,SC,0.013393
2026-05-18,OI,0.04265
2026-05-18,SA,-0.008167
2026-05-18,I,-0.01286
2026-05-18,MA,-0.0032045
2026-05-18,M,-0.0100975
2026-05-18,J,-0.0063155
2026-05-18,RB,-0.0212275
2026-05-18,RM,-0.007809
2026-05-18,TA,-0.0042925
2026-05-18,TF,-0.4151345
2026-05-18,LH,-0.010892
2026-05-19,AU,0.017138
2026-05-19,AG,0.0076065
2026-05-19,CU,0.0355645
2026-05-19,IF,0.0381615
2026-05-19,IH,0.047149
2026-05-19,TL,0.187274
2026-05-19,P,0.032187
2026-05-19,SR,0.07634
2026-05-19,SC,0.0116085
2026-05-19,Y,0.0469705
2026-05-19,SA,-0.00751
2026-05-19,I,-0.0117745
2026-05-19,MA,-0.00317
2026-05-19,J,-0.0058845
2026-05-19,RB,-0.019209
2026-05-19,RM,-0.0071775
2026-05-19,UR,-0.010209
2026-05-19,M,-0.0093785
2026-05-19,TF,-0.415449
2026-05-19,LH,-0.0102385
2026-05-20,AU,0.018379
2026-05-20,AG,0.0078905
2026-05-20,CU,0.03602
2026-05-20,IF,0.035424
2026-05-20,P,0.031834
2026-05-20,IH,0.0427445
2026-05-20,TL,0.1881845
2026-05-20,Y,0.0475185
2026-05-20,HC,0.0794195
2026-05-20,SC,0.0125855
2026-05-20,SA,-0.008571
2026-05-20,I,-0.012621
2026-05-20,MA,-0.0030415
2026-05-20,J,-0.0062195
2026-05-20,RM,-0.00804
2026-05-20,RB,-0.0222245
2026-05-20,TA,-0.004053
2026-05-20,M,-0.0102005
2026-05-20,TF,-0.4103945
2026-05-20,JD,-0.014635
2026-05-21,AU,0.029102
2026-05-21,AG,0.012331
2026-05-21,CU,0.054225
2026-05-21,IH,0.0635355
2026-05-21,IF,0.0521
2026-05-21,P,0.050341
2026-05-21,IC,0.0312695
2026-05-21,Y,0.075233
2026-05-21,HC,0.11076
2026-05-21,SC,0.021103
2026-05-21,SA,-0.008498
2026-05-21,I,-0.012995
2026-05-21,J,-0.0064245
2026-05-21,TA,-0.0043925
2026-05-21,MA,-0.003328
2026-05-21,RB,-0.021502
2026-05-21,RM,-0.00797
2026-05-21,M,-0.0102975
2026-05-21,TF,-0.4127625
2026-05-21,LH,-0.0118295
2026-05-22,AU,0.029466
2026-05-22,CU,0.0547295
2026-05-22,AG,0.012492
2026-05-22,IF,0.0522225
2026-05-22,P,0.050777
2026-05-22,IH,0.06288
2026-05-22,IC,0.031606
2026-05-22,HC,0.107458
2026-05-22,Y,0.076893
2026-05-22,SC,0.0214755
2026-05-22,SA,-0.008556
2026-05-22,I,-0.0129085
2026-05-22,TA,-0.004079
2026-05-22,J,-0.0059435
2026-05-22,MA,-0.0030985
2026-05-22,RM,-0.008229
2026-05-22,M,-0.0104015
2026-05-22,JD,-0.0149935
2026-05-22,RB,-0.0219205
2026-05-22,TF,-0.40987
2026-05-25,AU,0.0344065
2026-05-25,AG,0.0152695
2026-05-25,CU,0.0560335
2026-05-25,IH,0.0663415
2026-05-25,IF,0.0558055
2026-05-25,HC,0.090463
2026-05-25,IC,0.0333865
2026-05-25,Y,0.0872325
2026-05-25,SC,0.024289
2026-05-25,V,0.036772
2026-05-25,SA,-0.008669
2026-05-25,I,-0.0143025
2026-05-25,TA,-0.004082
2026-05-25,MA,-0.003095
2026-05-25,RM,-0.008699
2026-05-25,J,-0.006184
2026-05-25,JD,-0.015597
2026-05-25,M,-0.0111455
2026-05-25,JM,-0.0044345
2026-05-25,TF,-0.4237915
2026-05-26,AU,0.0335065
2026-05-26,CU,0.05609
2026-05-26,AG,0.0152125
2026-05-26,HC,0.0936195
2026-05-26,IH,0.0641515
2026-05-26,IF,0.055146
2026-05-26,IC,0.03302
2026-05-26,Y,0.0896505
2026-05-26,SC,0.0234405
2026-05-26,V,0.0361625
2026-05-26,SA,-0.0090145
2026-05-26,I,-0.015101
2026-05-26,TA,-0.004221
2026-05-26,RM,-0.0091615
2026-05-26,MA,-0.003234
2026-05-26,JD,-0.015242
2026-05-26,J,-0.0063755
2026-05-26,M,-0.011784
2026-05-26,JM,-0.0045825
2026-05-26,TF,-0.421284
2026-05-27,AU,0.0301505
2026-05-27,CU,0.054929
2026-05-27,AG,0.0141685
2026-05-27,HC,0.095411
2026-05-27,IH,0.0630265
2026-05-27,IC,0.03107
2026-05-27,SC,0.0220885
2026-05-27,IF,0.0545445
2026-05-27,Y,0.0817015
2026-05-27,P,0.05291
2026-05-27,SA,-0.0076085
2026-05-27,I,-0.01376
2026-05-27,TA,-0.0037075
2026-05-27,RM,-0.0091305
2026-05-27,JD,-0.0138825
2026-05-27,MA,-0.003055
2026-05-27,CF,-0.019886
2026-05-27,J,-0.0056835
2026-05-27,JM,-0.004124
2026-05-27,TF,-0.419163
2026-05-28,AU,0.018398
2026-05-28,CU,0.03637
2026-05-28,AG,0.0090115
2026-05-28,TL,0.1930965
2026-05-28,HC,0.065545
2026-05-28,IF,0.0370485
2026-05-28,IH,0.0423815
2026-05-28,SC,0.013351
2026-05-28,Y,0.0507935
2026-05-28,P,0.034005
2026-05-28,SA,-0.0076135
2026-05-28,I,-0.013861
2026-05-28,MA,-0.003101
2026-05-28,RM,-0.0092385
2026-05-28,JD,-0.0136655
2026-05-28,TA,-0.00377
2026-05-28,J,-0.0057345
2026-05-28,CF,-0.020212
2026-05-28,JM,-0.004173
2026-05-28,TF,-0.4186305
2026-05-29,AU,0.02213
2026-05-29,AG,0.009775
2026-05-29,CU,0.0360225
2026-05-29,TL,0.2095395
2026-05-29,IF,0.0371615
2026-05-29,HC,0.0660895
2026-05-29,IC,0.0205075
2026-05-29,SC,0.0144315
2026-05-29,P,0.0343905
2026-05-29,Y,0.049953
2026-05-29,SA,-0.003561
2026-05-29,I,-0.0065985
2026-05-29,MA,-0.0013335
2026-05-29,RM,-0.003598
2026-05-29,TA,-0.001734
2026-05-29,JD,-0.0052955
2026-05-29,J,-0.0024575
2026-05-29,M,-0.004709
2026-05-29,JM,-0.0017485
2026-05-29,TS,-0.4689645
2026-06-01,AU,0.0195425
2026-06-01,AG,0.0094445
2026-06-01,CU,0.0331015
2026-06-01,TL,0.20005
2026-06-01,SC,0.016279
2026-06-01,HC,0.0678285
2026-06-01,IH,0.0415375
2026-06-01,IM,0.0205125
2026-06-01,Y,0.061712
2026-06-01,LH,0.0299915
2026-06-01,SA,-0.003277
2026-06-01,I,-0.006202
2026-06-01,RM,-0.003732
2026-06-01,JD,-0.004715
2026-06-01,MA,-0.001335
2026-06-01,CF,-0.0078085
2026-06-01,TA,-0.001585
2026-06-01,J,-0.002252
2026-06-01,JM,-0.0016005
2026-06-01,TS,-0.4674935
2026-06-02,AU,0.0187945
2026-06-02,AG,0.009244
2026-06-02,CU,0.031697
2026-06-02,TL,0.195418
2026-06-02,SC,0.0167955
2026-06-02,IH,0.0387785
2026-06-02,HC,0.0653895
2026-06-02,IF,0.033262
2026-06-02,LH,0.0299095
2026-06-02,Y,0.0607115
2026-06-02,SA,-0.0032645
2026-06-02,I,-0.006127
2026-06-02,MA,-0.001336
2026-06-02,RM,-0.003745
2026-06-02,CF,-0.007794
2026-06-02,JD,-0.004692
2026-06-02,TA,-0.0015925
2026-06-02,J,-0.0022585
2026-06-02,JM,-0.001605
2026-06-02,TS,-0.467586
2026-06-03,AU,0.0201395
2026-06-03,AG,0.009511
2026-06-03,CU,0.0335275
2026-06-03,TL,0.214903
2026-06-03,SC,0.0193105
2026-06-03,IH,0.0404835
2026-06-03,HC,0.068454
2026-06-03,IC,0.0204595
2026-06-03,LH,0.031649
2026-06-03,UR,0.0415625
2026-06-03,SA,-0.003244
2026-06-03,I,-0.005935
2026-06-03,MA,-0.001315
2026-06-03,RM,-0.003706
2026-06-03,JD,-0.0046155
2026-06-03,CF,-0.0075375
2026-06-03,TA,-0.0015765
2026-06-03,J,-0.0022945
2026-06-03,JM,-0.0016425
2026-06-03,TS,-0.468134
2026-06-04,AU,0.0201715
2026-06-04,AG,0.009364
2026-06-04,CU,0.0328165
2026-06-04,TL,0.203053
2026-06-04,HC,0.063877
2026-06-04,IH,0.0388865
2026-06-04,IF,0.032148
2026-06-04,SC,0.015479
2026-06-04,UR,0.033981
2026-06-04,Y,0.050223
2026-06-04,SA,-0.003341
2026-06-04,I,-0.0063755
2026-06-04,RM,-0.003947
2026-06-04,MA,-0.0013885
2026-06-04,JD,-0.004661
2026-06-04,CF,-0.007444
2026-06-04,J,-0.0023725
2026-06-04,TA,-0.0017045
2026-06-04,JM,-0.0017275
2026-06-04,TS,-0.467039
2026-06-05,AU,0.020676
2026-06-05,AG,0.009913
2026-06-05,CU,0.0334685
2026-06-05,TL,0.192477
2026-06-05,HC,0.0734855
2026-06-05,IH,0.0383395
2026-06-05,IF,0.031586
2026-06-05,SC,0.021975
2026-06-05,UR,0.045967
2026-06-05,LH,0.032113
2026-06-05,SA,-0.0037725
2026-06-05,I,-0.00706
2026-06-05,RM,-0.0044885
2026-06-05,MA,-0.0016475
2026-06-05,JD,-0.004926
2026-06-05,CF,-0.0077425
2026-06-05,TA,-0.0019125
2026-06-05,JM,-0.0018735
2026-06-05,J,-0.0025745
2026-06-05,TS,-0.4640025
2026-06-08,AU,0.0235875
2026-06-08,AG,0.0102955
2026-06-08,CU,0.0350675
2026-06-08,TL,0.182141
2026-06-08,SC,0.020688
2026-06-08,IF,0.033086
2026-06-08,HC,0.0716175
2026-06-08,IC,0.0212305
2026-06-08,Y,0.0606215
2026-06-08,UR,0.0416655
2026-06-08,SA,-0.004143
2026-06-08,I,-0.0071835
2026-06-08,RM,-0.004673
2026-06-08,JD,-0.005235
2026-06-08,MA,-0.001857
2026-06-08,CF,-0.007648
2026-06-08,TA,-0.0019005
2026-06-08,JM,-0.001905
2026-06-08,J,-0.002675
2026-06-08,TS,-0.4627805
2026-06-09,AU,0.0110055
2026-06-09,AG,0.0049625
2026-06-09,NI,0.0106265
2026-06-09,TL,0.064467
2026-06-09,IF,0.017227
2026-06-09,SC,0.006898
2026-06-09,TF,0.312191
2026-06-09,HC,0.031318
2026-06-09,Y,0.024379
2026-06-09,UR,0.016926
2026-06-09,SA,-0.005084
2026-06-09,I,-0.008052
2026-06-09,RM,-0.005181
2026-06-09,JD,-0.0060635
2026-06-09,MA,-0.0020995
2026-06-09,M,-0.007555
2026-06-09,TA,-0.002417
2026-06-09,JM,-0.0021865
2026-06-09,J,-0.003156
2026-06-09,TS,-0.458205
2026-06-10,AU,0.009927
2026-06-10,AG,0.0045835
2026-06-10,CU,0.0157695
2026-06-10,TL,0.063654
2026-06-10,SC,0.0080545
2026-06-10,IF,0.016166
2026-06-10,TF,0.306735
2026-06-10,HC,0.0318015
2026-06-10,Y,0.025429
2026-06-10,UR,0.01788
2026-06-10,SA,-0.005007
2026-06-10,I,-0.0080685
2026-06-10,JD,-0.0058985
2026-06-10,RM,-0.00515
2026-06-10,MA,-0.0020765
2026-06-10,M,-0.007326
2026-06-10,TA,-0.002484
2026-06-10,JM,-0.002145
2026-06-10,TS,-0.458742
2026-06-10,J,-0.0031025
2026-06-11,AU,0.022524
2026-06-11,AG,0.010709
2026-06-11,TL,0.1880805
2026-06-11,CU,0.035749
2026-06-11,SC,0.0277415
2026-06-11,IC,0.0212435
2026-06-11,IF,0.033124
2026-06-11,HC,0.079551
2026-06-11,UR,0.04916
2026-06-11,LH,0.032118
2026-06-11,SA,-0.0053165
2026-06-11,I,-0.0088375
2026-06-11,RM,-0.0059295
2026-06-11,JD,-0.0058225
2026-06-11,M,-0.008238
2026-06-11,MA,-0.0021705
2026-06-11,TA,-0.002473
2026-06-11,JM,-0.002207
2026-06-11,J,-0.003078
2026-06-11,TS,-0.4559285
2026-06-12,AU,0.020444
2026-06-12,AG,0.009979
2026-06-12,CU,0.033951
2026-06-12,TL,0.188345
2026-06-12,SC,0.026629
2026-06-12,IH,0.037515
2026-06-12,IF,0.0305595
2026-06-12,UR,0.0472545
2026-06-12,HC,0.0733335
2026-06-12,LH,0.031989
2026-06-12,SA,-0.0052425
2026-06-12,I,-0.0083755
2026-06-12,RM,-0.0063865
2026-06-12,JD,-0.0054555
2026-06-12,M,-0.008187
2026-06-12,MA,-0.0019615
2026-06-12,TA,-0.0022455
2026-06-12,JM,-0.002049
2026-06-12,TS,-0.4572275
2026-06-12,J,-0.0028695
2026-06-15,AU,0.022015
2026-06-15,AG,0.010534
2026-06-15,SN,0.0150335
2026-06-15,SC,0.02765
2026-06-15,TL,0.1968245
2026-06-15,IH,0.0389125
2026-06-15,IF,0.03215
2026-06-15,UR,0.04917
2026-06-15,LH,0.033164
2026-06-15,HC,0.074546
2026-06-15,SA,-0.004264
2026-06-15,I,-0.0067415
2026-06-15,RM,-0.0055825
2026-06-15,MA,-0.001785
2026-06-15,M,-0.006965
2026-06-15,CF,-0.0069555
2026-06-15,TA,-0.0020805
2026-06-15,JM,-0.001881
2026-06-15,TS,-0.454482
2026-06-15,RB,-0.009262
2026-06-16,AU,0.026297
2026-06-16,AG,0.0133345
2026-06-16,SN,0.017695
2026-06-16,TL,0.1977375
2026-06-16,SC,0.0266055
2026-06-16,IH,0.0493655
2026-06-16,IM,0.026363
2026-06-16,UR,0.049078
2026-06-16,P,0.0536405
2026-06-16,LH,0.039884
2026-06-16,SA,-0.005207
2026-06-16,I,-0.006931
2026-06-16,RM,-0.0062515
2026-06-16,MA,-0.0023755
2026-06-16,M,-0.0083155
2026-06-16,JD,-0.0057875
2026-06-16,RU,-0.005973
2026-06-16,JM,-0.002218
2026-06-16,TS,-0.446431
2026-06-16,RB,-0.01051
2026-06-17,AU,0.0270075
2026-06-17,AG,0.014106
2026-06-17,SN,0.0189035
2026-06-17,SC,0.0276525
2026-06-17,TL,0.1859935
2026-06-17,IH,0.049242
2026-06-17,IM,0.0263985
2026-06-17,LH,0.0392485
2026-06-17,P,0.05691
2026-06-17,A,0.0545375
2026-06-17,SA,-0.0048485
2026-06-17,I,-0.0066555
2026-06-17,RM,-0.0060165
2026-06-17,MA,-0.002337
2026-06-17,M,-0.0078215
2026-06-17,JD,-0.0050025
2026-06-17,RU,-0.005496
2026-06-17,JM,-0.002016
2026-06-17,RB,-0.009728
2026-06-17,TS,-0.450079
2026-06-18,AU,0.029262
2026-06-18,AG,0.0118215
2026-06-18,SN,0.0157485
2026-06-18,SC,0.0307735
2026-06-18,TL,0.1947675
2026-06-18,IH,0.045427
2026-06-18,IM,0.024457
2026-06-18,LH,0.036012
2026-06-18,HC,0.0670925
2026-06-18,UR,0.0446385
2026-06-18,SA,-0.0059155
2026-06-18,I,-0.006684
2026-06-18,RM,-0.0059465
2026-06-18,MA,-0.002654
2026-06-18,M,-0.0077255
2026-06-18,JD,-0.0048865
2026-06-18,RU,-0.0057455
2026-06-18,JM,-0.002385
2026-06-18,RB,-0.0103605
2026-06-18,TS,-0.447697
2026-06-22,AU,0.030357
2026-06-22,AG,0.0120285
2026-06-22,SC,0.0296755
2026-06-22,TL,0.194481
2026-06-22,IM,0.0251795
2026-06-22,SN,0.015257
2026-06-22,IH,0.0393655
2026-06-22,UR,0.047034
2026-06-22,HC,0.0681375
2026-06-22,LH,0.038484
2026-06-22,SA,-0.0477865
2026-06-22,I,-0.048029
2026-06-22,RM,-0.0545555
2026-06-22,MA,-0.023569
2026-06-22,M,-0.068007
2026-06-22,RU,-0.0472605
2026-06-22,JD,-0.0443405
2026-06-22,JM,-0.019792
2026-06-22,RB,-0.0785795
2026-06-22,AL,-0.0680805
2026-06-23,AU,0.0318935
2026-06-23,AG,0.01238
2026-06-23,SC,0.0298775
2026-06-23,TL,0.1929945
2026-06-23,IM,0.0253015
2026-06-23,SN,0.015227
2026-06-23,IH,0.0395425
2026-06-23,UR,0.047225
2026-06-23,LH,0.0382285
2026-06-23,HC,0.06733
2026-06-23,SA,-0.0463625
2026-06-23,I,-0.050287
2026-06-23,RM,-0.054935
2026-06-23,MA,-0.018135
2026-06-23,M,-0.0649975
2026-06-23,TA,-0.023206
2026-06-23,SR,-0.085289
2026-06-23,JM,-0.0190215
2026-06-23,RB,-0.07631
2026-06-23,AL,-0.061457
2026-06-24,AU,0.03275
2026-06-24,AG,0.0119685
2026-06-24,SC,0.024136
2026-06-24,SN,0.014562
2026-06-24,TL,0.1915635
2026-06-24,IM,0.0277135
2026-06-24,IH,0.0435605
2026-06-24,P,0.0414845
2026-06-24,HC,0.070622
2026-06-24,OI,0.0416395
2026-06-24,SA,-0.052282
2026-06-24,I,-0.0652505
2026-06-24,RM,-0.0671175
2026-06-24,MA,-0.0222695
2026-06-24,CF,-0.0593875
2026-06-24,TA,-0.0254435
2026-06-24,SR,-0.0984495
2026-06-24,JM,-0.021208
2026-06-24,AL,-0.0624495
2026-06-24,J,-0.026143
2026-06-25,AU,0.033312
2026-06-25,AG,0.0122065
2026-06-25,SC,0.0256595
2026-06-25,SN,0.0157155
2026-06-25,TL,0.1738825
2026-06-25,IH,0.043232
2026-06-25,IM,0.027953
2026-06-25,A,0.053081
2026-06-25,P,0.0451715
2026-06-25,HC,0.0697865
2026-06-25,SA,-0.0055275
2026-06-25,I,-0.006285
2026-06-25,RM,-0.005415
2026-06-25,MA,-0.0022735
2026-06-25,CF,-0.006758
2026-06-25,M,-0.0079265
2026-06-25,TA,-0.0025795
2026-06-25,JM,-0.00223
2026-06-25,RB,-0.009766
2026-06-25,TS,-0.451239
2026-06-26,AU,0.038714
2026-06-26,AG,0.014063
2026-06-26,SC,0.0275685
2026-06-26,TL,0.18259
2026-06-26,SN,0.0173705
2026-06-26,IH,0.043329
2026-06-26,IM,0.030585
2026-06-26,A,0.058579
2026-06-26,P,0.05047
2026-06-26,LH,0.036731
2026-06-26,SA,-0.048063
2026-06-26,I,-0.0537785
2026-06-26,TA,-0.024069
2026-06-26,RM,-0.054567
2026-06-26,MA,-0.02113
2026-06-26,CF,-0.053665
2026-06-26,M,-0.0764885
2026-06-26,JM,-0.020049
2026-06-26,RB,-0.084933
2026-06-26,AL,-0.0632565
2026-06-29,AU,0.043743
2026-06-29,AG,0.0153865
2026-06-29,SC,0.0238195
2026-06-29,TL,0.213764
2026-06-29,SN,0.0191465
2026-06-29,IM,0.0388795
2026-06-29,IF,0.0427295
2026-06-29,J,0.0278775
2026-06-29,FU,0.0228565
2026-06-29,P,0.051797
2026-06-29,SA,-0.049533
2026-06-29,I,-0.055292
2026-06-29,TA,-0.0243515
2026-06-29,RM,-0.0526375
2026-06-29,MA,-0.02155
2026-06-29,M,-0.076945
2026-06-29,JM,-0.021245
2026-06-29,CF,-0.055088
2026-06-29,RB,-0.0859625
2026-06-29,AL,-0.0573965
2026-06-30,AU,0.040099
2026-06-30,AG,0.0146105
2026-06-30,SC,0.031631
2026-06-30,TL,0.1813455
2026-06-30,SN,0.0185455
2026-06-30,IH,0.043097
2026-06-30,IF,0.036516
2026-06-30,J,0.023841
2026-06-30,P,0.0514925
2026-06-30,A,0.058822
2026-06-30,SA,-0.049793
2026-06-30,TA,-0.0260755
2026-06-30,I,-0.055893
2026-06-30,RM,-0.058026
2026-06-30,MA,-0.023896
2026-06-30,M,-0.0864855
2026-06-30,CF,-0.0592575
2026-06-30,JM,-0.022981
2026-06-30,HC,-0.079048
2026-06-30,NI,-0.038545
2026-07-01,AU,0.0407335
2026-07-01,AG,0.0148125
2026-07-01,SC,0.0333885
2026-07-01,SN,0.018623
2026-07-01,TL,0.1810125
2026-07-01,IH,0.042171
2026-07-01,IF,0.035821
2026-07-01,J,0.023913
2026-07-01,P,0.0508765
2026-07-01,A,0.0586485
2026-07-01,SA,-0.0198375
2026-07-01,TA,-0.0107935
2026-07-01,I,-0.020839
2026-07-01,RM,-0.020393
2026-07-01,M,-0.0306045
2026-07-01,MA,-0.009476
2026-07-01,CF,-0.0221845
2026-07-01,JM,-0.0082265
2026-07-01,HC,-0.0300505
2026-07-01,T,-0.3275955
2026-07-02,AU,0.038978
2026-07-02,AG,0.014457
2026-07-02,SN,0.018422
2026-07-02,SC,0.032269
2026-07-02,TL,0.1845205
2026-07-02,IH,0.04181
2026-07-02,IF,0.035517
2026-07-02,P,0.051475
2026-07-02,J,0.023441
2026-07-02,A,0.05911
2026-07-02,SA,-0.0200765
2026-07-02,TA,-0.010734
2026-07-02,I,-0.0209505
2026-07-02,RM,-0.020807
2026-07-02,M,-0.031015
2026-07-02,MA,-0.009416
2026-07-02,CF,-0.022107
2026-07-02,JM,-0.0082795
2026-07-02,HC,-0.0301865
2026-07-02,T,-0.326428
2026-07-03,AU,0.0371
2026-07-03,AG,0.013677
2026-07-03,SN,0.016796
2026-07-03,IH,0.0413485
2026-07-03,SC,0.030565
2026-07-03,IF,0.0364335
2026-07-03,TL,0.19016
2026-07-03,P,0.044699
2026-07-03,J,0.0233875
2026-07-03,Y,0.065833
2026-07-03,SA,-0.02086
2026-07-03,I,-0.021386
2026-07-03,RM,-0.020482
2026-07-03,MA,-0.0098125
2026-07-03,TA,-0.010912
2026-07-03,M,-0.029081
2026-07-03,CF,-0.0232405
2026-07-03,JM,-0.0086005
2026-07-03,HC,-0.0309325
2026-07-03,T,-0.3246935
2026-07-06,AU,0.0555545
2026-07-06,SN,0.0233145
2026-07-06,AG,0.019508
2026-07-06,IH,0.056371
2026-07-06,SC,0.046959
2026-07-06,IF,0.048841
2026-07-06,IC,0.0396715
2026-07-06,P,0.070953
2026-07-06,Y,0.10353
2026-07-06,J,0.035297
2026-07-06,SA,-0.020303
2026-07-06,I,-0.0209
2026-07-06,RM,-0.020437
2026-07-06,MA,-0.0098965
2026-07-06,M,-0.028737
2026-07-06,TA,-0.0106995
2026-07-06,CF,-0.0231545
2026-07-06,JM,-0.0083705
2026-07-06,T,-0.324599
2026-07-06,RB,-0.0329025
2026-07-07,AU,0.053721
2026-07-07,SN,0.021572
2026-07-07,AG,0.0184255
2026-07-07,IH,0.0526985
2026-07-07,IF,0.043563
2026-07-07,SC,0.0405885
2026-07-07,IC,0.035143
2026-07-07,P,0.06356
2026-07-07,A,0.079295
2026-07-07,Y,0.0914335
2026-07-07,SA,-0.0198845
2026-07-07,I,-0.021331
2026-07-07,RM,-0.021185
2026-07-07,MA,-0.0121795
2026-07-07,M,-0.029274
2026-07-07,CF,-0.024575
2026-07-07,TA,-0.0118725
2026-07-07,JM,-0.008186
2026-07-07,T,-0.319053
2026-07-07,RB,-0.03246
2026-07-08,AU,0.053065
2026-07-08,SN,0.0214495
2026-07-08,AG,0.018397
2026-07-08,SC,0.040795
2026-07-08,IM,0.038913
2026-07-08,IH,0.0523165
2026-07-08,IC,0.0321435
2026-07-08,A,0.0905035
2026-07-08,Y,0.0899655
2026-07-08,P,0.0624515
2026-07-08,SA,-0.01394
2026-07-08,I,-0.0151835
2026-07-08,RM,-0.0128915
2026-07-08,MA,-0.007391
2026-07-08,M,-0.0180945
2026-07-08,CF,-0.015441
2026-07-08,TA,-0.007248
2026-07-08,JM,-0.0055625
2026-07-08,TF,-0.24712
2026-07-08,T,-0.157128
2026-07-09,AU,0.05356
2026-07-09,SN,0.020499
2026-07-09,CU,0.052757
2026-07-09,IH,0.046533
2026-07-09,IM,0.036409
2026-07-09,IC,0.0294465
2026-07-09,SC,0.036148
2026-07-09,A,0.0847565
2026-07-09,P,0.0561115
2026-07-09,Y,0.0837795
2026-07-09,SA,-0.013848
2026-07-09,I,-0.01508
2026-07-09,RM,-0.0128315
2026-07-09,MA,-0.007414
2026-07-09,M,-0.018004
2026-07-09,CF,-0.015317
2026-07-09,TA,-0.0072925
2026-07-09,JM,-0.005556
2026-07-09,TF,-0.2480175
2026-07-09,T,-0.156639
2026-07-10,AU,0.053731
2026-07-10,SN,0.0219295
2026-07-10,AG,0.0188955
2026-07-10,IM,0.036434
2026-07-10,IH,0.051654
2026-07-10,IC,0.030652
2026-07-10,SC,0.0426295
2026-07-10,A,0.092588
2026-07-10,P,0.060844
2026-07-10,Y,0.090642
2026-07-10,SA,-0.0156455
2026-07-10,I,-0.0180745
2026-07-10,RM,-0.016267
2026-07-10,MA,-0.009469
2026-07-10,M,-0.023049
2026-07-10,CF,-0.017868
2026-07-10,TA,-0.0088765
2026-07-10,JM,-0.006081
2026-07-10,TF,-0.3774905
2026-07-10,J,-0.0071785
2026-07-13,AU,0.064899
2026-07-13,SN,0.0253275
2026-07-13,AG,0.0225235
2026-07-13,IC,0.036513
2026-07-13,IM,0.043479
2026-07-13,IH,0.0589845
2026-07-13,SC,0.0324645
2026-07-13,A,0.111898
2026-07-13,P,0.0712925
2026-07-13,FU,0.032619
2026-07-13,SA,-0.014781
2026-07-13,I,-0.0140815
2026-07-13,RM,-0.0148055
2026-07-13,M,-0.0211565
2026-07-13,SR,-0.031938
2026-07-13,MA,-0.0082105
2026-07-13,TA,-0.008114
2026-07-13,JM,-0.0060145
2026-07-13,TF,-0.359861
2026-07-13,RB,-0.0210375
2026-07-14,AU,0.0662795
2026-07-14,SN,0.0257135
2026-07-14,AG,0.022964
2026-07-14,IF,0.050352
2026-07-14,IC,0.036665
2026-07-14,IM,0.0428865
2026-07-14,SC,0.033497
2026-07-14,A,0.114543
2026-07-14,P,0.0731115
2026-07-14,FU,0.0339875
2026-07-14,SA,-0.0156405
2026-07-14,I,-0.0159675
2026-07-14,RM,-0.01511
2026-07-14,M,-0.0217395
2026-07-14,SR,-0.0328255
2026-07-14,TA,-0.008507
2026-07-14,JM,-0.0058515
2026-07-14,MA,-0.0085165
2026-07-14,TF,-0.368777
2026-07-14,J,-0.0070655
2026-07-15,AU,0.0652915
2026-07-15,SN,0.024991
2026-07-15,AG,0.02272
2026-07-15,IF,0.047278
2026-07-15,IH,0.0538045
2026-07-15,IC,0.037787
2026-07-15,SC,0.032502
2026-07-15,A,0.1136435
2026-07-15,P,0.070817
2026-07-15,FU,0.0311655
2026-07-15,SA,-0.014447
2026-07-15,RM,-0.0142075
2026-07-15,I,-0.015293
2026-07-15,M,-0.0210475
2026-07-15,SR,-0.032945
2026-07-15,JM,-0.0060315
2026-07-15,TA,-0.0082855
2026-07-15,MA,-0.0082215
2026-07-15,RB,-0.0215855
2026-07-15,TF,-0.3579375
2026-07-16,AU,0.0672105
2026-07-16,SN,0.025436
2026-07-16,AG,0.0230725
2026-07-16,IF,0.0447505
2026-07-16,IC,0.0342915
2026-07-16,IH,0.0526555
2026-07-16,SC,0.033157
2026-07-16,A,0.1150735
2026-07-16,P,0.072614
2026-07-16,FU,0.0317385
2026-07-16,SA,-0.0139325
2026-07-16,M,-0.021773
2026-07-16,RM,-0.014273
2026-07-16,I,-0.0156535
2026-07-16,SR,-0.032979
2026-07-16,JM,-0.0062085
2026-07-16,TA,-0.0083495
2026-07-16,MA,-0.008282
2026-07-16,TF,-0.356871
2026-07-16,RB,-0.0216775
2026-07-17,AU,0.038724
2026-07-17,SN,0.01695
2026-07-17,AG,0.0144515
2026-07-17,IF,0.0304245
2026-07-17,IH,0.03315
2026-07-17,TL,0.191857
2026-07-17,SC,0.024994
2026-07-17,A,0.064169
2026-07-17,P,0.0454655
2026-07-17,LH,0.039815
2026-07-17,SA,-0.0137575
2026-07-17,RM,-0.013414
2026-07-17,M,-0.0193365
2026-07-17,I,-0.015932
2026-07-17,SR,-0.030881
2026-07-17,JM,-0.0061585
2026-07-17,TA,-0.0078655
2026-07-17,MA,-0.0072095
2026-07-17,TF,-0.3629335
2026-07-17,RB,-0.0225115
2026-07-20,AU,0.0598855
2026-07-20,AG,0.0208775
2026-07-20,ZN,0.0666055
2026-07-20,IF,0.03983
2026-07-20,IH,0.0444055
2026-07-20,SC,0.0277975
2026-07-20,IC,0.032191
2026-07-20,A,0.107974
2026-07-20,P,0.0718315
2026-07-20,FU,0.0286025
2026-07-20,SA,-0.013154
2026-07-20,I,-0.0182545
2026-07-20,SR,-0.0297685
2026-07-20,RM,-0.013331
2026-07-20,M,-0.019601
2026-07-20,JM,-0.0057395
2026-07-20,TA,-0.008943
2026-07-20,J,-0.006844
2026-07-20,UR,-0.013044
2026-07-20,TF,-0.371321
2026-07-21,AU,0.0637225
2026-07-21,AG,0.021752
2026-07-21,SN,0.025311
2026-07-21,IH,0.046047
2026-07-21,SC,0.0282185
2026-07-21,IF,0.0427995
2026-07-21,A,0.130888
2026-07-21,IC,0.0352025
2026-07-21,P,0.076783
2026-07-21,FU,0.029276
2026-07-21,SA,-0.0136495
2026-07-21,I,-0.018391
2026-07-21,RM,-0.0141
2026-07-21,SR,-0.0301555
2026-07-21,M,-0.020786
2026-07-21,JM,-0.005703
2026-07-21,J,-0.006695
2026-07-21,TA,-0.0088245
2026-07-21,UR,-0.013073
2026-07-21,TF,-0.368623
2026-07-22,AU,0.040811
2026-07-22,AG,0.014688
2026-07-22,SN,0.0182035
2026-07-22,SC,0.0176955
2026-07-22,IH,0.033504
2026-07-22,IF,0.0324315
2026-07-22,A,0.078558
2026-07-22,P,0.044655
2026-07-22,TL,0.201117
2026-07-22,FU,0.018336
2026-07-22,SA,-0.0131015
2026-07-22,I,-0.0183685
2026-07-22,RM,-0.016062
2026-07-22,SR,-0.0274605
2026-07-22,CF,-0.0147345
2026-07-22,J,-0.0063835
2026-07-22,JM,-0.0055125
2026-07-22,TA,-0.008399
2026-07-22,TF,-0.377474
2026-07-22,UR,-0.0125035
2026-07-23,AU,0.0622235
2026-07-23,AG,0.021479
2026-07-23,SN,0.025578
2026-07-23,SC,0.0283165
2026-07-23,IF,0.0419895
2026-07-23,A,0.134659
2026-07-23,IH,0.0460455
2026-07-23,P,0.069674
2026-07-23,IM,0.0410035
2026-07-23,FU,0.029031
2026-07-23,SA,-0.0057675
2026-07-23,I,-0.0073625
2026-07-23,RM,-0.0062225
2026-07-23,SR,-0.011864
2026-07-23,J,-0.002682
2026-07-23,CF,-0.006516
2026-07-23,JM,-0.002369
2026-07-23,TA,-0.0038145
2026-07-23,TF,-0.111388
2026-07-23,TS,-0.3420135
2026-07-24,AU,0.0398595
2026-07-24,AG,0.014586
2026-07-24,SN,0.0179375
2026-07-24,SC,0.0165515
2026-07-24,IF,0.0315085
2026-07-24,A,0.0826995
2026-07-24,IH,0.0318505
2026-07-24,TL,0.205359
2026-07-24,P,0.042453
2026-07-24,FU,0.0171945
2026-07-24,SA,-0.0057675
2026-07-24,I,-0.007316
2026-07-24,SR,-0.012289
2026-07-24,RM,-0.005696
2026-07-24,CF,-0.006572
2026-07-24,J,-0.0027485
2026-07-24,JM,-0.00237
2026-07-24,TA,-0.0036475
2026-07-24,TF,-0.1097575
2026-07-24,TS,-0.3438365
2026-07-27,AU,0.0368555
2026-07-27,AG,0.013663
2026-07-27,SC,0.0157575
2026-07-27,CU,0.0404905
2026-07-27,IF,0.029318
2026-07-27,TL,0.202121
2026-07-27,IH,0.030743
2026-07-27,FU,0.0164015
2026-07-27,A,0.072656
2026-07-27,P,0.0419935
2026-07-27,SA,-0.0141545
2026-07-27,I,-0.019413
2026-07-27,RM,-0.014768
2026-07-27,SR,-0.0317265
2026-07-27,J,-0.007352
2026-07-27,CF,-0.016897
2026-07-27,JM,-0.0062335
2026-07-27,TA,-0.0099145
2026-07-27,TF,-0.3679595
2026-07-27,RU,-0.011582
2026-07-28,AU,0.0359625
2026-07-28,AG,0.0134395
2026-07-28,SC,0.0153715
2026-07-28,CU,0.0394535
2026-07-28,IF,0.0292225
2026-07-28,IH,0.030598
2026-07-28,TL,0.2052015
2026-07-28,A,0.07357
2026-07-28,FU,0.016083
2026-07-28,P,0.041098
2026-07-28,SA,-0.005556
2026-07-28,I,-0.0075865
2026-07-28,RM,-0.005507
2026-07-28,SR,-0.012187
2026-07-28,CF,-0.006541
2026-07-28,J,-0.0027315
2026-07-28,JM,-0.0023425
2026-07-28,TA,-0.0037115
2026-07-28,TF,-0.110688
2026-07-28,TS,-0.343149
2026-07-29,AU,0.0391025
2026-07-29,AG,0.014505
2026-07-29,SC,0.0162035
2026-07-29,SN,0.017831
2026-07-29,IF,0.0305505
2026-07-29,TL,0.2082775
2026-07-29,IH,0.0323255
2026-07-29,A,0.0820045
2026-07-29,FU,0.016762
2026-07-29,P,0.0424385
2026-07-29,SA,-0.013176
2026-07-29,I,-0.01837
2026-07-29,RM,-0.013052
2026-07-29,SR,-0.029193
2026-07-29,JM,-0.005645
2026-07-29,CF,-0.015546
2026-07-29,TA,-0.0088365
2026-07-29,J,-0.0067295
2026-07-29,TF,-0.375424
2026-07-29,UR,-0.014028
2026-07-30,AU,0.036838
2026-07-30,AG,0.0138165
2026-07-30,SC,0.015345
2026-07-30,CU,0.040398
2026-07-30,IF,0.030084
2026-07-30,TL,0.197874
2026-07-30,IH,0.0312045
2026-07-30,A,0.0762015
2026-07-30,FU,0.016113
2026-07-30,P,0.042125
2026-07-30,SA,-0.013117
2026-07-30,I,-0.0183845
2026-07-30,RM,-0.013097
2026-07-30,SR,-0.028826
2026-07-30,JM,-0.0055625
2026-07-30,TA,-0.0087845
2026-07-30,CF,-0.0155885
2026-07-30,J,-0.006638
2026-07-30,UR,-0.014019
2026-07-30,TF,-0.3759835
