date,symbol,weight
2025-02-06,A,0.1
2025-02-06,AG,0.1
2025-02-06,AL,0.1
2025-02-06,AU,0.1
2025-02-06,FU,0.1
2025-02-06,HC,0.1
2025-02-06,I,0.1
2025-02-06,IC,0.1
2025-02-06,IF,0.1
2025-02-06,IH,0.1
2025-02-06,A,-0.1
2025-02-06,AG,-0.1
2025-02-06,AL,-0.1
2025-02-06,AU,-0.1
2025-02-06,FU,-0.1
2025-02-06,HC,-0.1
2025-02-06,I,-0.1
2025-02-06,IC,-0.1
2025-02-06,IF,-0.1
2025-02-06,IH,-0.1
2025-02-07,A,0.1
2025-02-07,AG,0.1
2025-02-07,AL,0.1
2025-02-07,AU,0.1
2025-02-07,FU,0.1
2025-02-07,HC,0.1
2025-02-07,I,0.1
2025-02-07,IC,0.1
2025-02-07,IF,0.1
2025-02-07,IH,0.1
2025-02-07,A,-0.1
2025-02-07,AG,-0.1
2025-02-07,AL,-0.1
2025-02-07,AU,-0.1
2025-02-07,FU,-0.1
2025-02-07,HC,-0.1
2025-02-07,I,-0.1
2025-02-07,IC,-0.1
2025-02-07,IF,-0.1
2025-02-07,IH,-0.1
2025-02-10,A,0.1
2025-02-10,AG,0.1
2025-02-10,AL,0.1
2025-02-10,AU,0.1
2025-02-10,FU,0.1
2025-02-10,HC,0.1
2025-02-10,I,0.1
2025-02-10,IC,0.1
2025-02-10,IF,0.1
2025-02-10,IH,0.1
2025-02-10,A,-0.1
2025-02-10,AG,-0.1
2025-02-10,AL,-0.1
2025-02-10,AU,-0.1
2025-02-10,FU,-0.1
2025-02-10,HC,-0.1
2025-02-10,I,-0.1
2025-02-10,IC,-0.1
2025-02-10,IF,-0.1
2025-02-10,IH,-0.1
2025-02-11,A,0.1
2025-02-11,AG,0.1
2025-02-11,AL,0.1
2025-02-11,AU,0.1
2025-02-11,FU,0.1
2025-02-11,HC,0.1
2025-02-11,I,0.1
2025-02-11,IC,0.1
2025-02-11,IF,0.1
2025-02-11,IH,0.1
2025-02-11,A,-0.1
2025-02-11,AG,-0.1
2025-02-11,AL,-0.1
2025-02-11,AU,-0.1
2025-02-11,FU,-0.1
2025-02-11,HC,-0.1
2025-02-11,I,-0.1
2025-02-11,IC,-0.1
2025-02-11,IF,-0.1
2025-02-11,IH,-0.1
2025-02-12,A,0.1
2025-02-12,AG,0.1
2025-02-12,AL,0.1
2025-02-12,AU,0.1
2025-02-12,FU,0.1
2025-02-12,HC,0.1
2025-02-12,I,0.1
2025-02-12,IC,0.1
2025-02-12,IF,0.1
2025-02-12,IH,0.1
2025-02-12,A,-0.1
2025-02-12,AG,-0.1
2025-02-12,AL,-0.1
2025-02-12,AU,-0.1
2025-02-12,FU,-0.1
2025-02-12,HC,-0.1
2025-02-12,I,-0.1
2025-02-12,IC,-0.1
2025-02-12,IF,-0.1
2025-02-12,IH,-0.1
2025-02-13,A,0.1
2025-02-13,AG,0.1
2025-02-13,AL,0.1
2025-02-13,AU,0.1
2025-02-13,FU,0.1
2025-02-13,HC,0.1
2025-02-13,I,0.1
2025-02-13,IC,0.1
2025-02-13,IF,0.1
2025-02-13,IH,0.1
2025-02-13,A,-0.1
2025-02-13,AG,-0.1
2025-02-13,AL,-0.1
2025-02-13,AU,-0.1
2025-02-13,FU,-0.1
2025-02-13,HC,-0.1
2025-02-13,I,-0.1
2025-02-13,IC,-0.1
2025-02-13,IF,-0.1
2025-02-13,IH,-0.1
2025-02-14,A,0.1
2025-02-14,AG,0.1
2025-02-14,AL,0.1
2025-02-14,AU,0.1
2025-02-14,FU,0.1
2025-02-14,HC,0.1
2025-02-14,I,0.1
2025-02-14,IC,0.1
2025-02-14,IF,0.1
2025-02-14,IH,0.1
2025-02-14,A,-0.1
2025-02-14,AG,-0.1
2025-02-14,AL,-0.1
2025-02-14,AU,-0.1
2025-02-14,FU,-0.1
2025-02-14,HC,-0.1
2025-02-14,I,-0.1
2025-02-14,IC,-0.1
2025-02-14,IF,-0.1
2025-02-14,IH,-0.1
2025-02-17,A,0.1
2025-02-17,AG,0.1
2025-02-17,AL,0.1
2025-02-17,AU,0.1
2025-02-17,FU,0.1
2025-02-17,HC,0.1
2025-02-17,I,0.1
2025-02-17,IC,0.1
2025-02-17,IF,0.1
2025-02-17,IH,0.1
2025-02-17,A,-0.1
2025-02-17,AG,-0.1
2025-02-17,AL,-0.1
2025-02-17,AU,-0.1
2025-02-17,FU,-0.1
2025-02-17,HC,-0.1
2025-02-17,I,-0.1
2025-02-17,IC,-0.1
2025-02-17,IF,-0.1
2025-02-17,IH,-0.1
2025-02-18,A,0.1
2025-02-18,AG,0.1
2025-02-18,AL,0.1
2025-02-18,AU,0.1
2025-02-18,FU,0.1
2025-02-18,HC,0.1
2025-02-18,I,0.1
2025-02-18,IC,0.1
2025-02-18,IF,0.1
2025-02-18,IH,0.1
2025-02-18,A,-0.1
2025-02-18,AG,-0.1
2025-02-18,AL,-0.1
2025-02-18,AU,-0.1
2025-02-18,FU,-0.1
2025-02-18,HC,-0.1
2025-02-18,I,-0.1
2025-02-18,IC,-0.1
2025-02-18,IF,-0.1
2025-02-18,IH,-0.1
2025-02-19,A,0.1
2025-02-19,AG,0.1
2025-02-19,AL,0.1
2025-02-19,AU,0.1
2025-02-19,FU,0.1
2025-02-19,HC,0.1
2025-02-19,I,0.1
2025-02-19,IC,0.1
2025-02-19,IF,0.1
2025-02-19,IH,0.1
2025-02-19,A,-0.1
2025-02-19,AG,-0.1
2025-02-19,AL,-0.1
2025-02-19,AU,-0.1
2025-02-19,FU,-0.1
2025-02-19,HC,-0.1
2025-02-19,I,-0.1
2025-02-19,IC,-0.1
2025-02-19,IF,-0.1
2025-02-19,IH,-0.1
2025-02-20,A,0.1
2025-02-20,AG,0.1
2025-02-20,AL,0.1
2025-02-20,AU,0.1
2025-02-20,FU,0.1
2025-02-20,HC,0.1
2025-02-20,I,0.1
2025-02-20,IC,0.1
2025-02-20,IF,0.1
2025-02-20,IH,0.1
2025-02-20,A,-0.1
2025-02-20,AG,-0.1
2025-02-20,AL,-0.1
2025-02-20,AU,-0.1
2025-02-20,FU,-0.1
2025-02-20,HC,-0.1
2025-02-20,I,-0.1
2025-02-20,IC,-0.1
2025-02-20,IF,-0.1
2025-02-20,IH,-0.1
2025-02-21,A,0.1
2025-02-21,AG,0.1
2025-02-21,AL,0.1
2025-02-21,AU,0.1
2025-02-21,FU,0.1
2025-02-21,HC,0.1
2025-02-21,I,0.1
2025-02-21,IC,0.1
2025-02-21,IF,0.1
2025-02-21,IH,0.1
2025-02-21,A,-0.1
2025-02-21,AG,-0.1
2025-02-21,AL,-0.1
2025-02-21,AU,-0.1
2025-02-21,FU,-0.1
2025-02-21,HC,-0.1
2025-02-21,I,-0.1
2025-02-21,IC,-0.1
2025-02-21,IF,-0.1
2025-02-21,IH,-0.1
2025-02-24,A,0.1
2025-02-24,AG,0.1
2025-02-24,AL,0.1
2025-02-24,AU,0.1
2025-02-24,FU,0.1
2025-02-24,HC,0.1
2025-02-24,I,0.1
2025-02-24,IC,0.1
2025-02-24,IF,0.1
2025-02-24,IH,0.1
2025-02-24,A,-0.1
2025-02-24,AG,-0.1
2025-02-24,AL,-0.1
2025-02-24,AU,-0.1
2025-02-24,FU,-0.1
2025-02-24,HC,-0.1
2025-02-24,I,-0.1
2025-02-24,IC,-0.1
2025-02-24,IF,-0.1
2025-02-24,IH,-0.1
2025-02-25,A,0.1
2025-02-25,AG,0.1
2025-02-25,AL,0.1
2025-02-25,AU,0.1
2025-02-25,FU,0.1
2025-02-25,HC,0.1
2025-02-25,I,0.1
2025-02-25,IC,0.1
2025-02-25,IF,0.1
2025-02-25,IH,0.1
2025-02-25,A,-0.1
2025-02-25,AG,-0.1
2025-02-25,AL,-0.1
2025-02-25,AU,-0.1
2025-02-25,FU,-0.1
2025-02-25,HC,-0.1
2025-02-25,I,-0.1
2025-02-25,IC,-0.1
2025-02-25,IF,-0.1
2025-02-25,IH,-0.1
2025-02-26,A,0.1
2025-02-26,AG,0.1
2025-02-26,AL,0.1
2025-02-26,AU,0.1
2025-02-26,FU,0.1
2025-02-26,HC,0.1
2025-02-26,I,0.1
2025-02-26,IC,0.1
2025-02-26,IF,0.1
2025-02-26,IH,0.1
2025-02-26,A,-0.1
2025-02-26,AG,-0.1
2025-02-26,AL,-0.1
2025-02-26,AU,-0.1
2025-02-26,FU,-0.1
2025-02-26,HC,-0.1
2025-02-26,I,-0.1
2025-02-26,IC,-0.1
2025-02-26,IF,-0.1
2025-02-26,IH,-0.1
2025-02-27,A,0.1
2025-02-27,AG,0.1
2025-02-27,AL,0.1
2025-02-27,AU,0.1
2025-02-27,FU,0.1
2025-02-27,HC,0.1
2025-02-27,I,0.1
2025-02-27,IC,0.1
2025-02-27,IF,0.1
2025-02-27,IH,0.1
2025-02-27,A,-0.1
2025-02-27,AG,-0.1
2025-02-27,AL,-0.1
2025-02-27,AU,-0.1
2025-02-27,FU,-0.1
2025-02-27,HC,-0.1
2025-02-27,I,-0.1
2025-02-27,IC,-0.1
2025-02-27,IF,-0.1
2025-02-27,IH,-0.1
2025-02-28,A,0.1
2025-02-28,AG,0.1
2025-02-28,AL,0.1
2025-02-28,AU,0.1
2025-02-28,FU,0.1
2025-02-28,HC,0.1
2025-02-28,I,0.1
2025-02-28,IC,0.1
2025-02-28,IF,0.1
2025-02-28,IH,0.1
2025-02-28,A,-0.1
2025-02-28,AG,-0.1
2025-02-28,AL,-0.1
2025-02-28,AU,-0.1
2025-02-28,FU,-0.1
2025-02-28,HC,-0.1
2025-02-28,I,-0.1
2025-02-28,IC,-0.1
2025-02-28,IF,-0.1
2025-02-28,IH,-0.1
2025-03-03,A,0.1
2025-03-03,AG,0.1
2025-03-03,AL,0.1
2025-03-03,AU,0.1
2025-03-03,FU,0.1
2025-03-03,HC,0.1
2025-03-03,I,0.1
2025-03-03,IC,0.1
2025-03-03,IF,0.1
2025-03-03,IH,0.1
2025-03-03,A,-0.1
2025-03-03,AG,-0.1
2025-03-03,AL,-0.1
2025-03-03,AU,-0.1
2025-03-03,FU,-0.1
2025-03-03,HC,-0.1
2025-03-03,I,-0.1
2025-03-03,IC,-0.1
2025-03-03,IF,-0.1
2025-03-03,IH,-0.1
2025-03-04,A,0.1
2025-03-04,AG,0.1
2025-03-04,AL,0.1
2025-03-04,AU,0.1
2025-03-04,FU,0.1
2025-03-04,HC,0.1
2025-03-04,I,0.1
2025-03-04,IC,0.1
2025-03-04,IF,0.1
2025-03-04,IH,0.1
2025-03-04,A,-0.1
2025-03-04,AG,-0.1
2025-03-04,AL,-0.1
2025-03-04,AU,-0.1
2025-03-04,FU,-0.1
2025-03-04,HC,-0.1
2025-03-04,I,-0.1
2025-03-04,IC,-0.1
2025-03-04,IF,-0.1
2025-03-04,IH,-0.1
2025-03-05,A,0.1
2025-03-05,AG,0.1
2025-03-05,AL,0.1
2025-03-05,AU,0.1
2025-03-05,FU,0.1
2025-03-05,HC,0.1
2025-03-05,I,0.1
2025-03-05,IC,0.1
2025-03-05,IF,0.1
2025-03-05,IH,0.1
2025-03-05,A,-0.1
2025-03-05,AG,-0.1
2025-03-05,AL,-0.1
2025-03-05,AU,-0.1
2025-03-05,FU,-0.1
2025-03-05,HC,-0.1
2025-03-05,I,-0.1
2025-03-05,IC,-0.1
2025-03-05,IF,-0.1
2025-03-05,IH,-0.1
2025-03-06,A,0.1
2025-03-06,AG,0.1
2025-03-06,AL,0.1
2025-03-06,AU,0.1
2025-03-06,FU,0.1
2025-03-06,HC,0.1
2025-03-06,I,0.1
2025-03-06,IC,0.1
2025-03-06,IF,0.1
2025-03-06,IH,0.1
2025-03-06,A,-0.1
2025-03-06,AG,-0.1
2025-03-06,AL,-0.1
2025-03-06,AU,-0.1
2025-03-06,FU,-0.1
2025-03-06,HC,-0.1
2025-03-06,I,-0.1
2025-03-06,IC,-0.1
2025-03-06,IF,-0.1
2025-03-06,IH,-0.1
2025-03-07,A,0.1
2025-03-07,AG,0.1
2025-03-07,AL,0.1
2025-03-07,AU,0.1
2025-03-07,FU,0.1
2025-03-07,HC,0.1
2025-03-07,I,0.1
2025-03-07,IC,0.1
2025-03-07,IF,0.1
2025-03-07,IH,0.1
2025-03-07,A,-0.1
2025-03-07,AG,-0.1
2025-03-07,AL,-0.1
2025-03-07,AU,-0.1
2025-03-07,FU,-0.1
2025-03-07,HC,-0.1
2025-03-07,I,-0.1
2025-03-07,IC,-0.1
2025-03-07,IF,-0.1
2025-03-07,IH,-0.1
2025-03-10,A,0.1
2025-03-10,AG,0.1
2025-03-10,AL,0.1
2025-03-10,AU,0.1
2025-03-10,FU,0.1
2025-03-10,HC,0.1
2025-03-10,I,0.1
2025-03-10,IC,0.1
2025-03-10,IF,0.1
2025-03-10,IH,0.1
2025-03-10,A,-0.1
2025-03-10,AG,-0.1
2025-03-10,AL,-0.1
2025-03-10,AU,-0.1
2025-03-10,FU,-0.1
2025-03-10,HC,-0.1
2025-03-10,I,-0.1
2025-03-10,IC,-0.1
2025-03-10,IF,-0.1
2025-03-10,IH,-0.1
2025-03-11,A,0.1
2025-03-11,AG,0.1
2025-03-11,AL,0.1
2025-03-11,AU,0.1
2025-03-11,FU,0.1
2025-03-11,HC,0.1
2025-03-11,I,0.1
2025-03-11,IC,0.1
2025-03-11,IF,0.1
2025-03-11,IH,0.1
2025-03-11,A,-0.1
2025-03-11,AG,-0.1
2025-03-11,AL,-0.1
2025-03-11,AU,-0.1
2025-03-11,FU,-0.1
2025-03-11,HC,-0.1
2025-03-11,I,-0.1
2025-03-11,IC,-0.1
2025-03-11,IF,-0.1
2025-03-11,IH,-0.1
2025-03-12,A,0.1
2025-03-12,AG,0.1
2025-03-12,AL,0.1
2025-03-12,AU,0.1
2025-03-12,FU,0.1
2025-03-12,HC,0.1
2025-03-12,I,0.1
2025-03-12,IC,0.1
2025-03-12,IF,0.1
2025-03-12,IH,0.1
2025-03-12,A,-0.1
2025-03-12,AG,-0.1
2025-03-12,AL,-0.1
2025-03-12,AU,-0.1
2025-03-12,FU,-0.1
2025-03-12,HC,-0.1
2025-03-12,I,-0.1
2025-03-12,IC,-0.1
2025-03-12,IF,-0.1
2025-03-12,IH,-0.1
2025-03-13,A,0.1
2025-03-13,AG,0.1
2025-03-13,AL,0.1
2025-03-13,AU,0.1
2025-03-13,FU,0.1
2025-03-13,HC,0.1
2025-03-13,I,0.1
2025-03-13,IC,0.1
2025-03-13,IF,0.1
2025-03-13,IH,0.1
2025-03-13,A,-0.1
2025-03-13,AG,-0.1
2025-03-13,AL,-0.1
2025-03-13,AU,-0.1
2025-03-13,FU,-0.1
2025-03-13,HC,-0.1
2025-03-13,I,-0.1
2025-03-13,IC,-0.1
2025-03-13,IF,-0.1
2025-03-13,IH,-0.1
2025-03-14,A,0.1
2025-03-14,AG,0.1
2025-03-14,AL,0.1
2025-03-14,AU,0.1
2025-03-14,FU,0.1
2025-03-14,HC,0.1
2025-03-14,I,0.1
2025-03-14,IC,0.1
2025-03-14,IF,0.1
2025-03-14,IH,0.1
2025-03-14,A,-0.1
2025-03-14,AG,-0.1
2025-03-14,AL,-0.1
2025-03-14,AU,-0.1
2025-03-14,FU,-0.1
2025-03-14,HC,-0.1
2025-03-14,I,-0.1
2025-03-14,IC,-0.1
2025-03-14,IF,-0.1
2025-03-14,IH,-0.1
2025-03-17,A,0.1
2025-03-17,AG,0.1
2025-03-17,AL,0.1
2025-03-17,AU,0.1
2025-03-17,FU,0.1
2025-03-17,HC,0.1
2025-03-17,I,0.1
2025-03-17,IC,0.1
2025-03-17,IF,0.1
2025-03-17,IH,0.1
2025-03-17,A,-0.1
2025-03-17,AG,-0.1
2025-03-17,AL,-0.1
2025-03-17,AU,-0.1
2025-03-17,FU,-0.1
2025-03-17,HC,-0.1
2025-03-17,I,-0.1
2025-03-17,IC,-0.1
2025-03-17,IF,-0.1
2025-03-17,IH,-0.1
2025-03-18,A,0.1
2025-03-18,AG,0.1
2025-03-18,AL,0.1
2025-03-18,AU,0.1
2025-03-18,FU,0.1
2025-03-18,HC,0.1
2025-03-18,I,0.1
2025-03-18,IC,0.1
2025-03-18,IF,0.1
2025-03-18,IH,0.1
2025-03-18,A,-0.1
2025-03-18,AG,-0.1
2025-03-18,AL,-0.1
2025-03-18,AU,-0.1
2025-03-18,FU,-0.1
2025-03-18,HC,-0.1
2025-03-18,I,-0.1
2025-03-18,IC,-0.1
2025-03-18,IF,-0.1
2025-03-18,IH,-0.1
2025-03-19,A,0.1
2025-03-19,AG,0.1
2025-03-19,AL,0.1
2025-03-19,AU,0.1
2025-03-19,FU,0.1
2025-03-19,HC,0.1
2025-03-19,I,0.1
2025-03-19,IC,0.1
2025-03-19,IF,0.1
2025-03-19,IH,0.1
2025-03-19,A,-0.1
2025-03-19,AG,-0.1
2025-03-19,AL,-0.1
2025-03-19,AU,-0.1
2025-03-19,FU,-0.1
2025-03-19,HC,-0.1
2025-03-19,I,-0.1
2025-03-19,IC,-0.1
2025-03-19,IF,-0.1
2025-03-19,IH,-0.1
2025-03-20,A,0.1
2025-03-20,AG,0.1
2025-03-20,AL,0.1
2025-03-20,AU,0.1
2025-03-20,FU,0.1
2025-03-20,HC,0.1
2025-03-20,I,0.1
2025-03-20,IC,0.1
2025-03-20,IF,0.1
2025-03-20,IH,0.1
2025-03-20,A,-0.1
2025-03-20,AG,-0.1
2025-03-20,AL,-0.1
2025-03-20,AU,-0.1
2025-03-20,FU,-0.1
2025-03-20,HC,-0.1
2025-03-20,I,-0.1
2025-03-20,IC,-0.1
2025-03-20,IF,-0.1
2025-03-20,IH,-0.1
2025-03-21,A,0.1
2025-03-21,AG,0.1
2025-03-21,AL,0.1
2025-03-21,AU,0.1
2025-03-21,FU,0.1
2025-03-21,HC,0.1
2025-03-21,I,0.1
2025-03-21,IC,0.1
2025-03-21,IF,0.1
2025-03-21,IH,0.1
2025-03-21,A,-0.1
2025-03-21,AG,-0.1
2025-03-21,AL,-0.1
2025-03-21,AU,-0.1
2025-03-21,FU,-0.1
2025-03-21,HC,-0.1
2025-03-21,I,-0.1
2025-03-21,IC,-0.1
2025-03-21,IF,-0.1
2025-03-21,IH,-0.1
2025-03-24,A,0.1
2025-03-24,AG,0.1
2025-03-24,AL,0.1
2025-03-24,AU,0.1
2025-03-24,FU,0.1
2025-03-24,HC,0.1
2025-03-24,I,0.1
2025-03-24,IC,0.1
2025-03-24,IF,0.1
2025-03-24,IH,0.1
2025-03-24,A,-0.1
2025-03-24,AG,-0.1
2025-03-24,AL,-0.1
2025-03-24,AU,-0.1
2025-03-24,FU,-0.1
2025-03-24,HC,-0.1
2025-03-24,I,-0.1
2025-03-24,IC,-0.1
2025-03-24,IF,-0.1
2025-03-24,IH,-0.1
2025-03-25,A,0.1
2025-03-25,AG,0.1
2025-03-25,AL,0.1
2025-03-25,AU,0.1
2025-03-25,FU,0.1
2025-03-25,HC,0.1
2025-03-25,I,0.1
2025-03-25,IC,0.1
2025-03-25,IF,0.1
2025-03-25,IH,0.1
2025-03-25,A,-0.1
2025-03-25,AG,-0.1
2025-03-25,AL,-0.1
2025-03-25,AU,-0.1
2025-03-25,FU,-0.1
2025-03-25,HC,-0.1
2025-03-25,I,-0.1
2025-03-25,IC,-0.1
2025-03-25,IF,-0.1
2025-03-25,IH,-0.1
2025-03-26,A,0.1
2025-03-26,AG,0.1
2025-03-26,AL,0.1
2025-03-26,AU,0.1
2025-03-26,FU,0.1
2025-03-26,HC,0.1
2025-03-26,I,0.1
2025-03-26,IC,0.1
2025-03-26,IF,0.1
2025-03-26,IH,0.1
2025-03-26,A,-0.1
2025-03-26,AG,-0.1
2025-03-26,AL,-0.1
2025-03-26,AU,-0.1
2025-03-26,FU,-0.1
2025-03-26,HC,-0.1
2025-03-26,I,-0.1
2025-03-26,IC,-0.1
2025-03-26,IF,-0.1
2025-03-26,IH,-0.1
2025-03-27,A,0.1
2025-03-27,AG,0.1
2025-03-27,AL,0.1
2025-03-27,AU,0.1
2025-03-27,FU,0.1
2025-03-27,HC,0.1
2025-03-27,I,0.1
2025-03-27,IC,0.1
2025-03-27,IF,0.1
2025-03-27,IH,0.1
2025-03-27,A,-0.1
2025-03-27,AG,-0.1
2025-03-27,AL,-0.1
2025-03-27,AU,-0.1
2025-03-27,FU,-0.1
2025-03-27,HC,-0.1
2025-03-27,I,-0.1
2025-03-27,IC,-0.1
2025-03-27,IF,-0.1
2025-03-27,IH,-0.1
2025-03-28,A,0.1
2025-03-28,AG,0.1
2025-03-28,AL,0.1
2025-03-28,AU,0.1
2025-03-28,FU,0.1
2025-03-28,HC,0.1
2025-03-28,I,0.1
2025-03-28,IC,0.1
2025-03-28,IF,0.1
2025-03-28,IH,0.1
2025-03-28,A,-0.1
2025-03-28,AG,-0.1
2025-03-28,AL,-0.1
2025-03-28,AU,-0.1
2025-03-28,FU,-0.1
2025-03-28,HC,-0.1
2025-03-28,I,-0.1
2025-03-28,IC,-0.1
2025-03-28,IF,-0.1
2025-03-28,IH,-0.1
2025-03-31,A,0.1
2025-03-31,AG,0.1
2025-03-31,AL,0.1
2025-03-31,AU,0.1
2025-03-31,FU,0.1
2025-03-31,HC,0.1
2025-03-31,I,0.1
2025-03-31,IC,0.1
2025-03-31,IF,0.1
2025-03-31,IH,0.1
2025-03-31,A,-0.1
2025-03-31,AG,-0.1
2025-03-31,AL,-0.1
2025-03-31,AU,-0.1
2025-03-31,FU,-0.1
2025-03-31,HC,-0.1
2025-03-31,I,-0.1
2025-03-31,IC,-0.1
2025-03-31,IF,-0.1
2025-03-31,IH,-0.1
2025-04-01,A,0.1
2025-04-01,AG,0.1
2025-04-01,AL,0.1
2025-04-01,AU,0.1
2025-04-01,FU,0.1
2025-04-01,HC,0.1
2025-04-01,I,0.1
2025-04-01,IC,0.1
2025-04-01,IF,0.1
2025-04-01,IH,0.1
2025-04-01,A,-0.1
2025-04-01,AG,-0.1
2025-04-01,AL,-0.1
2025-04-01,AU,-0.1
2025-04-01,FU,-0.1
2025-04-01,HC,-0.1
2025-04-01,I,-0.1
2025-04-01,IC,-0.1
2025-04-01,IF,-0.1
2025-04-01,IH,-0.1
2025-04-02,A,0.1
2025-04-02,AG,0.1
2025-04-02,AL,0.1
2025-04-02,AU,0.1
2025-04-02,FU,0.1
2025-04-02,HC,0.1
2025-04-02,I,0.1
2025-04-02,IC,0.1
2025-04-02,IF,0.1
2025-04-02,IH,0.1
2025-04-02,A,-0.1
2025-04-02,AG,-0.1
2025-04-02,AL,-0.1
2025-04-02,AU,-0.1
2025-04-02,FU,-0.1
2025-04-02,HC,-0.1
2025-04-02,I,-0.1
2025-04-02,IC,-0.1
2025-04-02,IF,-0.1
2025-04-02,IH,-0.1
2025-04-03,A,0.1
2025-04-03,AG,0.1
2025-04-03,AL,0.1
2025-04-03,AU,0.1
2025-04-03,FU,0.1
2025-04-03,HC,0.1
2025-04-03,I,0.1
2025-04-03,IC,0.1
2025-04-03,IF,0.1
2025-04-03,IH,0.1
2025-04-03,A,-0.1
2025-04-03,AG,-0.1
2025-04-03,AL,-0.1
2025-04-03,AU,-0.1
2025-04-03,FU,-0.1
2025-04-03,HC,-0.1
2025-04-03,I,-0.1
2025-04-03,IC,-0.1
2025-04-03,IF,-0.1
2025-04-03,IH,-0.1
2025-04-07,A,0.4999999999999999
2025-04-07,AG,0.019999999999999997
2025-04-07,AL,0.0766979088200307
2025-04-07,AU,0.11423770110239001
2025-04-07,FU,0.02000000000000003
2025-04-07,HC,0.12189831604855324
2025-04-07,I,0.08716607402902603
2025-04-07,IC,0.019999999999999997
2025-04-07,IF,0.019999999999999997
2025-04-07,IH,0.020000000000000007
2025-04-07,A,-0.4999999999999999
2025-04-07,AG,-0.019999999999999997
2025-04-07,AL,-0.0766979088200307
2025-04-07,AU,-0.11423770110239001
2025-04-07,FU,-0.02000000000000003
2025-04-07,HC,-0.12189831604855324
2025-04-07,I,-0.08716607402902603
2025-04-07,IC,-0.019999999999999997
2025-04-07,IF,-0.019999999999999997
2025-04-07,IH,-0.020000000000000007
2025-04-08,A,0.5
2025-04-08,AG,0.02
2025-04-08,AL,0.08119703379602239
2025-04-08,AU,0.11125803075398022
2025-04-08,FU,0.02
2025-04-08,HC,0.12633953148878282
2025-04-08,I,0.08120540396121463
2025-04-08,IC,0.02000000000000002
2025-04-08,IF,0.02000000000000002
2025-04-08,IH,0.020000000000000004
2025-04-08,A,-0.5
2025-04-08,AG,-0.02
2025-04-08,AL,-0.08119703379602239
2025-04-08,AU,-0.11125803075398022
2025-04-08,FU,-0.02
2025-04-08,HC,-0.12633953148878282
2025-04-08,I,-0.08120540396121463
2025-04-08,IC,-0.02000000000000002
2025-04-08,IF,-0.02000000000000002
2025-04-08,IH,-0.020000000000000004
2025-04-09,A,0.4999999999999999
2025-04-09,AG,0.020000000000000007
2025-04-09,AL,0.07319656616251607
2025-04-09,AU,0.10569563853025218
2025-04-09,FU,0.019999999999999997
2025-04-09,HC,0.13471127677017294
2025-04-09,I,0.08639651853705871
2025-04-09,IC,0.019999999999999997
2025-04-09,IF,0.020000000000000007
2025-04-09,IH,0.02000000000000002
2025-04-09,A,-0.4999999999999999
2025-04-09,AG,-0.020000000000000007
2025-04-09,AL,-0.07319656616251607
2025-04-09,AU,-0.10569563853025218
2025-04-09,FU,-0.019999999999999997
2025-04-09,HC,-0.13471127677017294
2025-04-09,I,-0.08639651853705871
2025-04-09,IC,-0.019999999999999997
2025-04-09,IF,-0.020000000000000007
2025-04-09,IH,-0.02000000000000002
2025-04-10,A,0.5
2025-04-10,AG,0.02
2025-04-10,AL,0.08415104636883126
2025-04-10,AU,0.09679732870501825
2025-04-10,FU,0.020000000000000077
2025-04-10,HC,0.13839640764715513
2025-04-10,I,0.08065521727899527
2025-04-10,IC,0.020000000000000035
2025-04-10,IF,0.02000000000000007
2025-04-10,IH,0.020000000000000014
2025-04-10,A,-0.5
2025-04-10,AG,-0.02
2025-04-10,AL,-0.08415104636883126
2025-04-10,AU,-0.09679732870501825
2025-04-10,FU,-0.020000000000000077
2025-04-10,HC,-0.13839640764715513
2025-04-10,I,-0.08065521727899527
2025-04-10,IC,-0.020000000000000035
2025-04-10,IF,-0.02000000000000007
2025-04-10,IH,-0.020000000000000014
2025-04-11,I,0.020000000000000014
2025-04-11,SA,0.020000000000000025
2025-04-11,J,0.019999999999999997
2025-04-11,CF,0.19062588684846257
2025-04-11,MA,0.19333867693005147
2025-04-11,V,0.13282462693501235
2025-04-11,RM,0.05779037442939035
2025-04-11,JM,0.019999999999999997
2025-04-11,M,0.17685990578737892
2025-04-11,ZN,0.1685605290697042
2025-04-11,AU,-0.020000000000000035
2025-04-11,AG,-0.020000000000000035
2025-04-11,SC,-0.02
2025-04-11,SN,-0.02
2025-04-11,IH,-0.08260246283648236
2025-04-11,TL,-0.5
2025-04-11,T,-0.1669282529808511
2025-04-11,P,-0.02000000000000002
2025-04-11,A,-0.13046928418266637
2025-04-11,Y,-0.020000000000000073
2025-04-14,J,0.02
2025-04-14,I,0.02
2025-04-14,CF,0.19179976519073128
2025-04-14,SA,0.020000000000000007
2025-04-14,MA,0.1977658897341276
2025-04-14,V,0.13387747013152657
2025-04-14,RM,0.025632712556358184
2025-04-14,HC,0.10731563265380414
2025-04-14,M,0.18646028700162612
2025-04-14,TS,0.0971482427318262
2025-04-14,AU,-0.16947903852072022
2025-04-14,AG,-0.02
2025-04-14,SN,-0.020000000000000018
2025-04-14,IH,-0.04775696204014648
2025-04-14,SC,-0.02
2025-04-14,IF,-0.02
2025-04-14,IC,-0.02
2025-04-14,P,-0.02
2025-04-14,A,-0.4543403565011899
2025-04-14,Y,-0.20842364293794335
2025-04-15,J,0.02000000000000004
2025-04-15,I,0.02
2025-04-15,CF,0.17587109816863203
2025-04-15,SA,0.02000000000000002
2025-04-15,MA,0.17295436075248186
2025-04-15,V,0.12255229234022118
2025-04-15,RM,0.050165055381043114
2025-04-15,M,0.17038950932473318
2025-04-15,HC,0.09723962753853088
2025-04-15,ZN,0.15082805649435777
2025-04-15,AU,-0.21912783327002455
2025-04-15,AG,-0.019999999999999997
2025-04-15,SC,-0.019999999999999997
2025-04-15,IH,-0.061495760805132985
2025-04-15,SN,-0.019999999999999997
2025-04-15,IM,-0.019999999999999997
2025-04-15,IC,-0.020000000000000004
2025-04-15,A,-0.4999999999999999
2025-04-15,P,-0.0857011124273613
2025-04-15,TA,-0.03367529349748115
2025-04-16,CF,0.14401636066249393
2025-04-16,I,0.033542175329716
2025-04-16,HC,0.0953856387154469
2025-04-16,J,0.020000000000000004
2025-04-16,V,0.1210756661275422
2025-04-16,RU,0.02
2025-04-16,SA,0.04060572864023226
2025-04-16,Y,0.19384153249603325
2025-04-16,ZN,0.11442276811121936
2025-04-16,OI,0.21711012991731596
2025-04-16,AU,-0.1575412590181536
2025-04-16,AG,-0.02
2025-04-16,SC,-0.04317358448686877
2025-04-16,IC,-0.020000000000000066
2025-04-16,IM,-0.02000000000000012
2025-04-16,IH,-0.02
2025-04-16,SN,-0.020000000000000035
2025-04-16,A,-0.3618482443449905
2025-04-16,P,-0.04960607567221674
2025-04-16,LH,-0.28783083647777014
2025-04-17,CF,0.1458305946210588
2025-04-17,HC,0.09862800717155407
2025-04-17,J,0.02000000000000004
2025-04-17,I,0.036825368437424684
2025-04-17,RU,0.020000000000000056
2025-04-17,V,0.1212228082994709
2025-04-17,Y,0.19189619758560875
2025-04-17,ZN,0.1100025653528722
2025-04-17,SA,0.04753582794070729
2025-04-17,OI,0.208058630591303
2025-04-17,AU,-0.1586564475678526
2025-04-17,AG,-0.02
2025-04-17,SC,-0.02384243045723431
2025-04-17,IC,-0.02
2025-04-17,IM,-0.020000000000000007
2025-04-17,IF,-0.020000000000000004
2025-04-17,A,-0.386415750548282
2025-04-17,SN,-0.02
2025-04-17,FU,-0.02
2025-04-17,LH,-0.3110853714266312
2025-04-18,CF,0.11452240062485346
2025-04-18,HC,0.09789259061008443
2025-04-18,I,0.0454944650716391
2025-04-18,RU,0.020000000000000025
2025-04-18,RB,0.09446553957681326
2025-04-18,Y,0.15472614945531257
2025-04-18,V,0.11161805979511388
2025-04-18,TS,0.10164889350066307
2025-04-18,OI,0.1724108473718461
2025-04-18,UR,0.08722105399367415
2025-04-18,AG,-0.020000000000000004
2025-04-18,AU,-0.15638284567082134
2025-04-18,SC,-0.03410820261268953
2025-04-18,IC,-0.02
2025-04-18,IH,-0.027484714319079666
2025-04-18,IF,-0.02000000000000001
2025-04-18,A,-0.38451160106854737
2025-04-18,SN,-0.02
2025-04-18,FU,-0.02
2025-04-18,LH,-0.29751263632886216
2025-04-21,CF,0.11873012305981746
2025-04-21,HC,0.0965430598013094
2025-04-21,I,0.020000000000000025
2025-04-21,TS,0.10180808022244145
2025-04-21,Y,0.16318092872155363
2025-04-21,RU,0.020000000000000018
2025-04-21,RB,0.09172220776515344
2025-04-21,V,0.12016908069750576
2025-04-21,UR,0.09368688001114898
2025-04-21,OI,0.17415963972106996
2025-04-21,AU,-0.15401306720220642
2025-04-21,AG,-0.02000000000000011
2025-04-21,IC,-0.019999999999999997
2025-04-21,IM,-0.019999999999999997
2025-04-21,IF,-0.019999999999999997
2025-04-21,SC,-0.04497319779355954
2025-04-21,A,-0.365889686323835
2025-04-21,SN,-0.019999999999999997
2025-04-21,P,-0.0529599647747468
2025-04-21,LH,-0.2821640839056521
2025-04-22,CF,0.18487610905569477
2025-04-22,HC,0.02
2025-04-22,I,0.020000000000000007
2025-04-22,J,0.020000000000000042
2025-04-22,Y,0.45401350122402984
2025-04-22,AL,0.15160252229487461
2025-04-22,RU,0.020000000000000056
2025-04-22,UR,0.04777414112678395
2025-04-22,TS,0.06144315427586319
2025-04-22,V,0.020290572022753615
2025-04-22,AU,-0.25599209869001616
2025-04-22,IF,-0.021643067925684507
2025-04-22,IM,-0.020000000000000004
2025-04-22,IC,-0.02
2025-04-22,AG,-0.02
2025-04-22,SC,-0.02974494271799334
2025-04-22,A,-0.4894455223048136
2025-04-22,SN,-0.02
2025-04-22,FU,-0.02
2025-04-22,P,-0.10317436836149235
2025-04-23,CF,0.1186250370325021
2025-04-23,HC,0.08322221342853577
2025-04-23,I,0.020000000000000004
2025-04-23,Y,0.13726612456738063
2025-04-23,UR,0.10282049369583776
2025-04-23,AL,0.1164154708203016
2025-04-23,RB,0.0810103559915325
2025-04-23,OI,0.14565275075468376
2025-04-23,TS,0.10110742303430499
2025-04-23,ZN,0.09388013067492093
2025-04-23,AU,-0.25991218248755055
2025-04-23,IF,-0.02
2025-04-23,IC,-0.020000000000000004
2025-04-23,AG,-0.02
2025-04-23,SC,-0.035483128267776276
2025-04-23,IM,-0.02
2025-04-23,A,-0.3927303896968615
2025-04-23,NI,-0.10849533848618728
2025-04-23,FU,-0.020000000000000007
2025-04-23,P,-0.10337896106162435
2025-04-24,CF,0.1182314995850625
2025-04-24,HC,0.08228612706937495
2025-04-24,I,0.020000000000000007
2025-04-24,UR,0.10452161735800077
2025-04-24,Y,0.13281573916141637
2025-04-24,AL,0.11866968128820386
2025-04-24,RB,0.08044567732937585
2025-04-24,TS,0.10090211953503096
2025-04-24,OI,0.13694750175831313
2025-04-24,V,0.10518003691522176
2025-04-24,IC,-0.031865729260922626
2025-04-24,AU,-0.16357297420833947
2025-04-24,IF,-0.04297117718485511
2025-04-24,AG,-0.02
2025-04-24,SC,-0.06736907659434879
2025-04-24,IM,-0.020000000000000025
2025-04-24,A,-0.2621503449125515
2025-04-24,NI,-0.11742872331072839
2025-04-24,FU,-0.02
2025-04-24,M,-0.2546419745282541
2025-04-25,CF,0.07157027042170606
2025-04-25,HC,0.019999999999999997
2025-04-25,TS,0.10661616113161865
2025-04-25,I,0.02000000000000004
2025-04-25,UR,0.019999999999999997
2025-04-25,TL,0.4999999999999999
2025-04-25,V,0.08115469629233883
2025-04-25,RB,0.03860689876686844
2025-04-25,AL,0.08342310088071142
2025-04-25,OI,0.05862887250675659
2025-04-25,SC,-0.0469961957302857
2025-04-25,AU,-0.25050065583697123
2025-04-25,AG,-0.020000000000000046
2025-04-25,IC,-0.02
2025-04-25,IF,-0.02
2025-04-25,IM,-0.020000000000000004
2025-04-25,A,-0.3820569624107298
2025-04-25,NI,-0.11069949042309202
2025-04-25,FU,-0.02000000000000002
2025-04-25,P,-0.10974669559892124
2025-04-28,CF,0.08299315566422368
2025-04-28,OI,0.04041670278921445
2025-04-28,HC,0.041290774858824306
2025-04-28,TS,0.1238893019871801
2025-04-28,UR,0.020000000000000007
2025-04-28,I,0.020000000000000004
2025-04-28,TL,0.5
2025-04-28,AL,0.0777679792513933
2025-04-28,Y,0.07364208544916413
2025-04-28,CU,0.02
2025-04-28,SC,-0.03190583608963161
2025-04-28,AU,-0.2543308501735895
2025-04-28,AG,-0.020000000000000028
2025-04-28,IC,-0.020000000000000004
2025-04-28,A,-0.385924896213339
2025-04-28,IF,-0.020000000000000004
2025-04-28,IM,-0.020000000000000007
2025-04-28,FU,-0.025603630639305576
2025-04-28,NI,-0.114597522702784
2025-04-28,P,-0.1076372641813503
2025-04-29,CF,0.041898224187083985
2025-04-29,HC,0.02
2025-04-29,I,0.02000000000000002
2025-04-29,TL,0.4287590700650352
2025-04-29,UR,0.020000000000000007
2025-04-29,TS,0.10435091387288858
2025-04-29,V,0.026597556003133876
2025-04-29,TF,0.14583787611769902
2025-04-29,Y,0.0795098031953055
2025-04-29,SR,0.11304655655885378
2025-04-29,AU,-0.24622015142513254
2025-04-29,SC,-0.05540669331315286
2025-04-29,AG,-0.019999999999999997
2025-04-29,A,-0.38414021851513885
2025-04-29,IC,-0.02
2025-04-29,IF,-0.019999999999999997
2025-04-29,IM,-0.019999999999999997
2025-04-29,NI,-0.11180330551606517
2025-04-29,FU,-0.019999999999999997
2025-04-29,P,-0.10242963123051033
2025-04-30,CF,0.06949685648343863
2025-04-30,HC,0.020000000000000007
2025-04-30,I,0.02
2025-04-30,UR,0.02
2025-04-30,TL,0.49346748915940836
2025-04-30,SR,0.15229682070856135
2025-04-30,V,0.020699020726659707
2025-04-30,RB,0.02000000000000001
2025-04-30,TS,0.0899674137032121
2025-04-30,Y,0.09407239921871982
2025-04-30,AU,-0.1581157029506625
2025-04-30,AG,-0.02
2025-04-30,IC,-0.0407947173423856
2025-04-30,IF,-0.03722488051673797
2025-04-30,SC,-0.062060683890100984
2025-04-30,IM,-0.03598673333705254
2025-04-30,A,-0.26193088053498587
2025-04-30,NI,-0.11907513070035226
2025-04-30,FU,-0.020000000000000004
2025-04-30,M,-0.24481127072772227
2025-05-06,CF,0.07924354067404271
2025-05-06,HC,0.019999999999999983
2025-05-06,I,0.020000000000000285
2025-05-06,UR,0.02000000000000065
2025-05-06,RB,0.019999999999999983
2025-05-06,TS,0.1100807485297073
2025-05-06,V,0.06605060088535408
2025-05-06,CU,0.0200000000000007
2025-05-06,TL,0.4879521039003307
2025-05-06,TF,0.15667300601056344
2025-05-06,AU,-0.1677269820760625
2025-05-06,IC,-0.0207932466145591
2025-05-06,IF,-0.020000000000000004
2025-05-06,AG,-0.06781572341804129
2025-05-06,IM,-0.026023069368295033
2025-05-06,SC,-0.05371297393746818
2025-05-06,A,-0.25057525085793386
2025-05-06,NI,-0.08138386773617381
2025-05-06,M,-0.26809366206637714
2025-05-06,FU,-0.043875223925089205
2025-05-07,CF,0.07232371555093739
2025-05-07,HC,0.020000000000000268
2025-05-07,I,0.019999999999999983
2025-05-07,UR,0.019999999999999983
2025-05-07,V,0.07510464166021855
2025-05-07,RB,0.020000000000000184
2025-05-07,TL,0.4793866009815297
2025-05-07,TS,0.11435820518980615
2025-05-07,TF,0.1588268366175078
2025-05-07,CU,0.019999999999999983
2025-05-07,IF,-0.02
2025-05-07,IC,-0.019999999999999997
2025-05-07,AU,-0.16620731075706727
2025-05-07,AG,-0.06472119130449021
2025-05-07,IM,-0.024772718591679222
2025-05-07,SC,-0.052140706667198944
2025-05-07,A,-0.25251819677920134
2025-05-07,M,-0.2702944594463178
2025-05-07,NI,-0.0889204648982513
2025-05-07,FU,-0.04042495155579386
2025-05-08,CF,0.15632731130483535
2025-05-08,I,0.020000000000572848
2025-05-08,HC,0.07070848065879191
2025-05-08,UR,0.02010573866644566
2025-05-08,RB,0.03123436415098786
2025-05-08,CU,0.02000000000057285
2025-05-08,V,0.04875499877482413
2025-05-08,JD,0.11454076160274822
2025-05-08,TL,0.4961556707821571
2025-05-08,ZN,0.022172674058063994
2025-05-08,AU,-0.16179402518652783
2025-05-08,IF,-0.02
2025-05-08,AG,-0.035862795603937694
2025-05-08,IC,-0.020000000000000004
2025-05-08,IM,-0.05635353305214009
2025-05-08,SC,-0.04958508436749633
2025-05-08,A,-0.26272675738888335
2025-05-08,NI,-0.09532347280453932
2025-05-08,FU,-0.0382314461380172
2025-05-08,M,-0.26012288545845813
2025-05-09,CF,0.10404243284591368
2025-05-09,I,0.07693404305591078
2025-05-09,CU,0.0907148369094663
2025-05-09,HC,0.09645930521914699
2025-05-09,UR,0.094299537405573
2025-05-09,ZN,0.09917964039078782
2025-05-09,RB,0.09581989616635071
2025-05-09,RM,0.13658588886507442
2025-05-09,AL,0.10294036873718321
2025-05-09,V,0.10302405040459321
2025-05-09,AU,-0.1784260785263017
2025-05-09,IC,-0.019999999999999997
2025-05-09,AG,-0.06975522495745316
2025-05-09,IM,-0.04248668580403798
2025-05-09,IF,-0.04075293854107273
2025-05-09,SC,-0.05682630147658786
2025-05-09,A,-0.26011795325281606
2025-05-09,SN,-0.019999999999999997
2025-05-09,FU,-0.0461435167098449
2025-05-09,M,-0.26549130073188554
2025-05-12,CF,0.10080257780262669
2025-05-12,I,0.02
2025-05-12,UR,0.024313767605406465
2025-05-12,HC,0.08965739723511033
2025-05-12,TL,0.38388074069579264
2025-05-12,TF,0.14653477680241034
2025-05-12,TS,0.11330151093437714
2025-05-12,RM,0.030267110207769003
2025-05-12,CU,0.020000000000000004
2025-05-12,JD,0.07124211871650733
2025-05-12,IC,-0.020000000000000004
2025-05-12,AU,-0.18459461612038822
2025-05-12,AG,-0.07205066202283347
2025-05-12,IM,-0.038734299716267864
2025-05-12,IF,-0.041395557456459973
2025-05-12,SC,-0.0564712928887905
2025-05-12,A,-0.25797072513661745
2025-05-12,SN,-0.02
2025-05-12,M,-0.2636709292339671
2025-05-12,FU,-0.045111917424675414
2025-05-13,CF,0.09768767210215283
2025-05-13,I,0.020000000000000007
2025-05-13,HC,0.06357691793263236
2025-05-13,UR,0.054938663841072044
2025-05-13,SR,0.11105929795698935
2025-05-13,JD,0.28957949079346246
2025-05-13,RB,0.06235791783973686
2025-05-13,TF,0.10609996635387263
2025-05-13,TS,0.10169372123015166
2025-05-13,ZN,0.09300635194992994
2025-05-13,AU,-0.1590181684343356
2025-05-13,AG,-0.05745194189818525
2025-05-13,IC,-0.020324133482547097
2025-05-13,IM,-0.03873062533187245
2025-05-13,SC,-0.05435264933741072
2025-05-13,IF,-0.03025080088703564
2025-05-13,SN,-0.02
2025-05-13,M,-0.22941264477315804
2025-05-13,A,-0.2271595910798452
2025-05-13,OI,-0.1632994447756101
2025-05-14,CF,0.08314797327737782
2025-05-14,UR,0.019999999999999997
2025-05-14,I,0.019999999999999997
2025-05-14,JD,0.06979146972180668
2025-05-14,HC,0.027672418588808513
2025-05-14,TF,0.14192459022426215
2025-05-14,TS,0.10892635338779176
2025-05-14,SR,0.13252683701514578
2025-05-14,CU,0.020000000000000004
2025-05-14,TL,0.3760103577848071
2025-05-14,IC,-0.020295682294806446
2025-05-14,AG,-0.06094865949067292
2025-05-14,AU,-0.18042890734338293
2025-05-14,IM,-0.0313966666180287
2025-05-14,SC,-0.07425160164695274
2025-05-14,SN,-0.020000000000000007
2025-05-14,IF,-0.024945178253028766
2025-05-14,M,-0.26506978614316046
2025-05-14,A,-0.26335400936156955
2025-05-14,TA,-0.059309508848397544
2025-05-15,I,0.020000000000000007
2025-05-15,CF,0.10545721359696165
2025-05-15,CU,0.02
2025-05-15,JD,0.2948290477486308
2025-05-15,UR,0.12251380873786777
2025-05-15,RM,0.0645285971979575
2025-05-15,HC,0.07914184229516506
2025-05-15,TF,0.11044886637054183
2025-05-15,RB,0.07615484962924973
2025-05-15,V,0.1069257744236257
2025-05-15,AU,-0.15588186116737224
2025-05-15,AG,-0.038822705626171516
2025-05-15,IM,-0.03746458099368584
2025-05-15,IC,-0.05254093005038726
2025-05-15,M,-0.2841451110614372
2025-05-15,IF,-0.029663782690733137
2025-05-15,SC,-0.05892853357474982
2025-05-15,SN,-0.02
2025-05-15,FU,-0.035558543075397
2025-05-15,A,-0.28699395176006604
2025-05-16,I,0.019999999999999997
2025-05-16,RM,0.1477145928539223
2025-05-16,CF,0.10532021603290233
2025-05-16,SR,0.12831504455308668
2025-05-16,RU,0.02
2025-05-16,UR,0.19847728139553603
2025-05-16,TF,0.10745143379346549
2025-05-16,CU,0.05654898197591827
2025-05-16,HC,0.09866290827917984
2025-05-16,V,0.11750954111598898
2025-05-16,AU,-0.15694575047150194
2025-05-16,AG,-0.05974494853249698
2025-05-16,IM,-0.02521658284060379
2025-05-16,IC,-0.022853664278219412
2025-05-16,M,-0.23967179460890664
2025-05-16,SN,-0.02
2025-05-16,IF,-0.03233009855199253
2025-05-16,A,-0.22931659166557486
2025-05-16,SC,-0.04473886025130736
2025-05-16,OI,-0.1691817087993965
2025-05-19,CF,0.10430592049495717
2025-05-19,RM,0.1576137615243374
2025-05-19,I,0.05232363615610282
2025-05-19,SR,0.1196894661164107
2025-05-19,UR,0.18196573213546147
2025-05-19,RU,0.02
2025-05-19,RB,0.09552712982210104
2025-05-19,CU,0.07203413142015733
2025-05-19,TF,0.10565147375983193
2025-05-19,ZN,0.0908887485706402
2025-05-19,AU,-0.1692832227314155
2025-05-19,AG,-0.04973992158373455
2025-05-19,IM,-0.029331808405829714
2025-05-19,IC,-0.03786274021272788
2025-05-19,SN,-0.020000000000000004
2025-05-19,M,-0.2810630706491061
2025-05-19,IF,-0.020000000000000004
2025-05-19,A,-0.2796717740511553
2025-05-19,SC,-0.0434532890816789
2025-05-19,TA,-0.06959417328435208
2025-05-20,I,0.05245672336676965
2025-05-20,RM,0.16029195621238065
2025-05-20,CF,0.1053829357443989
2025-05-20,ZN,0.09183652997698953
2025-05-20,CU,0.07203853104912548
2025-05-20,UR,0.17091822938502876
2025-05-20,RU,0.02
2025-05-20,RB,0.09441236722405356
2025-05-20,V,0.11355707815428191
2025-05-20,SR,0.11910564888697162
2025-05-20,AU,-0.16525619263371974
2025-05-20,AG,-0.04739295876997369
2025-05-20,M,-0.28083856828408943
2025-05-20,IC,-0.05236805911519542
2025-05-20,IM,-0.019999999999999997
2025-05-20,SC,-0.042150168363174124
2025-05-20,IF,-0.02
2025-05-20,SN,-0.019999999999999997
2025-05-20,A,-0.279798639924817
2025-05-20,TA,-0.0721954129090305
2025-05-21,I,0.04740693566021015
2025-05-21,RM,0.09842182843973488
2025-05-21,ZN,0.075960824444843
2025-05-21,CU,0.02
2025-05-21,UR,0.15007988953131537
2025-05-21,JD,0.32619755089152125
2025-05-21,HC,0.08523357213894169
2025-05-21,RU,0.02
2025-05-21,AL,0.10199168207780793
2025-05-21,MA,0.07470771681562581
2025-05-21,AU,-0.14603907679474887
2025-05-21,AG,-0.03244073439491327
2025-05-21,IC,-0.05259123779629522
2025-05-21,IM,-0.054353012640976556
2025-05-21,SC,-0.05213204016286271
2025-05-21,SN,-0.02
2025-05-21,IF,-0.022499888424340926
2025-05-21,M,-0.2925359390587882
2025-05-21,A,-0.2901093362566025
2025-05-21,FU,-0.03729873447047183
2025-05-22,I,0.04881312530896326
2025-05-22,RM,0.0998303731947481
2025-05-22,ZN,0.0748240210295613
2025-05-22,UR,0.15146850126298364
2025-05-22,CU,0.02
2025-05-22,RU,0.02
2025-05-22,MA,0.07090676169148342
2025-05-22,JD,0.32372072290698334
2025-05-22,AL,0.1016664655903897
2025-05-22,RB,0.08877002901488729
2025-05-22,AU,-0.18060121470644228
2025-05-22,AG,-0.06404896620644612
2025-05-22,SC,-0.02188482594563356
2025-05-22,IC,-0.021040617812691294
2025-05-22,SN,-0.02580286814166
2025-05-22,IM,-0.02820077408786059
2025-05-22,A,-0.26780216969542336
2025-05-22,M,-0.2819767610328375
2025-05-22,IF,-0.04552958364960517
2025-05-22,FU,-0.06311221872140033
2025-05-23,I,0.03793522560726239
2025-05-23,RM,0.10172523664933261
2025-05-23,ZN,0.07497836256429263
2025-05-23,UR,0.1657314670644079
2025-05-23,RU,0.03284373101383637
2025-05-23,CU,0.03494944869464243
2025-05-23,MA,0.07884142283880417
2025-05-23,CF,0.09537953124289034
2025-05-23,J,0.02
2025-05-23,JD,0.3576155743245311
2025-05-23,AU,-0.13090043824471442
2025-05-23,AG,-0.030671480493899565
2025-05-23,SC,-0.04149608189177956
2025-05-23,SN,-0.020000000000000004
2025-05-23,IC,-0.08014806286213956
2025-05-23,IM,-0.020000000000000004
2025-05-23,A,-0.24793674019129847
2025-05-23,M,-0.24586265165084437
2025-05-23,IF,-0.02284532191110296
2025-05-23,OI,-0.1601392227542211
2025-05-26,I,0.03623804218074765
2025-05-26,RM,0.08937015882676648
2025-05-26,CF,0.09786239536708641
2025-05-26,UR,0.15513580245253383
2025-05-26,RU,0.02
2025-05-26,ZN,0.08164189582775369
2025-05-26,CU,0.03969016184378647
2025-05-26,V,0.10335897796237252
2025-05-26,J,0.02
2025-05-26,JD,0.3567025655389529
2025-05-26,AG,-0.02739197591927737
2025-05-26,AU,-0.13965151344063426
2025-05-26,SC,-0.033259190800538616
2025-05-26,IC,-0.05914953892193295
2025-05-26,IM,-0.04423402688100796
2025-05-26,SN,-0.020000000000000004
2025-05-26,M,-0.2945782821673134
2025-05-26,IF,-0.020000000000000004
2025-05-26,A,-0.28675218654469614
2025-05-26,TA,-0.07498328532459939
2025-05-27,RM,0.17226262353664074
2025-05-27,I,0.028986850621679838
2025-05-27,CF,0.11708070921970658
2025-05-27,RU,0.02
2025-05-27,UR,0.20040486376872702
2025-05-27,CU,0.09266589213530108
2025-05-27,ZN,0.10895783066951602
2025-05-27,J,0.020000000000000004
2025-05-27,V,0.11483168927343355
2025-05-27,AL,0.12480954077499523
2025-05-27,AU,-0.1491860150159693
2025-05-27,AG,-0.0356130092571977
2025-05-27,SN,-0.02
2025-05-27,IM,-0.043657045362207964
2025-05-27,SC,-0.03910914435394275
2025-05-27,IC,-0.0446323297674141
2025-05-27,A,-0.2820846707111299
2025-05-27,IF,-0.02
2025-05-27,M,-0.2928825366015208
2025-05-27,TA,-0.07283524893061752
2025-05-28,I,0.049438870806125634
2025-05-28,RM,0.17613541441539407
2025-05-28,UR,0.17649797469384568
2025-05-28,CF,0.11446343892027044
2025-05-28,J,0.020000000000000004
2025-05-28,CU,0.09994514539310327
2025-05-28,V,0.11281342140473216
2025-05-28,RU,0.020000000000000004
2025-05-28,ZN,0.10807840450155916
2025-05-28,AL,0.12262732986496964
2025-05-28,AU,-0.14990688689157816
2025-05-28,AG,-0.02
2025-05-28,SN,-0.02
2025-05-28,SC,-0.04127765220793343
2025-05-28,IM,-0.04030440714807015
2025-05-28,IC,-0.02
2025-05-28,A,-0.2888215356104029
2025-05-28,IF,-0.052186235368404804
2025-05-28,M,-0.3032294992214402
2025-05-28,TA,-0.06427378355217038
2025-05-29,I,0.025778710303812853
2025-05-29,RM,0.09979419123836909
2025-05-29,UR,0.16532813818469
2025-05-29,J,0.02
2025-05-29,CU,0.061966464380793264
2025-05-29,SA,0.02
2025-05-29,RB,0.06552186147701494
2025-05-29,ZN,0.0859461904191528
2025-05-29,JD,0.3300444490818568
2025-05-29,AL,0.12561999491431025
2025-05-29,AU,-0.16876017075497657
2025-05-29,AG,-0.032166891418289434
2025-05-29,SC,-0.02
2025-05-29,IM,-0.02
2025-05-29,SN,-0.02
2025-05-29,IC,-0.05978379516511909
2025-05-29,IF,-0.02
2025-05-29,A,-0.27300613687309394
2025-05-29,M,-0.3021773636294081
2025-05-29,TA,-0.08410564215911294
2025-05-30,I,0.02
2025-05-30,RM,0.10958295788048718
2025-05-30,UR,0.17062752996008856
2025-05-30,CU,0.060619063563146613
2025-05-30,ZN,0.07716475294609366
2025-05-30,J,0.02
2025-05-30,RB,0.0615067648790329
2025-05-30,SA,0.02
2025-05-30,AL,0.12479979654340718
2025-05-30,JD,0.3356991342277439
2025-05-30,AU,-0.17089353412420272
2025-05-30,AG,-0.020000000000000004
2025-05-30,SC,-0.02000000000000001
2025-05-30,IM,-0.052319754597894785
2025-05-30,SN,-0.020000000000000004
2025-05-30,IC,-0.02477110767544658
2025-05-30,IF,-0.020000000000000007
2025-05-30,A,-0.2850615784324957
2025-05-30,M,-0.30934557379969785
2025-05-30,TA,-0.07760845137026252
2025-06-03,I,0.0294778309373281
2025-06-03,ZN,0.11259713700492084
2025-06-03,J,0.02
2025-06-03,UR,0.19963016508931775
2025-06-03,CU,0.11715199236258934
2025-06-03,RM,0.19099356478826285
2025-06-03,HC,0.08923873994283496
2025-06-03,AL,0.13072951783759756
2025-06-03,SA,0.020000000000000004
2025-06-03,MA,0.09018105203714849
2025-06-03,AU,-0.17236798175358406
2025-06-03,AG,-0.020000000000000004
2025-06-03,IM,-0.04660487131065635
2025-06-03,SC,-0.020000000000000004
2025-06-03,IC,-0.02626044893967055
2025-06-03,SN,-0.02
2025-06-03,IF,-0.020073024576572528
2025-06-03,A,-0.2826865951075864
2025-06-03,M,-0.30985589679306297
2025-06-03,TA,-0.0821511815188672
2025-06-04,I,0.0398963400023511
2025-06-04,ZN,0.06193391087275327
2025-06-04,CU,0.03894695060005108
2025-06-04,UR,0.1871793102119899
2025-06-04,RM,0.14428428539847418
2025-06-04,AL,0.10596093194756634
2025-06-04,HC,0.04994085629895396
2025-06-04,J,0.020000000000000004
2025-06-04,JD,0.30603799521167485
2025-06-04,MA,0.04581941945618541
2025-06-04,AU,-0.12651681327640316
2025-06-04,AG,-0.02
2025-06-04,IM,-0.024080983846203257
2025-06-04,IC,-0.029098113042585354
2025-06-04,SC,-0.021434545031041967
2025-06-04,SN,-0.02
2025-06-04,IF,-0.03911666591646084
2025-06-04,A,-0.30964972118066963
2025-06-04,TA,-0.07643408569681799
2025-06-04,M,-0.3336690720098178
2025-06-05,I,0.019999999999999997
2025-06-05,ZN,0.08562087872407163
2025-06-05,RM,0.11476691475314808
2025-06-05,CU,0.05946109606639584
2025-06-05,UR,0.14476101479594317
2025-06-05,J,0.019999999999999997
2025-06-05,AL,0.13247392356828652
2025-06-05,HC,0.052578397263799405
2025-06-05,JD,0.336647178281634
2025-06-05,MA,0.033690596546721324
2025-06-05,AU,-0.12187362754430162
2025-06-05,AG,-0.02
2025-06-05,SC,-0.022434755909646876
2025-06-05,IM,-0.02028972317826124
2025-06-05,IC,-0.05372509800913661
2025-06-05,SN,-0.02
2025-06-05,IF,-0.02000000000000001
2025-06-05,A,-0.31414179501208217
2025-06-05,TA,-0.07334366197428466
2025-06-05,M,-0.3341913383722869
2025-06-06,ZN,0.07501210588929506
2025-06-06,I,0.02
2025-06-06,CU,0.051282348652544836
2025-06-06,AL,0.12423219420976117
2025-06-06,UR,0.1434432985456635
2025-06-06,RM,0.11089024634751656
2025-06-06,J,0.02
2025-06-06,JD,0.34041980531638577
2025-06-06,HC,0.04344322631864618
2025-06-06,V,0.07127677472018695
2025-06-06,AU,-0.13542913466787843
2025-06-06,AG,-0.02
2025-06-06,SC,-0.020000000000000004
2025-06-06,IM,-0.020664843985386976
2025-06-06,IC,-0.02
2025-06-06,SN,-0.020000000000000004
2025-06-06,A,-0.30511005407719816
2025-06-06,IF,-0.05481892830836006
2025-06-06,M,-0.32459268630094723
2025-06-06,TA,-0.07938435266022908
2025-06-09,ZN,0.062392469565051574
2025-06-09,I,0.02
2025-06-09,AL,0.10398232767079034
2025-06-09,CU,0.047744002734970384
2025-06-09,UR,0.18153850315401732
2025-06-09,RM,0.17849130172571748
2025-06-09,JD,0.2826889918549374
2025-06-09,V,0.062336136999847476
2025-06-09,HC,0.04082626629466816
2025-06-09,J,0.020000000000000014
2025-06-09,AU,-0.12194544798795338
2025-06-09,AG,-0.020000000000000007
2025-06-09,SC,-0.026472494010577628
2025-06-09,IM,-0.020599015520102654
2025-06-09,IC,-0.05152862123897748
2025-06-09,SN,-0.020000000000000004
2025-06-09,A,-0.3156691266298956
2025-06-09,IF,-0.02
2025-06-09,M,-0.3348398405668784
2025-06-09,TA,-0.06894545404561495
2025-06-10,I,0.019999999999999997
2025-06-10,AL,0.11037699402530401
2025-06-10,CU,0.019999999999999997
2025-06-10,ZN,0.07799737884135183
2025-06-10,RM,0.14679187401521246
2025-06-10,UR,0.13716590597867337
2025-06-10,JD,0.30180356114688894
2025-06-10,HC,0.06985892803382268
2025-06-10,MA,0.03384961220039603
2025-06-10,V,0.08215574575835065
2025-06-10,AU,-0.020000000000000007
2025-06-10,AG,-0.020000000000000007
2025-06-10,IM,-0.023654722880628958
2025-06-10,SC,-0.023301334216462834
2025-06-10,IC,-0.05280493106609615
2025-06-10,A,-0.25037901243184074
2025-06-10,SN,-0.019999999999999997
2025-06-10,TL,-0.4999999999999999
2025-06-10,M,-0.06985999940497135
2025-06-10,JM,-0.020000000000000014
2025-06-11,ZN,0.07150355576038246
2025-06-11,CU,0.019999999999999997
2025-06-11,AL,0.0997099689156115
2025-06-11,I,0.019999999999999997
2025-06-11,RM,0.1403932673837122
2025-06-11,UR,0.13505232461570127
2025-06-11,JD,0.29138460450306897
2025-06-11,P,0.05192896236435956
2025-06-11,HC,0.07456369940882872
2025-06-11,V,0.09546361704833516
2025-06-11,AU,-0.21051910816443142
2025-06-11,AG,-0.02
2025-06-11,IM,-0.02
2025-06-11,IC,-0.02
2025-06-11,SC,-0.02000000000000003
2025-06-11,SN,-0.02
2025-06-11,IF,-0.020000000000000007
2025-06-11,CF,-0.08362036760753579
2025-06-11,TA,-0.0858605242280328
2025-06-11,M,-0.5
2025-06-12,AL,0.08772330095602252
2025-06-12,I,0.03624338986168975
2025-06-12,RM,0.19486882620894685
2025-06-12,ZN,0.06794435433253203
2025-06-12,CU,0.02
2025-06-12,UR,0.1701729234797168
2025-06-12,JD,0.251318887157638
2025-06-12,HC,0.06999361398891236
2025-06-12,MA,0.04750304173946237
2025-06-12,P,0.05423166227507944
2025-06-12,AU,-0.20973867430948212
2025-06-12,AG,-0.02
2025-06-12,SC,-0.03868976072693782
2025-06-12,IM,-0.020000000000000004
2025-06-12,IC,-0.020000000000000004
2025-06-12,SN,-0.020000000000000004
2025-06-12,IF,-0.020000000000000007
2025-06-12,M,-0.5
2025-06-12,CF,-0.07432609866362742
2025-06-12,JM,-0.07724546629995267
2025-06-13,I,0.02
2025-06-13,RM,0.21425831523894157
2025-06-13,CU,0.05396646510701539
2025-06-13,UR,0.1881137681198522
2025-06-13,ZN,0.06974668647057253
2025-06-13,MA,0.0324160976759185
2025-06-13,J,0.019999999999999997
2025-06-13,AL,0.10240647978634833
2025-06-13,HC,0.04585847901638693
2025-06-13,JD,0.25323370858496447
2025-06-13,AU,-0.3628934164580798
2025-06-13,AG,-0.15665235423855384
2025-06-13,IM,-0.020000000000000007
2025-06-13,IC,-0.02
2025-06-13,SC,-0.02
2025-06-13,IF,-0.07876717775330061
2025-06-13,SN,-0.06200211525892854
2025-06-13,JM,-0.14389216376059139
2025-06-13,CF,-0.1092532812182033
2025-06-13,TA,-0.026539491312342418
2025-06-16,CU,0.06519898267554783
2025-06-16,ZN,0.0910694932133351
2025-06-16,RM,0.17298701163920688
2025-06-16,I,0.02
2025-06-16,UR,0.12868678710845138
2025-06-16,AL,0.1317606084201262
2025-06-16,HC,0.048122962137324025
2025-06-16,MA,0.020000000000000004
2025-06-16,J,0.02
2025-06-16,JD,0.30217415480600857
2025-06-16,AU,-0.20058837447286804
2025-06-16,SC,-0.02
2025-06-16,AG,-0.029734866325474302
2025-06-16,IM,-0.02091433856202239
2025-06-16,IC,-0.02
2025-06-16,IF,-0.023349586404819066
2025-06-16,SN,-0.020000000000000014
2025-06-16,JM,-0.08725834285873303
2025-06-16,M,-0.49999999999999994
2025-06-16,CF,-0.0781544913760832
2025-06-17,CU,0.08550095222289769
2025-06-17,I,0.02000000000000001
2025-06-17,ZN,0.09448429161921608
2025-06-17,RM,0.23803288625997854
2025-06-17,MA,0.0462217039596198
2025-06-17,UR,0.14334130337063744
2025-06-17,HC,0.06648969551771353
2025-06-17,AL,0.11092822463656796
2025-06-17,J,0.020000000000000004
2025-06-17,LH,0.17500094241336897
2025-06-17,AU,-0.12118357244583211
2025-06-17,SC,-0.020000000000000004
2025-06-17,AG,-0.02
2025-06-17,IM,-0.020000000000000018
2025-06-17,IC,-0.02
2025-06-17,SN,-0.02
2025-06-17,T,-0.09968330131035952
2025-06-17,JM,-0.05899349182743911
2025-06-17,OI,-0.17661440418776522
2025-06-17,M,-0.44352523022860413
2025-06-18,CU,0.049303746809001514
2025-06-18,I,0.03040333139181182
2025-06-18,RM,0.21115024327933596
2025-06-18,ZN,0.08139533492447469
2025-06-18,HC,0.07556664709136207
2025-06-18,MA,0.026797465923185316
2025-06-18,LH,0.17989654399879174
2025-06-18,AL,0.09362038581565779
2025-06-18,UR,0.1359752721088253
2025-06-18,SR,0.11589102865755396
2025-06-18,AU,-0.3935996361945075
2025-06-18,AG,-0.020000000000000066
2025-06-18,SC,-0.020000000000000035
2025-06-18,IM,-0.02
2025-06-18,IC,-0.020000000000000007
2025-06-18,T,-0.11071351313089409
2025-06-18,SN,-0.02
2025-06-18,OI,-0.24525264037989478
2025-06-18,JM,-0.13043421029470356
2025-06-18,TA,-0.02
2025-06-19,CU,0.029296426358551123
2025-06-19,RM,0.11200132145907328
2025-06-19,ZN,0.08708393269743823
2025-06-19,I,0.024794131146063894
2025-06-19,AL,0.09868954012181308
2025-06-19,HC,0.08022585829096836
2025-06-19,UR,0.10766641849553678
2025-06-19,LH,0.20613889658973142
2025-06-19,MA,0.02
2025-06-19,JD,0.23410347484082375
2025-06-19,AU,-0.08959687545599494
2025-06-19,AG,-0.020000000000000004
2025-06-19,SC,-0.02
2025-06-19,IM,-0.034423578331293066
2025-06-19,IC,-0.020000000000000004
2025-06-19,TL,-0.20313420938567708
2025-06-19,JM,-0.04088110426360382
2025-06-19,FU,-0.02000000000000001
2025-06-19,M,-0.4475812499956987
2025-06-19,OI,-0.10438298256773244
2025-06-20,CU,0.02995671149132288
2025-06-20,ZN,0.08751681777137557
2025-06-20,RM,0.10910496394974616
2025-06-20,I,0.02879538759873604
2025-06-20,AL,0.09600543218648672
2025-06-20,HC,0.08289487544098038
2025-06-20,LH,0.2099333913324374
2025-06-20,UR,0.10174870372358497
2025-06-20,MA,0.02
2025-06-20,JD,0.2340437165053299
2025-06-20,AU,-0.11085066117104085
2025-06-20,SC,-0.02
2025-06-20,AG,-0.020000000000000004
2025-06-20,IM,-0.04455209901691273
2025-06-20,IC,-0.020000000000000004
2025-06-20,TL,-0.2119191923796037
2025-06-20,JM,-0.040962311773696594
2025-06-20,FU,-0.020000000000000004
2025-06-20,M,-0.48449872869589006
2025-06-20,RU,-0.027217006962856102
2025-06-23,CU,0.03735198348267522
2025-06-23,ZN,0.07433951839278137
2025-06-23,RM,0.17663286302621786
2025-06-23,AL,0.09232930089349468
2025-06-23,I,0.04200576621407059
2025-06-23,HC,0.08545951527384152
2025-06-23,JD,0.22596948038463124
2025-06-23,UR,0.12562042431362158
2025-06-23,P,0.03711564159087176
2025-06-23,V,0.1031755064277941
2025-06-23,AU,-0.18819087909196
2025-06-23,SC,-0.020000000000000004
2025-06-23,AG,-0.02
2025-06-23,IM,-0.02
2025-06-23,IC,-0.02000000000000001
2025-06-23,IF,-0.04711776078964812
2025-06-23,FU,-0.02
2025-06-23,JM,-0.02
2025-06-23,M,-0.4774586637745101
2025-06-23,SA,-0.16723269634388185
2025-06-24,CU,0.0629414422724997
2025-06-24,ZN,0.08419433086110242
2025-06-24,RM,0.11026730537479337
2025-06-24,AL,0.10789420806750545
2025-06-24,I,0.020000000000000007
2025-06-24,UR,0.09725706611438932
2025-06-24,J,0.020000000000000004
2025-06-24,JD,0.2265797540327
2025-06-24,HC,0.07111935269620374
2025-06-24,LH,0.19974654058080601
2025-06-24,AU,-0.21205166296172834
2025-06-24,SC,-0.020000000000000004
2025-06-24,AG,-0.02
2025-06-24,IM,-0.05386287824800039
2025-06-24,IC,-0.04564339984244166
2025-06-24,IF,-0.02764336309683928
2025-06-24,FU,-0.02000000000000003
2025-06-24,SN,-0.02
2025-06-24,JM,-0.08079869585099027
2025-06-24,M,-0.5
2025-06-25,CU,0.04511560155924161
2025-06-25,RM,0.15872953210166918
2025-06-25,ZN,0.0860995073769798
2025-06-25,AL,0.0869366786085069
2025-06-25,UR,0.12685687625157213
2025-06-25,I,0.033291048495931654
2025-06-25,JD,0.19558931410904934
2025-06-25,V,0.0741939043350727
2025-06-25,MA,0.019999999999999997
2025-06-25,LH,0.17318753716197655
2025-06-25,AU,-0.13918371941971777
2025-06-25,AG,-0.020000000000000004
2025-06-25,SC,-0.02
2025-06-25,IM,-0.020000000000000073
2025-06-25,IC,-0.06924309285594543
2025-06-25,IF,-0.13203827818884598
2025-06-25,FU,-0.02
2025-06-25,JM,-0.05953490953549072
2025-06-25,SN,-0.020000000000000063
2025-06-25,A,-0.49999999999999994
2025-06-26,CU,0.03295019259340159
2025-06-26,ZN,0.09853692178055205
2025-06-26,RM,0.1078147799380087
2025-06-26,AL,0.09101044747421069
2025-06-26,UR,0.09364842968453628
2025-06-26,I,0.04043489857491966
2025-06-26,JD,0.22652428339235872
2025-06-26,LH,0.21001347171907261
2025-06-26,MA,0.02
2025-06-26,HC,0.07906657484293975
2025-06-26,AU,-0.3348589334828166
2025-06-26,SC,-0.020000000000000004
2025-06-26,AG,-0.12773349800777958
2025-06-26,IM,-0.020000000000000004
2025-06-26,IC,-0.06232014190137917
2025-06-26,IF,-0.10215468156431326
2025-06-26,JM,-0.07260748149028697
2025-06-26,FU,-0.020000000000000004
2025-06-26,SN,-0.04054658952772253
2025-06-26,SA,-0.19977867402570193
2025-06-27,CU,0.03617518910300695
2025-06-27,ZN,0.09937316817386568
2025-06-27,RM,0.11029623360458975
2025-06-27,UR,0.09009904315019988
2025-06-27,I,0.03462007939779368
2025-06-27,LH,0.2072255540218673
2025-06-27,AL,0.09216687113761204
2025-06-27,MA,0.020000000000000014
2025-06-27,JD,0.2324919250727592
2025-06-27,HC,0.07755193633830551
2025-06-27,AU,-0.3452836070484913
2025-06-27,SC,-0.020000000000000018
2025-06-27,AG,-0.13455457242949045
2025-06-27,IM,-0.03343702381420832
2025-06-27,IC,-0.08237440903417854
2025-06-27,IF,-0.11556611882945243
2025-06-27,JM,-0.08506768839307685
2025-06-27,FU,-0.020000000000000004
2025-06-27,SN,-0.04466165541177339
2025-06-27,J,-0.11905492503932869
2025-06-30,RM,0.09702894898304756
2025-06-30,CU,0.03727030713125399
2025-06-30,UR,0.09273283696529133
2025-06-30,I,0.03648689084123724
2025-06-30,ZN,0.10519803820565506
2025-06-30,AL,0.09321057316402295
2025-06-30,LH,0.20885468442821614
2025-06-30,JD,0.24005953200739064
2025-06-30,MA,0.019999999999999997
2025-06-30,V,0.069158188273885
2025-06-30,AU,-0.3966639780874283
2025-06-30,AG,-0.02
2025-06-30,SC,-0.02
2025-06-30,IC,-0.021878011349822372
2025-06-30,IM,-0.04862659578092188
2025-06-30,IF,-0.11032958787408198
2025-06-30,JM,-0.029535767172065176
2025-06-30,SN,-0.03696503411771097
2025-06-30,SA,-0.28882854610113384
2025-06-30,J,-0.027172479516835463
2025-07-01,CU,0.024773586026569615
2025-07-01,RM,0.07235535657978234
2025-07-01,UR,0.09137463994295555
2025-07-01,LH,0.18606068312179724
2025-07-01,I,0.03820458978517
2025-07-01,JD,0.23188396864838087
2025-07-01,ZN,0.07639637227587187
2025-07-01,AL,0.08736287873864981
2025-07-01,V,0.09047434232993988
2025-07-01,TS,0.1011135825508828
2025-07-01,AU,-0.3700162928475775
2025-07-01,AG,-0.020000000000000052
2025-07-01,SC,-0.020000000000000018
2025-07-01,IC,-0.020000000000000014
2025-07-01,IM,-0.03356848438348463
2025-07-01,IF,-0.07799876780763555
2025-07-01,JM,-0.020000000000000004
2025-07-01,SN,-0.020000000000000014
2025-07-01,RB,-0.13438773528591227
2025-07-01,SA,-0.28402871967539
2025-07-02,CU,0.033335419999931254
2025-07-02,RM,0.07504155662126456
2025-07-02,UR,0.09124119948806479
2025-07-02,LH,0.18422299508714549
2025-07-02,V,0.07911572723591788
2025-07-02,I,0.02982962816034848
2025-07-02,JD,0.2333545539805034
2025-07-02,AL,0.0907820842403359
2025-07-02,ZN,0.08196181407365383
2025-07-02,TS,0.10111502111283431
2025-07-02,AU,-0.1819775307588641
2025-07-02,AG,-0.02
2025-07-02,SC,-0.020000000000000004
2025-07-02,IF,-0.05924913839872476
2025-07-02,IC,-0.02105108233260531
2025-07-02,IM,-0.024370371720305595
2025-07-02,JM,-0.02
2025-07-02,SN,-0.02
2025-07-02,M,-0.5
2025-07-02,SA,-0.1333518767895003
2025-07-03,CU,0.03437332885200646
2025-07-03,V,0.08026435911932284
2025-07-03,TS,0.10128425769246924
2025-07-03,UR,0.09020645165208643
2025-07-03,RM,0.06883768076110532
2025-07-03,I,0.025220418797903772
2025-07-03,JD,0.23406222465732893
2025-07-03,AL,0.09317254643753463
2025-07-03,LH,0.1889315259709701
2025-07-03,ZN,0.0836472060592723
2025-07-03,AG,-0.02
2025-07-03,AU,-0.18106765168124717
2025-07-03,IC,-0.02417737812032482
2025-07-03,IM,-0.021141562321440092
2025-07-03,SC,-0.02
2025-07-03,IF,-0.05881559773192225
2025-07-03,SN,-0.020000000000000004
2025-07-03,JM,-0.02
2025-07-03,SA,-0.1347978101450657
2025-07-03,M,-0.5
2025-07-04,CU,0.11191000022283935
2025-07-04,V,0.07665960427103022
2025-07-04,TS,0.09838790745679175
2025-07-04,UR,0.08363422921967452
2025-07-04,JD,0.21341313597586287
2025-07-04,AL,0.11935150532351946
2025-07-04,RM,0.0647526993423821
2025-07-04,I,0.02719331122032967
2025-07-04,RU,0.02
2025-07-04,LH,0.18469760696757007
2025-07-04,AG,-0.07667173072350827
2025-07-04,AU,-0.13445615750860024
2025-07-04,IC,-0.20111258484017389
2025-07-04,IF,-0.2189858522590252
2025-07-04,SC,-0.020000000000000004
2025-07-04,IM,-0.16230729258271262
2025-07-04,SN,-0.05375931265271287
2025-07-04,SA,-0.032101125075171426
2025-07-04,HC,-0.0806059443580955
2025-07-04,JM,-0.02
2025-07-07,CU,0.07637903622612924
2025-07-07,V,0.08143494475575383
2025-07-07,JD,0.23158618850232154
2025-07-07,UR,0.0970599492482606
2025-07-07,AL,0.10936167578931667
2025-07-07,RM,0.2057030354160691
2025-07-07,P,0.05915116275013672
2025-07-07,I,0.04179104249649823
2025-07-07,RU,0.020000000000000007
2025-07-07,ZN,0.07753296481551408
2025-07-07,AG,-0.020000000000000007
2025-07-07,AU,-0.09759946601748383
2025-07-07,SC,-0.02
2025-07-07,IC,-0.12771009418559712
2025-07-07,IF,-0.17990143490916363
2025-07-07,IM,-0.056055332100758234
2025-07-07,SN,-0.020000000000000004
2025-07-07,M,-0.31793270796248724
2025-07-07,HC,-0.14080096482451007
2025-07-07,SA,-0.02
2025-07-08,CU,0.1249126479068998
2025-07-08,V,0.08234309809829936
2025-07-08,UR,0.08002812005641118
2025-07-08,AL,0.142645079906759
2025-07-08,I,0.020000000000000014
2025-07-08,JD,0.22437391520925334
2025-07-08,RM,0.17557900737819052
2025-07-08,P,0.030822805184538882
2025-07-08,TS,0.09929532625964785
2025-07-08,RU,0.02
2025-07-08,AG,-0.020000000000000004
2025-07-08,AU,-0.10257624400542423
2025-07-08,IC,-0.13605897699838512
2025-07-08,IF,-0.18547152625518246
2025-07-08,SC,-0.020000000000000004
2025-07-08,IM,-0.07037064728753699
2025-07-08,SN,-0.020000000000000004
2025-07-08,SA,-0.020000000000000004
2025-07-08,M,-0.40552260545347124
2025-07-08,JM,-0.02000000000000001
2025-07-09,CU,0.1300764421814097
2025-07-09,AL,0.12507795025294485
2025-07-09,UR,0.08145498674987352
2025-07-09,I,0.02000000000000001
2025-07-09,JD,0.17479840986712197
2025-07-09,V,0.0560759486528389
2025-07-09,RM,0.13391813986010528
2025-07-09,LH,0.14678781529706672
2025-07-09,ZN,0.11181030713863903
2025-07-09,RU,0.020000000000000004
2025-07-09,AG,-0.032682270026585226
2025-07-09,AU,-0.11504543401964408
2025-07-09,SC,-0.02
2025-07-09,IF,-0.16978301009325206
2025-07-09,IM,-0.17805704672157904
2025-07-09,IC,-0.16976924406581237
2025-07-09,SN,-0.04077411411808049
2025-07-09,JM,-0.02
2025-07-09,OI,-0.12711112771143804
2025-07-09,CF,-0.12677775324360874
2025-07-10,CU,0.1644919231300429
2025-07-10,UR,0.0687334095743141
2025-07-10,JD,0.17351755824490173
2025-07-10,AL,0.13855809833258836
2025-07-10,I,0.02
2025-07-10,V,0.03586799430747924
2025-07-10,LH,0.1508049031900569
2025-07-10,ZN,0.12808000893089133
2025-07-10,P,0.02
2025-07-10,TS,0.09994610428972545
2025-07-10,AG,-0.03179038636060142
2025-07-10,AU,-0.13552106779471831
2025-07-10,IC,-0.16986673369271268
2025-07-10,IF,-0.17080513791705224
2025-07-10,SC,-0.020000000000000007
2025-07-10,IM,-0.16302322009908582
2025-07-10,SN,-0.02
2025-07-10,M,-0.19408087856267792
2025-07-10,JM,-0.02
2025-07-10,HC,-0.07491257557315159
2025-07-11,CU,0.16795135318088367
2025-07-11,JD,0.20185817709680462
2025-07-11,AL,0.14987490093599395
2025-07-11,UR,0.07639421420321331
2025-07-11,V,0.03062860061987901
2025-07-11,I,0.019999999999999997
2025-07-11,ZN,0.1379664375859274
2025-07-11,P,0.02
2025-07-11,LH,0.17532631637729792
2025-07-11,RU,0.020000000000000007
2025-07-11,AG,-0.020000000000000014
2025-07-11,AU,-0.10580987177660366
2025-07-11,IC,-0.25542495356733436
2025-07-11,IF,-0.22783462667176002
2025-07-11,T,-0.057930456608012174
2025-07-11,SC,-0.020000000000000004
2025-07-11,SN,-0.020000000000000028
2025-07-11,M,-0.23156814472002782
2025-07-11,HC,-0.04143194665626191
2025-07-11,JM,-0.020000000000000007
2025-07-14,CU,0.16019613534355806
2025-07-14,AL,0.1458339178165887
2025-07-14,JD,0.17455494186478945
2025-07-14,V,0.02940995105807563
2025-07-14,I,0.02
2025-07-14,UR,0.06744904381929157
2025-07-14,P,0.02
2025-07-14,ZN,0.13122024286946124
2025-07-14,LH,0.1511579616180933
2025-07-14,TS,0.10017780561014207
2025-07-14,AU,-0.08001138520368388
2025-07-14,AG,-0.02
2025-07-14,IC,-0.26605475898587605
2025-07-14,IF,-0.23914226246970124
2025-07-14,T,-0.07344538426091193
2025-07-14,SC,-0.02
2025-07-14,SN,-0.02
2025-07-14,SA,-0.020000000000000007
2025-07-14,M,-0.23772269381480993
2025-07-14,TA,-0.023623515265016905
2025-07-15,JD,0.16761667306361236
2025-07-15,CU,0.1653947751849458
2025-07-15,V,0.021615832606386234
2025-07-15,AL,0.14934467698075676
2025-07-15,I,0.02000000000000003
2025-07-15,UR,0.061665578086713864
2025-07-15,LH,0.15698381228357122
2025-07-15,P,0.020000000000000004
2025-07-15,ZN,0.13730414118604659
2025-07-15,TS,0.10007451060796736
2025-07-15,AU,-0.1176134819907191
2025-07-15,AG,-0.02
2025-07-15,IC,-0.16656665158523964
2025-07-15,IF,-0.1909618493141754
2025-07-15,IM,-0.12311134562484013
2025-07-15,SN,-0.02
2025-07-15,SC,-0.020000000000000007
2025-07-15,TA,-0.04411052399503655
2025-07-15,SA,-0.02802330608758304
2025-07-15,M,-0.26961284140240616
2025-07-16,I,0.01999999999999999
2025-07-16,JD,0.23443939387455928
2025-07-16,AL,0.14782869751966307
2025-07-16,UR,0.05737262469479329
2025-07-16,V,0.020000000000000125
2025-07-16,SR,0.10689911929644781
2025-07-16,CU,0.14904192015006304
2025-07-16,LH,0.15572094507038756
2025-07-16,TS,0.08869729939408595
2025-07-16,J,0.01999999999999999
2025-07-16,AG,-0.020000000000000018
2025-07-16,AU,-0.13845124882916426
2025-07-16,IC,-0.15183060218501132
2025-07-16,IF,-0.1683312833500483
2025-07-16,IM,-0.12649535937478856
2025-07-16,SN,-0.020000000000000004
2025-07-16,SC,-0.020000000000000004
2025-07-16,HC,-0.12186225552786288
2025-07-16,SA,-0.02025237269101692
2025-07-16,M,-0.21277687804210793
2025-07-17,JD,0.23382516265240505
2025-07-17,AL,0.14935956742530038
2025-07-17,I,0.02
2025-07-17,UR,0.05866383888409984
2025-07-17,SR,0.10531560716101235
2025-07-17,LH,0.1537925370275828
2025-07-17,V,0.02000000000000009
2025-07-17,TS,0.08873689248136586
2025-07-17,J,0.02
2025-07-17,CU,0.15030639436823356
2025-07-17,AG,-0.07293557347031916
2025-07-17,AU,-0.11497092321515126
2025-07-17,IF,-0.1496450153266976
2025-07-17,IC,-0.15019903548411442
2025-07-17,IM,-0.14790117535208858
2025-07-17,SN,-0.07793379976158682
2025-07-17,HC,-0.11606744406895625
2025-07-17,SC,-0.02
2025-07-17,SA,-0.020000000000000007
2025-07-17,CF,-0.13034703332108585
2025-07-18,AL,0.15121147369607169
2025-07-18,JD,0.23382443625918603
2025-07-18,UR,0.054976510111294265
2025-07-18,I,0.02000000000000002
2025-07-18,SR,0.10294327345225208
2025-07-18,V,0.02000000000000007
2025-07-18,LH,0.15676753449194364
2025-07-18,TS,0.08873932406484585
2025-07-18,J,0.019999999999999997
2025-07-18,CU,0.15153744792440635
2025-07-18,AG,-0.020000000000000004
2025-07-18,AU,-0.15447434137824131
2025-07-18,IF,-0.17798680998935257
2025-07-18,IC,-0.16832855109299905
2025-07-18,IM,-0.15260336942019265
2025-07-18,SN,-0.035186746496033934
2025-07-18,SC,-0.02
2025-07-18,SA,-0.020000000000000004
2025-07-18,HC,-0.10808710443527138
2025-07-18,CF,-0.1433330771879092
2025-07-21,JD,0.29597753560391843
2025-07-21,I,0.020000000000000014
2025-07-21,UR,0.05168444820190168
2025-07-21,SR,0.11835629312641205
2025-07-21,AL,0.17466659364501028
2025-07-21,V,0.01999999999999999
2025-07-21,LH,0.20314632971101845
2025-07-21,TS,0.07616879971173915
2025-07-21,FU,0.01999999999999999
2025-07-21,J,0.01999999999999999
2025-07-21,AU,-0.12647585515021886
2025-07-21,AG,-0.05761969609817877
2025-07-21,IM,-0.17404022689525883
2025-07-21,IF,-0.16381250038431924
2025-07-21,IC,-0.171202487422963
2025-07-21,SN,-0.06099091087244298
2025-07-21,HC,-0.07502056979519194
2025-07-21,CF,-0.13083775338142636
2025-07-21,SC,-0.02
2025-07-21,SA,-0.02
2025-07-22,JD,0.3251343396597686
2025-07-22,UR,0.026694625537203726
2025-07-22,SR,0.12855037115738055
2025-07-22,I,0.020000000000000094
2025-07-22,AL,0.18684226885474872
2025-07-22,V,0.01999999999999998
2025-07-22,LH,0.18018704778555308
2025-07-22,TS,0.07259134700534518
2025-07-22,J,0.01999999999999998
2025-07-22,FU,0.01999999999999998
2025-07-22,AU,-0.11918799840559738
2025-07-22,AG,-0.12515249495391986
2025-07-22,IF,-0.125886901574453
2025-07-22,IM,-0.14276169298428606
2025-07-22,IC,-0.13520802105268295
2025-07-22,SN,-0.10690252198170287
2025-07-22,HC,-0.09221435275260267
2025-07-22,CF,-0.11268601629475516
2025-07-22,SA,-0.020000000000000004
2025-07-22,SC,-0.020000000000000007
2025-07-23,JD,0.24319108505278245
2025-07-23,SR,0.1160786974770974
2025-07-23,I,0.020000000000000004
2025-07-23,UR,0.03303883560277129
2025-07-23,AL,0.17671008165882562
2025-07-23,V,0.020000000000000007
2025-07-23,LH,0.15755114106404708
2025-07-23,FU,0.020000000000000084
2025-07-23,J,0.020000000000000004
2025-07-23,CU,0.19343015914447617
2025-07-23,AU,-0.10198920630136334
2025-07-23,AG,-0.1045295306873654
2025-07-23,IF,-0.11250529392851828
2025-07-23,IC,-0.11562222550893682
2025-07-23,IM,-0.11796863678424933
2025-07-23,SN,-0.1065454471070288
2025-07-23,HC,-0.1079395048032159
2025-07-23,CF,-0.1057326154636199
2025-07-23,SC,-0.02000000000000001
2025-07-23,RB,-0.10716753941570233
2025-07-24,JD,0.2729602516601531
2025-07-24,I,0.01999999999999998
2025-07-24,UR,0.01999999999999998
2025-07-24,SR,0.11090623534347867
2025-07-24,LH,0.16886590723986528
2025-07-24,AL,0.1743758061743626
2025-07-24,J,0.020000000000000358
2025-07-24,V,0.020000000000000743
2025-07-24,RU,0.01999999999999998
2025-07-24,CU,0.1728917995821393
2025-07-24,AU,-0.09453624991368367
2025-07-24,AG,-0.02990410759291203
2025-07-24,IH,-0.16445855493640543
2025-07-24,IF,-0.1757030081943696
2025-07-24,SN,-0.03230923731370608
2025-07-24,IM,-0.18111023012717864
2025-07-24,HC,-0.09107182175464451
2025-07-24,SC,-0.02
2025-07-24,CF,-0.12732995985143292
2025-07-24,RB,-0.08357683031566707
2025-07-25,I,0.019999999999999983
2025-07-25,JD,0.272120055250683
2025-07-25,UR,0.019999999999999983
2025-07-25,SR,0.10627317017501302
2025-07-25,LH,0.16656055628417193
2025-07-25,AL,0.17307168153785554
2025-07-25,V,0.019999999999999983
2025-07-25,J,0.019999999999999983
2025-07-25,RU,0.020000000000000028
2025-07-25,CU,0.18197453675227643
2025-07-25,AU,-0.08698490504714099
2025-07-25,AG,-0.020000000000000004
2025-07-25,IF,-0.2010882701185915
2025-07-25,IC,-0.2046160372874994
2025-07-25,IH,-0.18426213223377574
2025-07-25,SN,-0.02317270956809192
2025-07-25,HC,-0.07148058970650853
2025-07-25,SC,-0.02
2025-07-25,CF,-0.12926343154797384
2025-07-25,RB,-0.059131924490418035
2025-07-28,JD,0.5000000000000004
2025-07-28,I,0.020000000000000014
2025-07-28,UR,0.020000000000000014
2025-07-28,SR,0.04626432674349338
2025-07-28,LH,0.1217182201567701
2025-07-28,V,0.02000000000000069
2025-07-28,RU,0.020000000000000275
2025-07-28,AL,0.20400695462760254
2025-07-28,J,0.020000000000000306
2025-07-28,TS,0.02801049847213223
2025-07-28,AU,-0.1804381989231694
2025-07-28,AG,-0.020000000000000098
2025-07-28,IF,-0.22109220149025216
2025-07-28,IH,-0.20401470595308616
2025-07-28,IC,-0.21023573498788278
2025-07-28,SN,-0.020000000000000635
2025-07-28,HC,-0.020000000000000667
2025-07-28,SC,-0.019999999999999997
2025-07-28,CF,-0.08421915864560826
2025-07-28,JM,-0.019999999999999997
2025-07-29,JD,0.4999999999999753
2025-07-29,I,0.020000000000008906
2025-07-29,UR,0.020000000000003026
2025-07-29,SR,0.020000000000010062
2025-07-29,LH,0.1433399675598476
2025-07-29,V,0.019999999999999744
2025-07-29,MA,0.019999999999999744
2025-07-29,AL,0.21423518319038254
2025-07-29,J,0.019999999999999744
2025-07-29,TS,0.022424849249773227
2025-07-29,AU,-0.18063723829527104
2025-07-29,AG,-0.02000000000000001
2025-07-29,IF,-0.29634809086255864
2025-07-29,IH,-0.27276098713691244
2025-07-29,SN,-0.04155991210114219
2025-07-29,T,-0.07496115591045925
2025-07-29,HC,-0.02
2025-07-29,SC,-0.020000000000000004
2025-07-29,A,-0.0537326156936565
2025-07-29,RB,-0.02
2025-07-30,JD,0.49999999999996514
2025-07-30,I,0.020000000000012935
2025-07-30,UR,0.019999999999999605
2025-07-30,SR,0.020000000000013233
2025-07-30,LH,0.0984668307834535
2025-07-30,RU,0.019999999999999605
2025-07-30,AL,0.1798700373035962
2025-07-30,MA,0.019999999999999605
2025-07-30,J,0.019999999999999605
2025-07-30,TF,0.10166313191296054
2025-07-30,AU,-0.3510356950967986
2025-07-30,AG,-0.02000000000000029
2025-07-30,IF,-0.24576607010053367
2025-07-30,IH,-0.2631982348026672
2025-07-30,SN,-0.01999999999999998
2025-07-30,T,-0.01999999999999998
2025-07-30,SC,-0.02000000000000013
2025-07-30,HC,-0.01999999999999998
2025-07-30,A,-0.01999999999999998
2025-07-30,JM,-0.020000000000000014
2025-07-31,JD,0.29154994803174056
2025-07-31,UR,0.020000000000001506
2025-07-31,I,0.019999999999999928
2025-07-31,SR,0.10530658584579007
2025-07-31,LH,0.1415542088422734
2025-07-31,AL,0.17328203507222747
2025-07-31,MA,0.01999999999999986
2025-07-31,RU,0.01999999999999986
2025-07-31,J,0.01999999999999986
2025-07-31,ZN,0.18830722220796742
2025-07-31,AU,-0.3082652163458604
2025-07-31,AG,-0.01999999999999998
2025-07-31,IF,-0.17695093972690146
2025-07-31,IH,-0.1775138563711883
2025-07-31,IM,-0.21726998755604396
2025-07-31,SN,-0.020000000000002807
2025-07-31,SC,-0.01999999999999998
2025-07-31,A,-0.020000000000002186
2025-07-31,JM,-0.01999999999999998
2025-07-31,HC,-0.02000000000000109
2025-08-01,JD,0.2917737556765137
2025-08-01,UR,0.0200000000000016
2025-08-01,I,0.01999999999999999
2025-08-01,LH,0.14217334387662617
2025-08-01,SR,0.10946596977462021
2025-08-01,AL,0.17016012272068193
2025-08-01,MA,0.020000000000000757
2025-08-01,J,0.019999999999999987
2025-08-01,RU,0.02000000000000344
2025-08-01,ZN,0.1864268079515522
2025-08-01,AU,-0.359455517746861
2025-08-01,AG,-0.01999999999999981
2025-08-01,IF,-0.18874797099514115
2025-08-01,IH,-0.1763486564528153
2025-08-01,IC,-0.15544785480518028
2025-08-01,SN,-0.019999999999999806
2025-08-01,SC,-0.020000000000002238
2025-08-01,RB,-0.019999999999999806
2025-08-01,JM,-0.02000000000000095
2025-08-01,HC,-0.019999999999999806
2025-08-04,JD,0.4999999999999996
2025-08-04,UR,0.020000000000000014
2025-08-04,SR,0.07081727020928892
2025-08-04,I,0.02000000000000028
2025-08-04,LH,0.1775177142627625
2025-08-04,MA,0.019999999999999997
2025-08-04,AL,0.125589513073168
2025-08-04,RU,0.019999999999999997
2025-08-04,J,0.020000000000000035
2025-08-04,TS,0.02607550245478053
2025-08-04,AU,-0.3537406729202115
2025-08-04,AG,-0.019999999999999976
2025-08-04,IF,-0.19235613356427203
2025-08-04,IH,-0.17700435699945163
2025-08-04,IC,-0.1568988365160649
2025-08-04,SN,-0.019999999999999973
2025-08-04,SC,-0.019999999999999973
2025-08-04,RB,-0.019999999999999973
2025-08-04,JM,-0.02000000000000006
2025-08-04,HC,-0.019999999999999973
2025-08-05,JD,0.316808548261051
2025-08-05,UR,0.019999999999999983
2025-08-05,SR,0.10590041839767703
2025-08-05,LH,0.15977156333626555
2025-08-05,I,0.02000000000000018
2025-08-05,MA,0.019999999999999983
2025-08-05,AL,0.14403275591219555
2025-08-05,J,0.019999999999999983
2025-08-05,RU,0.020000000000000014
2025-08-05,ZN,0.1734867140928107
2025-08-05,AU,-0.49999999999999645
2025-08-05,AG,-0.02000000000000226
2025-08-05,IF,-0.09864982648409319
2025-08-05,IH,-0.08813880941817118
2025-08-05,IM,-0.19321136409773632
2025-08-05,SC,-0.020000000000000438
2025-08-05,RB,-0.019999999999999973
2025-08-05,NI,-0.020000000000000115
2025-08-05,HC,-0.019999999999999973
2025-08-05,JM,-0.020000000000000143
2025-08-06,UR,0.019999999999999997
2025-08-06,JD,0.2547141361831919
2025-08-06,SR,0.084840623040004
2025-08-06,RM,0.29809198012268817
2025-08-06,I,0.019999999999999997
2025-08-06,AL,0.12502701695647203
2025-08-06,MA,0.019999999999999997
2025-08-06,J,0.019999999999999997
2025-08-06,RU,0.019999999999999997
2025-08-06,ZN,0.1373262436976438
2025-08-06,AU,-0.49999999999999717
2025-08-06,AG,-0.020000000000001374
2025-08-06,IF,-0.15502715728939934
2025-08-06,IH,-0.145772345108449
2025-08-06,IC,-0.07920049760215192
2025-08-06,SC,-0.019999999999999973
2025-08-06,NI,-0.020000000000000937
2025-08-06,HC,-0.020000000000000285
2025-08-06,RB,-0.019999999999999973
2025-08-06,JM,-0.019999999999999973
2025-08-07,UR,0.019999999999999997
2025-08-07,JD,0.2608223453970247
2025-08-07,SR,0.08084118626739402
2025-08-07,RM,0.30317607968152654
2025-08-07,AL,0.12200998783333797
2025-08-07,I,0.02
2025-08-07,MA,0.02
2025-08-07,J,0.020000000000000014
2025-08-07,RU,0.019999999999999997
2025-08-07,ZN,0.1331504008207166
2025-08-07,AU,-0.4999999999999988
2025-08-07,AG,-0.019999999999999952
2025-08-07,IF,-0.10358036748715001
2025-08-07,IH,-0.0868958132193819
2025-08-07,IM,-0.18952381929346948
2025-08-07,SC,-0.019999999999999952
2025-08-07,HC,-0.019999999999999952
2025-08-07,NI,-0.019999999999999952
2025-08-07,JM,-0.019999999999999952
2025-08-07,RB,-0.019999999999999997
2025-08-08,UR,0.02
2025-08-08,JD,0.28204174709252894
2025-08-08,SR,0.08406252639960118
2025-08-08,I,0.02000000000000005
2025-08-08,RM,0.34375447237649187
2025-08-08,MA,0.02000000000000001
2025-08-08,AL,0.11333199499729958
2025-08-08,J,0.02
2025-08-08,RU,0.02
2025-08-08,TS,0.07680925913407834
2025-08-08,AU,-0.49999999999999944
2025-08-08,AG,-0.01999999999999998
2025-08-08,IF,-0.09733110058884764
2025-08-08,IH,-0.10443070157020692
2025-08-08,IM,-0.1782381978409454
2025-08-08,SN,-0.01999999999999998
2025-08-08,SC,-0.020000000000000063
2025-08-08,JM,-0.020000000000000524
2025-08-08,HC,-0.01999999999999998
2025-08-08,RB,-0.01999999999999998
2025-08-11,JD,0.2819549997448094
2025-08-11,UR,0.020000000000000007
2025-08-11,SR,0.08672291828698721
2025-08-11,I,0.02
2025-08-11,RM,0.3420450971908252
2025-08-11,MA,0.02000000000000001
2025-08-11,AL,0.11136360782336262
2025-08-11,J,0.02
2025-08-11,RU,0.020000000000000018
2025-08-11,TS,0.07791337695401543
2025-08-11,AU,-0.49999999999999933
2025-08-11,AG,-0.019999999999999987
2025-08-11,IF,-0.0919799519706898
2025-08-11,IH,-0.14894584084010626
2025-08-11,IM,-0.13907420718920335
2025-08-11,SC,-0.019999999999999987
2025-08-11,SN,-0.02000000000000048
2025-08-11,HC,-0.020000000000000615
2025-08-11,JM,-0.019999999999999987
2025-08-11,FU,-0.0200000000000002
2025-08-12,UR,0.02
2025-08-12,JD,0.2362179188232132
2025-08-12,SR,0.07938938262382919
2025-08-12,MA,0.020000000000000018
2025-08-12,I,0.02
2025-08-12,RM,0.32833434506032394
2025-08-12,AL,0.11806143440963955
2025-08-12,J,0.020000000000000007
2025-08-12,TA,0.02978445660928614
2025-08-12,ZN,0.1282124624737079
2025-08-12,AU,-0.499999999999999
2025-08-12,AG,-0.02000000000000166
2025-08-12,IH,-0.14009697526566942
2025-08-12,IF,-0.10633501832312171
2025-08-12,IM,-0.1335680064112081
2025-08-12,SC,-0.020000000000000025
2025-08-12,SN,-0.01999999999999996
2025-08-12,A,-0.01999999999999996
2025-08-12,JM,-0.020000000000000104
2025-08-12,HC,-0.020000000000000042
2025-08-13,UR,0.019999999999999997
2025-08-13,JD,0.2156787581224463
2025-08-13,SR,0.10824005335879042
2025-08-13,MA,0.019999999999999997
2025-08-13,RM,0.3297274642857871
2025-08-13,I,0.053835707490214095
2025-08-13,AL,0.1215934622865142
2025-08-13,J,0.02000000000000009
2025-08-13,RU,0.019999999999999997
2025-08-13,TS,0.09092455445624772
2025-08-13,AU,-0.18799256502453904
2025-08-13,AG,-0.1805588044525705
2025-08-13,IF,-0.17258618070927648
2025-08-13,IH,-0.15453129152939268
2025-08-13,IM,-0.20433115828422108
2025-08-13,SN,-0.020000000000000136
2025-08-13,SC,-0.019999999999999997
2025-08-13,HC,-0.020000000000000056
2025-08-13,RB,-0.020000000000000108
2025-08-13,JM,-0.019999999999999997
2025-08-14,UR,0.019999999999999997
2025-08-14,JD,0.21232102285637272
2025-08-14,SR,0.10442660119920552
2025-08-14,RM,0.3341510855190308
2025-08-14,MA,0.019999999999999997
2025-08-14,I,0.019999999999999997
2025-08-14,J,0.020000000000000028
2025-08-14,AL,0.12369151043596731
2025-08-14,RU,0.019999999999999997
2025-08-14,ZN,0.12540977998942351
2025-08-14,AU,-0.15946471191193398
2025-08-14,IF,-0.18754952792772395
2025-08-14,AG,-0.18946366029871284
2025-08-14,IH,-0.1664615972394622
2025-08-14,IC,-0.19706050262216293
2025-08-14,SC,-0.020000000000000025
2025-08-14,SN,-0.020000000000001465
2025-08-14,HC,-0.020000000000001496
2025-08-14,JM,-0.019999999999999983
2025-08-14,RB,-0.02000000000000115
2025-08-15,UR,0.02000000000000001
2025-08-15,JD,0.19603023891833057
2025-08-15,SR,0.10050341252620455
2025-08-15,MA,0.020000000000000025
2025-08-15,I,0.020000000000000042
2025-08-15,RM,0.3331391463926763
2025-08-15,AL,0.11913959420533676
2025-08-15,J,0.02
2025-08-15,TA,0.048360472761140624
2025-08-15,ZN,0.12282713519631115
2025-08-15,AU,-0.15470047542860615
2025-08-15,AG,-0.17297647745296565
2025-08-15,IF,-0.16226898500899214
2025-08-15,IH,-0.14128220689524043
2025-08-15,IC,-0.18127332466075596
2025-08-15,SC,-0.020000000000000007
2025-08-15,SN,-0.019999999999999997
2025-08-15,JM,-0.020000000000000157
2025-08-15,RB,-0.019999999999999997
2025-08-15,A,-0.10749853055343947
2025-08-18,UR,0.020000000000000087
2025-08-18,JD,0.27481040324713146
2025-08-18,SR,0.13825384388766543
2025-08-18,MA,0.02000000000000031
2025-08-18,I,0.01999999999999993
2025-08-18,CF,0.18919877687757902
2025-08-18,AL,0.14343849775669973
2025-08-18,J,0.02000000000000005
2025-08-18,TA,0.01999999999999993
2025-08-18,ZN,0.1542984782309241
2025-08-18,AU,-0.1147112888071242
2025-08-18,IF,-0.10845345176778064
2025-08-18,AG,-0.0200000000000002
2025-08-18,IH,-0.01999999999999999
2025-08-18,IC,-0.17705299569813454
2025-08-18,SC,-0.01999999999999999
2025-08-18,SN,-0.01999999999999999
2025-08-18,JM,-0.02000000000000001
2025-08-18,A,-0.020000000000000264
2025-08-18,OI,-0.4797822637269602
2025-08-19,UR,0.020000000000000115
2025-08-19,JD,0.27323218918399045
2025-08-19,MA,0.020000000000000115
2025-08-19,SR,0.13794654793991873
2025-08-19,CF,0.18829426892154122
2025-08-19,I,0.019999999999999938
2025-08-19,AL,0.14341280671496554
2025-08-19,J,0.020000000000000042
2025-08-19,TA,0.019999999999999938
2025-08-19,ZN,0.15711418723958406
2025-08-19,AU,-0.11035602361799741
2025-08-19,IF,-0.07029285299327231
2025-08-19,IH,-0.02000000000000021
2025-08-19,IM,-0.24876320125405404
2025-08-19,AG,-0.019999999999999997
2025-08-19,SC,-0.020000000000000028
2025-08-19,SN,-0.02000000000000007
2025-08-19,JM,-0.020000000000000007
2025-08-19,OI,-0.4505879221346758
2025-08-19,A,-0.02000000000000011
2025-08-20,UR,0.019999999999999997
2025-08-20,JD,0.36625409452721946
2025-08-20,MA,0.020000000000000004
2025-08-20,SR,0.15583662357582437
2025-08-20,CF,0.2232035009711302
2025-08-20,I,0.019999999999999997
2025-08-20,V,0.020000000000000316
2025-08-20,J,0.020000000000000122
2025-08-20,AL,0.1347057809258256
2025-08-20,RB,0.019999999999999997
2025-08-20,AU,-0.11962249408116106
2025-08-20,IF,-0.1599741981360283
2025-08-20,AG,-0.020000000000000528
2025-08-20,IH,-0.13210619629803322
2025-08-20,IC,-0.19630475945386017
2025-08-20,SC,-0.020000000000000046
2025-08-20,SN,-0.019999999999999966
2025-08-20,JM,-0.020000000000000073
2025-08-20,A,-0.020000000000000184
2025-08-20,OI,-0.2919923520309163
2025-08-21,UR,0.019999999999999997
2025-08-21,JD,0.35728817260039036
2025-08-21,MA,0.019999999999999997
2025-08-21,SR,0.16235119671031628
2025-08-21,CF,0.22749474280077359
2025-08-21,I,0.020000000000000056
2025-08-21,J,0.019999999999999997
2025-08-21,V,0.019999999999999997
2025-08-21,AL,0.13286588788851988
2025-08-21,RB,0.019999999999999997
2025-08-21,IF,-0.22045373418752873
2025-08-21,AU,-0.19538734476843783
2025-08-21,AG,-0.01999999999999997
2025-08-21,IC,-0.27348056605075016
2025-08-21,IH,-0.1815604716472406
2025-08-21,SC,-0.029117883346040426
2025-08-21,JM,-0.01999999999999997
2025-08-21,NI,-0.020000000000002148
2025-08-21,A,-0.01999999999999997
2025-08-21,Y,-0.01999999999999997
2025-08-22,UR,0.020000000000000025
2025-08-22,JD,0.3485322395605186
2025-08-22,MA,0.020000000000000007
2025-08-22,AL,0.13139390587466335
2025-08-22,J,0.020000000000000025
2025-08-22,V,0.020000000000000108
2025-08-22,CF,0.23070335584437413
2025-08-22,I,0.020000000000000004
2025-08-22,SR,0.1693704987204436
2025-08-22,RB,0.02000000000000005
2025-08-22,IF,-0.09641987701722776
2025-08-22,AU,-0.14200405513514852
2025-08-22,IM,-0.1305269391825544
2025-08-22,IC,-0.08564711335142924
2025-08-22,AG,-0.020000000000000306
2025-08-22,SC,-0.019999999999999993
2025-08-22,JM,-0.02000000000000008
2025-08-22,OI,-0.4454020153136398
2025-08-22,Y,-0.020000000000000046
2025-08-22,NI,-0.019999999999999983
2025-08-25,UR,0.01999999999999995
2025-08-25,MA,0.02000000000000071
2025-08-25,JD,0.3659386305072019
2025-08-25,V,0.020000000000000892
2025-08-25,I,0.019999999999999952
2025-08-25,J,0.020000000000000694
2025-08-25,LH,0.14601215074097507
2025-08-25,CF,0.21080210933245772
2025-08-25,AL,0.15724710941936304
2025-08-25,RB,0.01999999999999995
2025-08-25,AU,-0.1142326130673419
2025-08-25,IF,-0.13867835853207136
2025-08-25,AG,-0.019999999999999997
2025-08-25,IH,-0.15630704981364796
2025-08-25,IM,-0.14448375309257078
2025-08-25,SC,-0.019999999999999997
2025-08-25,JM,-0.019999999999999997
2025-08-25,OI,-0.3462982254943679
2025-08-25,FU,-0.020000000000000115
2025-08-25,SN,-0.019999999999999997
2025-08-26,UR,0.01999999999999998
2025-08-26,MA,0.01999999999999998
2025-08-26,JD,0.42228732276712444
2025-08-26,V,0.01999999999999998
2025-08-26,I,0.01999999999999998
2025-08-26,AL,0.13912677876095886
2025-08-26,SR,0.1488281298053104
2025-08-26,J,0.0200000000000003
2025-08-26,LH,0.16975776866660605
2025-08-26,RB,0.01999999999999998
2025-08-26,IF,-0.11685480298415912
2025-08-26,AU,-0.019999999999999997
2025-08-26,IM,-0.15603101735557176
2025-08-26,AG,-0.020000000000000902
2025-08-26,IH,-0.13317923993153058
2025-08-26,SC,-0.02000000000000001
2025-08-26,JM,-0.019999999999999997
2025-08-26,FU,-0.02
2025-08-26,Y,-0.019999999999999997
2025-08-26,OI,-0.4739349397287376
2025-08-27,UR,0.019999999999999997
2025-08-27,JD,0.40923853606101246
2025-08-27,MA,0.019999999999999997
2025-08-27,AL,0.15769267068408058
2025-08-27,SR,0.1554073497344014
2025-08-27,I,0.02
2025-08-27,V,0.019999999999999997
2025-08-27,J,0.020000000000000087
2025-08-27,LH,0.15766144352050546
2025-08-27,RB,0.019999999999999997
2025-08-27,IF,-0.02
2025-08-27,IM,-0.17967537927408053
2025-08-27,IC,-0.07955760061678636
2025-08-27,AU,-0.10685953420764983
2025-08-27,AG,-0.02
2025-08-27,SC,-0.020000000000000035
2025-08-27,JM,-0.020000000000000094
2025-08-27,M,-0.5
2025-08-27,Y,-0.02
2025-08-27,FU,-0.03390748590148311
2025-08-28,UR,0.02000000000000027
2025-08-28,JD,0.39162744784976183
2025-08-28,MA,0.020000000000000216
2025-08-28,I,0.02000000000000029
2025-08-28,J,0.019999999999999997
2025-08-28,V,0.020000000000000174
2025-08-28,AL,0.16313823853474607
2025-08-28,SR,0.1598314262650355
2025-08-28,LH,0.1654028873504555
2025-08-28,RB,0.020000000000000247
2025-08-28,IF,-0.029775145446915733
2025-08-28,AU,-0.12204069859713765
2025-08-28,IM,-0.16501820052450233
2025-08-28,AG,-0.020000000000000004
2025-08-28,IC,-0.07540952062032882
2025-08-28,SC,-0.027616232559988057
2025-08-28,JM,-0.020000000000000007
2025-08-28,M,-0.5000000000000001
2025-08-28,Y,-0.020000000000000004
2025-08-28,FU,-0.02014020225112738
2025-08-29,UR,0.02000000000000004
2025-08-29,J,0.02
2025-08-29,V,0.020000000000000014
2025-08-29,AL,0.16127578778149343
2025-08-29,JD,0.39703548761334073
2025-08-29,SR,0.15932589499016506
2025-08-29,I,0.0200000000000001
2025-08-29,MA,0.020000000000000115
2025-08-29,LH,0.16236282961500045
2025-08-29,RB,0.02000000000000005
2025-08-29,IF,-0.07141708721575463
2025-08-29,IM,-0.10501174367395733
2025-08-29,AU,-0.16300630246647552
2025-08-29,IC,-0.06016842794090943
2025-08-29,AG,-0.020000000000000667
2025-08-29,SC,-0.020396438702902208
2025-08-29,JM,-0.020000000000000004
2025-08-29,M,-0.5000000000000001
2025-08-29,FU,-0.020000000000000122
2025-08-29,SA,-0.020000000000000018
2025-09-01,UR,0.020000000000000052
2025-09-01,J,0.01999999999999999
2025-09-01,AL,0.15762910270272193
2025-09-01,V,0.02000000000000037
2025-09-01,SR,0.16053649877884185
2025-09-01,JD,0.3860423185296
2025-09-01,I,0.020000000000000046
2025-09-01,MA,0.02000000000000001
2025-09-01,LH,0.17579207998883545
2025-09-01,RB,0.020000000000000285
2025-09-01,IM,-0.06536690670140043
2025-09-01,IF,-0.022254699089557465
2025-09-01,IC,-0.026579568244892854
2025-09-01,AU,-0.345772692405103
2025-09-01,AG,-0.02000000000000005
2025-09-01,SC,-0.02
2025-09-01,JM,-0.020000000000000004
2025-09-01,M,-0.4400261335590462
2025-09-01,SA,-0.02
2025-09-01,FU,-0.02000000000000001
2025-09-02,UR,0.01999999999999999
2025-09-02,SR,0.16191504253281702
2025-09-02,J,0.02000000000000011
2025-09-02,I,0.01999999999999999
2025-09-02,AL,0.16172472337708238
2025-09-02,V,0.01999999999999999
2025-09-02,MA,0.01999999999999999
2025-09-02,JD,0.4917370109412046
2025-09-02,TS,0.06462322314889582
2025-09-02,RB,0.020000000000000004
2025-09-02,IF,-0.06836508691116873
2025-09-02,IM,-0.01999999999999995
2025-09-02,IH,-0.09156862705902419
2025-09-02,AU,-0.2869198440741737
2025-09-02,AG,-0.01999999999999995
2025-09-02,M,-0.4331464419556334
2025-09-02,SC,-0.020000000000000042
2025-09-02,JM,-0.02000000000000007
2025-09-02,P,-0.01999999999999995
2025-09-02,SN,-0.01999999999999995
2025-09-03,UR,0.020000000000000014
2025-09-03,J,0.020000000000000018
2025-09-03,SR,0.14409399484060162
2025-09-03,AL,0.1396357514600556
2025-09-03,I,0.02
2025-09-03,MA,0.02
2025-09-03,V,0.02
2025-09-03,JD,0.3696320391770382
2025-09-03,LH,0.166073964003159
2025-09-03,TS,0.08056425051914548
2025-09-03,IM,-0.07450143358188593
2025-09-03,IF,-0.02
2025-09-03,IC,-0.025268707825279728
2025-09-03,AU,-0.3208593434665339
2025-09-03,AG,-0.02000000000000004
2025-09-03,SC,-0.02
2025-09-03,JM,-0.02
2025-09-03,M,-0.45937051512630034
2025-09-03,SN,-0.020000000000000025
2025-09-03,P,-0.020000000000000056
2025-09-04,UR,0.020000000000012293
2025-09-04,J,0.020000000000000115
2025-09-04,SR,0.24693728147296204
2025-09-04,AL,0.019999999999999542
2025-09-04,V,0.020000000000001492
2025-09-04,MA,0.020000000000002238
2025-09-04,I,0.020000000000014
2025-09-04,LH,0.020000000000032648
2025-09-04,CF,0.49999999999998856
2025-09-04,ZN,0.11306271852698704
2025-09-04,IF,-0.047909757213255924
2025-09-04,IM,-0.020000000000000087
2025-09-04,IH,-0.07736102924288375
2025-09-04,AU,-0.29286232239872895
2025-09-04,AG,-0.02000000000000002
2025-09-04,SC,-0.020000000000000035
2025-09-04,JM,-0.02000000000000001
2025-09-04,M,-0.46186689114513124
2025-09-04,P,-0.02
2025-09-04,RU,-0.02
2025-09-05,UR,0.020000000000000046
2025-09-05,J,0.02
2025-09-05,SR,0.13167731590958445
2025-09-05,V,0.020000000000000066
2025-09-05,AL,0.11062902761262798
2025-09-05,MA,0.020000000000000066
2025-09-05,I,0.020000000000000073
2025-09-05,RM,0.4052791021256759
2025-09-05,LH,0.10819098150097069
2025-09-05,ZN,0.14422357285114074
2025-09-05,IF,-0.16772738974096227
2025-09-05,IM,-0.16603933171547586
2025-09-05,IH,-0.16757824627572815
2025-09-05,AU,-0.1488279145706478
2025-09-05,AG,-0.16513346259483383
2025-09-05,SC,-0.024842666965191506
2025-09-05,JM,-0.01999999999999999
2025-09-05,P,-0.0998509881371601
2025-09-05,RU,-0.01999999999999999
2025-09-05,SN,-0.020000000000000483
2025-09-08,UR,0.08789219707729931
2025-09-08,J,0.02000000000000004
2025-09-08,SR,0.1335371584212989
2025-09-08,V,0.02
2025-09-08,AL,0.09507919955730966
2025-09-08,I,0.02
2025-09-08,MA,0.02
2025-09-08,HC,0.02
2025-09-08,LH,0.10995653477061205
2025-09-08,RM,0.47353491017348004
2025-09-08,IM,-0.020000000000000108
2025-09-08,IF,-0.020000000000000285
2025-09-08,IH,-0.0533983151506768
2025-09-08,AU,-0.3119632504524466
2025-09-08,AG,-0.02000000000000016
2025-09-08,SC,-0.02000000000000032
2025-09-08,JM,-0.020000000000000014
2025-09-08,M,-0.494638434396875
2025-09-08,P,-0.02000000000000072
2025-09-08,SN,-0.020000000000000143
2025-09-09,UR,0.03966685999535655
2025-09-09,SR,0.11367918087808043
2025-09-09,V,0.02
2025-09-09,J,0.02000000000000005
2025-09-09,AL,0.08705249715755317
2025-09-09,I,0.02
2025-09-09,MA,0.02
2025-09-09,OI,0.2857536795381628
2025-09-09,RM,0.37384778243084715
2025-09-09,HC,0.02
2025-09-09,IM,-0.025299383739584114
2025-09-09,IF,-0.02000418195957879
2025-09-09,IC,-0.019999999999999973
2025-09-09,AU,-0.35217290288574526
2025-09-09,AG,-0.019999999999999973
2025-09-09,SC,-0.019999999999999993
2025-09-09,JM,-0.019999999999999976
2025-09-09,M,-0.4825235314150913
2025-09-09,P,-0.020000000000000198
2025-09-09,SN,-0.020000000000000236
2025-09-10,UR,0.019999999999999987
2025-09-10,V,0.02000000000000021
2025-09-10,J,0.0200000000000001
2025-09-10,SR,0.17753661750762034
2025-09-10,AL,0.0832077053889562
2025-09-10,I,0.019999999999999987
2025-09-10,OI,0.49999999999999967
2025-09-10,MA,0.020000000000000014
2025-09-10,HC,0.020000000000000368
2025-09-10,LH,0.11925567710342312
2025-09-10,IM,-0.01999999999999996
2025-09-10,IF,-0.01999999999999996
2025-09-10,IH,-0.07960121668777655
2025-09-10,AU,-0.37226864173289065
2025-09-10,AG,-0.01999999999999996
2025-09-10,SC,-0.020000000000000018
2025-09-10,JM,-0.020000000000000066
2025-09-10,M,-0.40813014157933286
2025-09-10,FU,-0.01999999999999996
2025-09-10,SN,-0.01999999999999996
2025-09-11,UR,0.020000000000000004
2025-09-11,V,0.02000000000000009
2025-09-11,SR,0.19622696735122358
2025-09-11,J,0.02
2025-09-11,MA,0.02
2025-09-11,I,0.02
2025-09-11,AL,0.09316271926064425
2025-09-11,HC,0.020000000000000063
2025-09-11,TS,0.0906103133881322
2025-09-11,OI,0.5
2025-09-11,IM,-0.01999999999999999
2025-09-11,IF,-0.020000000000000216
2025-09-11,AU,-0.37116533045773237
2025-09-11,IH,-0.02967193744575327
2025-09-11,AG,-0.020000000000000042
2025-09-11,SC,-0.020000000000000077
2025-09-11,JM,-0.01999999999999999
2025-09-11,M,-0.4591627320965139
2025-09-11,SN,-0.01999999999999999
2025-09-11,P,-0.020000000000000084
2025-09-12,UR,0.020000000000000503
2025-09-12,V,0.019999999999999983
2025-09-12,SR,0.1570864879676629
2025-09-12,I,0.020000000000000562
2025-09-12,J,0.019999999999999983
2025-09-12,MA,0.019999999999999983
2025-09-12,AL,0.07896611129909122
2025-09-12,LH,0.10578753109260479
2025-09-12,TS,0.05815986964064122
2025-09-12,OI,0.4999999999999989
2025-09-12,IF,-0.019999999999999983
2025-09-12,IM,-0.020000000000000705
2025-09-12,IH,-0.0548527294801398
2025-09-12,AU,-0.3623020863190775
2025-09-12,AG,-0.019999999999999987
2025-09-12,SC,-0.02000000000000011
2025-09-12,SN,-0.02000000000000017
2025-09-12,M,-0.44284518420078106
2025-09-12,JM,-0.019999999999999983
2025-09-12,P,-0.020000000000000618
2025-09-15,UR,0.02
2025-09-15,SR,0.15114989613878865
2025-09-15,AL,0.09508072838261278
2025-09-15,V,0.020000000000000143
2025-09-15,J,0.02000000000000008
2025-09-15,I,0.02
2025-09-15,MA,0.02000000000000012
2025-09-15,OI,0.5
2025-09-15,LH,0.0999839394699967
2025-09-15,TS,0.05378543600860151
2025-09-15,IF,-0.019999999999999987
2025-09-15,IM,-0.019999999999999987
2025-09-15,AU,-0.3538853389090519
2025-09-15,IH,-0.07210776799832845
2025-09-15,AG,-0.019999999999999987
2025-09-15,SC,-0.019999999999999987
2025-09-15,JM,-0.019999999999999987
2025-09-15,M,-0.43400689309261925
2025-09-15,FU,-0.019999999999999987
2025-09-15,SN,-0.020000000000000465
2025-09-16,UR,0.020000000000000004
2025-09-16,SR,0.1215962343960268
2025-09-16,AL,0.09212343591245237
2025-09-16,MA,0.020000000000000004
2025-09-16,LH,0.1001404671412559
2025-09-16,J,0.020000000000000025
2025-09-16,I,0.03284138925950631
2025-09-16,V,0.020000000000000004
2025-09-16,RM,0.4992604748664337
2025-09-16,TS,0.07403799842432497
2025-09-16,AU,-0.3437411272130765
2025-09-16,IF,-0.01999999999999998
2025-09-16,AG,-0.01999999999999998
2025-09-16,IM,-0.01999999999999998
2025-09-16,IH,-0.06556946504814602
2025-09-16,SC,-0.01999999999999998
2025-09-16,JM,-0.02000000000000008
2025-09-16,M,-0.42199737296056206
2025-09-16,SN,-0.01999999999999998
2025-09-16,FU,-0.048692034778215355
2025-09-17,UR,0.040223205017820285
2025-09-17,SR,0.140969696481227
2025-09-17,MA,0.023630004726033972
2025-09-17,AL,0.09962630112683205
2025-09-17,J,0.02
2025-09-17,LH,0.11555079264808679
2025-09-17,I,0.02000000000000003
2025-09-17,V,0.020000000000000025
2025-09-17,RM,0.4999999999999999
2025-09-17,HC,0.020000000000000007
2025-09-17,IF,-0.02000000000000031
2025-09-17,AU,-0.33403102036805654
2025-09-17,AG,-0.020000000000000333
2025-09-17,IM,-0.020000000000000056
2025-09-17,IH,-0.12064023220431197
2025-09-17,SC,-0.02000000000000016
2025-09-17,JM,-0.02
2025-09-17,M,-0.36118087278165245
2025-09-17,FU,-0.06414787464597815
2025-09-17,SN,-0.020000000000000233
2025-09-18,UR,0.020000000000000052
2025-09-18,SR,0.14142412870874496
2025-09-18,AL,0.11864027541854864
2025-09-18,J,0.02
2025-09-18,MA,0.02000000000000004
2025-09-18,RM,0.40026928834671033
2025-09-18,LH,0.10775342100433372
2025-09-18,I,0.02000000000000003
2025-09-18,HC,0.020000000000000073
2025-09-18,ZN,0.13191288652166216
2025-09-18,IM,-0.019999999999999966
2025-09-18,IF,-0.019999999999999966
2025-09-18,AU,-0.3767600559402837
2025-09-18,IH,-0.1319256333472554
2025-09-18,AG,-0.019999999999999966
2025-09-18,SC,-0.019999999999999966
2025-09-18,JM,-0.02000000000000012
2025-09-18,M,-0.35131431071246105
2025-09-18,P,-0.019999999999999966
2025-09-18,SN,-0.019999999999999966
2025-09-19,UR,0.02
2025-09-19,AL,0.12096936209535915
2025-09-19,SR,0.1423915935497837
2025-09-19,J,0.02
2025-09-19,RM,0.3939054583046905
2025-09-19,MA,0.02
2025-09-19,LH,0.10791398076677391
2025-09-19,I,0.02
2025-09-19,ZN,0.13481960528339285
2025-09-19,HC,0.020000000000000018
2025-09-19,IM,-0.019999999999999955
2025-09-19,IF,-0.019999999999999955
2025-09-19,AU,-0.3359883206982946
2025-09-19,IC,-0.019999999999999955
2025-09-19,AG,-0.019999999999999955
2025-09-19,SC,-0.02401167930170472
2025-09-19,JM,-0.019999999999999955
2025-09-19,M,-0.4999999999999989
2025-09-19,P,-0.019999999999999955
2025-09-19,RU,-0.020000000000001943
2025-09-22,UR,0.02
2025-09-22,SR,0.15349671489620048
2025-09-22,AL,0.11015446334186978
2025-09-22,J,0.020000000000000046
2025-09-22,MA,0.02
2025-09-22,RM,0.39269579995517334
2025-09-22,HC,0.02
2025-09-22,I,0.02
2025-09-22,TA,0.12088666704636646
2025-09-22,ZN,0.12276635476038994
2025-09-22,IF,-0.01999999999999986
2025-09-22,AU,-0.4172554550230302
2025-09-22,IM,-0.020000000000001218
2025-09-22,AG,-0.020000000000003886
2025-09-22,IC,-0.020000000000000375
2025-09-22,SC,-0.020000000000000847
2025-09-22,JM,-0.01999999999999986
2025-09-22,M,-0.42274454497696184
2025-09-22,P,-0.02000000000000205
2025-09-22,SN,-0.019999999999999976
2025-09-23,UR,0.02000000000000002
2025-09-23,AL,0.11847462673792394
2025-09-23,SR,0.13776340306656867
2025-09-23,MA,0.02
2025-09-23,RM,0.37024640439461554
2025-09-23,J,0.02
2025-09-23,I,0.03120246676765016
2025-09-23,HC,0.02000000000000003
2025-09-23,ZN,0.14392113734579784
2025-09-23,LH,0.11839196168744376
2025-09-23,IF,-0.019999999999999997
2025-09-23,AU,-0.26287645994867975
2025-09-23,IM,-0.019999999999999997
2025-09-23,AG,-0.019999999999999997
2025-09-23,IC,-0.019999999999999997
2025-09-23,SC,-0.05862184870718144
2025-09-23,JM,-0.020000000000000115
2025-09-23,M,-0.4999999999999999
2025-09-23,SN,-0.019999999999999997
2025-09-23,P,-0.05850169134413883
2025-09-24,UR,0.020683812413564175
2025-09-24,SR,0.15805019691802585
2025-09-24,AL,0.10878581049538996
2025-09-24,RM,0.3717403357311879
2025-09-24,MA,0.02
2025-09-24,J,0.02000000000000003
2025-09-24,I,0.02
2025-09-24,HC,0.02
2025-09-24,TA,0.12903896874739923
2025-09-24,ZN,0.1317008756944329
2025-09-24,IF,-0.020000000000000007
2025-09-24,AU,-0.2801903026467633
2025-09-24,IM,-0.019999999999999987
2025-09-24,AG,-0.019999999999999987
2025-09-24,IC,-0.019999999999999987
2025-09-24,SC,-0.019999999999999987
2025-09-24,M,-0.4544354591257423
2025-09-24,JM,-0.020000000000000014
2025-09-24,P,-0.1253742382274944
2025-09-24,SN,-0.019999999999999987
2025-09-25,UR,0.02000000000000006
2025-09-25,AL,0.11096637978483144
2025-09-25,MA,0.02000000000000027
2025-09-25,SR,0.2172199025889498
2025-09-25,RM,0.21570768241295457
2025-09-25,J,0.019999999999999997
2025-09-25,I,0.020000000000000122
2025-09-25,TA,0.20848157415159554
2025-09-25,HC,0.020000000000000056
2025-09-25,ZN,0.14762446106166804
2025-09-25,AU,-0.29756179130532423
2025-09-25,IF,-0.020000000000000077
2025-09-25,AG,-0.01999999999999998
2025-09-25,IM,-0.02000000000000014
2025-09-25,IH,-0.01999999999999998
2025-09-25,SC,-0.020000000000000104
2025-09-25,SN,-0.01999999999999998
2025-09-25,P,-0.07568902923963439
2025-09-25,M,-0.4867491794550411
2025-09-25,JM,-0.020000000000000025
2025-09-26,UR,0.020000000000000098
2025-09-26,AL,0.020000000000000136
2025-09-26,MA,0.019999999999999997
2025-09-26,SR,0.2838504494347605
2025-09-26,RM,0.08824091522617811
2025-09-26,I,0.02000000000000006
2025-09-26,HC,0.019999999999999997
2025-09-26,CF,0.3113973287821205
2025-09-26,J,0.019999999999999997
2025-09-26,TA,0.1965113065569405
2025-09-26,AG,-0.151099793466092
2025-09-26,AU,-0.1487583692139079
2025-09-26,IF,-0.08053449558037637
2025-09-26,IH,-0.0921170354387443
2025-09-26,IM,-0.058312156856946656
2025-09-26,SC,-0.044092665260970734
2025-09-26,SN,-0.11835747644520243
2025-09-26,P,-0.08829938367885397
2025-09-26,M,-0.12827924083852216
2025-09-26,RU,-0.09014938322038353
2025-09-29,UR,0.02000000000000004
2025-09-29,SR,0.16965451120662217
2025-09-29,MA,0.02000000000000006
2025-09-29,TA,0.13278617229047016
2025-09-29,CF,0.18586709158468087
2025-09-29,RM,0.3393539638183938
2025-09-29,AL,0.07233826109983271
2025-09-29,I,0.020000000000000046
2025-09-29,HC,0.02000000000000017
2025-09-29,J,0.02
2025-09-29,AU,-0.14948819036939062
2025-09-29,AG,-0.15387000286686583
2025-09-29,IF,-0.07689758387162952
2025-09-29,IH,-0.08880258232270344
2025-09-29,SC,-0.04374707921980593
2025-09-29,IM,-0.05465165788152552
2025-09-29,A,-0.12080130666168062
2025-09-29,P,-0.09188166391279755
2025-09-29,SN,-0.12414325778484529
2025-09-29,RU,-0.09571667510875569
2025-09-30,UR,0.019999999999999997
2025-09-30,SR,0.1889909812248909
2025-09-30,TA,0.2035714434695945
2025-09-30,MA,0.019999999999999997
2025-09-30,AL,0.14510377731519383
2025-09-30,I,0.019999999999999997
2025-09-30,HC,0.019999999999999997
2025-09-30,RM,0.06540511902089975
2025-09-30,CF,0.2181462589507495
2025-09-30,TS,0.09878242001867148
2025-09-30,AU,-0.24743730481378173
2025-09-30,AG,-0.020000000000000014
2025-09-30,IF,-0.024411630619005305
2025-09-30,IC,-0.020000000000000004
2025-09-30,IH,-0.07413985557553239
2025-09-30,SC,-0.020000000000000004
2025-09-30,A,-0.18455481450451428
2025-09-30,SN,-0.23684691898002014
2025-09-30,P,-0.07618729518562432
2025-09-30,JD,-0.09642218032152183
2025-10-09,UR,0.020000000000000028
2025-10-09,SR,0.1529449415364444
2025-10-09,TA,0.1442729147678882
2025-10-09,I,0.02
2025-10-09,CF,0.1724372566412194
2025-10-09,TS,0.10151699272582226
2025-10-09,V,0.020000000000000014
2025-10-09,Y,0.2057249941388396
2025-10-09,AL,0.14310290018978616
2025-10-09,HC,0.02
2025-10-09,AU,-0.15085924380407761
2025-10-09,AG,-0.1408229492600259
2025-10-09,IF,-0.06505701003384756
2025-10-09,IC,-0.03327796113085882
2025-10-09,IM,-0.0367372866124308
2025-10-09,SC,-0.09702284462909842
2025-10-09,A,-0.12073524182154306
2025-10-09,P,-0.09678418056701836
2025-10-09,SN,-0.12898652475443279
2025-10-09,M,-0.12971675738666683
2025-10-10,UR,0.01999999999999999
2025-10-10,TA,0.20287812725650706
2025-10-10,SR,0.2807211475326436
2025-10-10,I,0.0200000000000004
2025-10-10,AL,0.020000000000000396
2025-10-10,CF,0.276947086592273
2025-10-10,RM,0.11945363861857486
2025-10-10,HC,0.020000000000000344
2025-10-10,MA,0.02000000000000032
2025-10-10,J,0.01999999999999999
2025-10-10,AG,-0.14336759882272013
2025-10-10,AU,-0.15145574427514855
2025-10-10,IF,-0.061344765531173254
2025-10-10,IC,-0.027951314614324534
2025-10-10,IM,-0.033058638402968195
2025-10-10,SC,-0.09446221930638309
2025-10-10,P,-0.09917329093688237
2025-10-10,CU,-0.13285849823177637
2025-10-10,A,-0.12269162580809435
2025-10-10,M,-0.1336363040705291
2025-10-13,UR,0.047910902955392555
2025-10-13,SR,0.14406788663832568
2025-10-13,TA,0.11963266016635604
2025-10-13,I,0.019999999999999997
2025-10-13,HC,0.019999999999999997
2025-10-13,RM,0.2948037383568124
2025-10-13,AL,0.09533102281101599
2025-10-13,MA,0.0343407542989683
2025-10-13,Y,0.20391303477312905
2025-10-13,J,0.020000000000000007
2025-10-13,AG,-0.08795658627614819
2025-10-13,AU,-0.14193130849514776
2025-10-13,IF,-0.05938481970310252
2025-10-13,IC,-0.02
2025-10-13,IM,-0.03386505617314633
2025-10-13,SC,-0.12691762695797795
2025-10-13,P,-0.09389217584348593
2025-10-13,CU,-0.14358054969039857
2025-10-13,A,-0.13753537632492277
2025-10-13,M,-0.15493650053566996
2025-10-14,UR,0.02000000000000014
2025-10-14,SR,0.2958884231563603
2025-10-14,RM,0.09939218376503296
2025-10-14,TA,0.21200503172448318
2025-10-14,HC,0.02000000000000015
2025-10-14,I,0.020000000000000157
2025-10-14,MA,0.020000000000000035
2025-10-14,AL,0.020000000000000063
2025-10-14,J,0.02
2025-10-14,Y,0.2727143613541231
2025-10-14,AG,-0.02
2025-10-14,AU,-0.2511072769393095
2025-10-14,IF,-0.021058363134964595
2025-10-14,IC,-0.020000000000000004
2025-10-14,IM,-0.04039253802565455
2025-10-14,SC,-0.12270091581159744
2025-10-14,CU,-0.22365498172852855
2025-10-14,P,-0.04998843374706903
2025-10-14,A,-0.22628315971959267
2025-10-14,RU,-0.02481433089328356
2025-10-15,UR,0.020000000000000004
2025-10-15,SR,0.19084313149096818
2025-10-15,TA,0.2072785191419415
2025-10-15,HC,0.020000000000000004
2025-10-15,RM,0.030027953237584844
2025-10-15,I,0.020000000000000007
2025-10-15,TS,0.10103187578975793
2025-10-15,MA,0.020000000000000004
2025-10-15,Y,0.214260028230699
2025-10-15,AL,0.1765584921090487
2025-10-15,AG,-0.1087494628928342
2025-10-15,AU,-0.15124194780686168
2025-10-15,IC,-0.020000000000000004
2025-10-15,IF,-0.06487195021064845
2025-10-15,IM,-0.03491024588905657
2025-10-15,SC,-0.13993527213410575
2025-10-15,CU,-0.13796645271742392
2025-10-15,P,-0.11129841318582794
2025-10-15,A,-0.12747679872165124
2025-10-15,RU,-0.10354945644159028
2025-10-16,UR,0.02
2025-10-16,TA,0.1909587011771306
2025-10-16,SR,0.1945935733145043
2025-10-16,TS,0.09900014724868277
2025-10-16,HC,0.02
2025-10-16,RM,0.04918192290178368
2025-10-16,I,0.020000000000000014
2025-10-16,CF,0.21152628819011035
2025-10-16,MA,0.020000000000000014
2025-10-16,AL,0.17473936716778835
2025-10-16,AG,-0.02000000000000001
2025-10-16,AU,-0.18433822983813788
2025-10-16,IC,-0.020000000000000004
2025-10-16,IF,-0.020000000000000004
2025-10-16,IM,-0.020000000000000004
2025-10-16,SC,-0.11644688444037686
2025-10-16,CU,-0.16550179490793585
2025-10-16,P,-0.07467280110504322
2025-10-16,A,-0.1752077916469713
2025-10-16,M,-0.20383249806153486
2025-10-17,UR,0.0453894272445587
2025-10-17,TA,0.1267458758487952
2025-10-17,SR,0.1626660325433861
2025-10-17,HC,0.019999999999999997
2025-10-17,CF,0.12260743955220828
2025-10-17,RM,0.34230825179889063
2025-10-17,TS,0.07749590087438131
2025-10-17,I,0.019999999999999997
2025-10-17,MA,0.06278707213777976
2025-10-17,J,0.020000000000000066
2025-10-17,AG,-0.02
2025-10-17,AU,-0.19136500476698995
2025-10-17,IC,-0.020000000000000004
2025-10-17,IF,-0.02
2025-10-17,IM,-0.020000000000000007
2025-10-17,SC,-0.11439039631044073
2025-10-17,CU,-0.1564505579858206
2025-10-17,P,-0.08488003329675683
2025-10-17,A,-0.17530163711192254
2025-10-17,M,-0.19761237052806932
2025-10-20,UR,0.03629467808570527
2025-10-20,TA,0.10265266982629985
2025-10-20,TS,0.09260414851800766
2025-10-20,RM,0.2993907722723756
2025-10-20,CF,0.12063897243322948
2025-10-20,SR,0.1285859459113637
2025-10-20,HC,0.02000000000000002
2025-10-20,I,0.07194159482820203
2025-10-20,AL,0.10789121812481638
2025-10-20,SA,0.019999999999999997
2025-10-20,AG,-0.08392609461404205
2025-10-20,AU,-0.15027446547689294
2025-10-20,IC,-0.020000000000000004
2025-10-20,IF,-0.056382194382090745
2025-10-20,IM,-0.020000000000000004
2025-10-20,SC,-0.1555154434333492
2025-10-20,CU,-0.14067133345567656
2025-10-20,A,-0.1362810612541219
2025-10-20,P,-0.12431748106883163
2025-10-20,RU,-0.11263192631499513
2025-10-21,UR,0.020000000000000205
2025-10-21,TA,0.020000000000002485
2025-10-21,CF,0.09548866833377785
2025-10-21,RM,0.05710769589911152
2025-10-21,TS,0.22740363576710837
2025-10-21,HC,0.02000000000000012
2025-10-21,SR,0.4999999999999995
2025-10-21,I,0.02
2025-10-21,V,0.02
2025-10-21,J,0.020000000000000094
2025-10-21,AG,-0.05644449318083245
2025-10-21,AU,-0.16636041637404322
2025-10-21,IC,-0.020000000000000004
2025-10-21,IF,-0.020000000000000004
2025-10-21,SC,-0.16119220670236742
2025-10-21,IM,-0.020000000000000004
2025-10-21,CU,-0.16959745033697018
2025-10-21,P,-0.13452734780297063
2025-10-21,A,-0.16909562940683406
2025-10-21,RU,-0.08278245619598203
2025-10-22,UR,0.020000000000000028
2025-10-22,TA,0.20373932869761352
2025-10-22,HC,0.020000000000000167
2025-10-22,CF,0.2184086410848905
2025-10-22,RM,0.09749121095966382
2025-10-22,TS,0.020000000000000042
2025-10-22,I,0.020000000000000257
2025-10-22,J,0.019999999999999997
2025-10-22,SR,0.3603608192578314
2025-10-22,V,0.020000000000000146
2025-10-22,AG,-0.07624692315228998
2025-10-22,AU,-0.12646731115413518
2025-10-22,IC,-0.02
2025-10-22,IF,-0.05794919566098084
2025-10-22,SC,-0.1682047560633324
2025-10-22,IM,-0.020000000000000014
2025-10-22,CU,-0.1451176446144258
2025-10-22,P,-0.12892039601238983
2025-10-22,A,-0.1410667479032738
2025-10-22,RU,-0.11602702543917207
2025-10-23,UR,0.08632035541452149
2025-10-23,TA,0.09459727693766351
2025-10-23,TS,0.09592952979512931
2025-10-23,CF,0.11455160217736089
2025-10-23,HC,0.058631732392752635
2025-10-23,RM,0.1995709397145862
2025-10-23,I,0.10480396116012386
2025-10-23,Y,0.12554978670044417
2025-10-23,TF,0.10004481570741781
2025-10-23,SA,0.02
2025-10-23,AG,-0.02000000000000001
2025-10-23,AU,-0.1645318326893944
2025-10-23,IC,-0.020000000000000004
2025-10-23,SC,-0.13350202844176126
2025-10-23,IF,-0.02
2025-10-23,CU,-0.20739306847641037
2025-10-23,IM,-0.020000000000000004
2025-10-23,A,-0.21565541885775102
2025-10-23,P,-0.13080211939912917
2025-10-23,RU,-0.06811553213555382
2025-10-24,UR,0.10750785731123312
2025-10-24,TA,0.13537205992329154
2025-10-24,TS,0.083841633891279
2025-10-24,CF,0.12730087000703952
2025-10-24,HC,0.02
2025-10-24,RM,0.2339450236058064
2025-10-24,I,0.09279990013611092
2025-10-24,J,0.020000000000000042
2025-10-24,V,0.02
2025-10-24,SR,0.1592326551252395
2025-10-24,AG,-0.07935981156536896
2025-10-24,AU,-0.1266633470828285
2025-10-24,IC,-0.020000000000000007
2025-10-24,SC,-0.16059844371364235
2025-10-24,IF,-0.055907850419812624
2025-10-24,IM,-0.02
2025-10-24,CU,-0.14525683322684108
2025-10-24,A,-0.1448699282529789
2025-10-24,P,-0.13078907314201152
2025-10-24,RU,-0.11655471259651616
2025-10-27,UR,0.01999999999999992
2025-10-27,TA,0.01999999999999992
2025-10-27,TS,0.18703860480018214
2025-10-27,CF,0.1639962682581928
2025-10-27,HC,0.020000000000000538
2025-10-27,RM,0.02833907316510347
2025-10-27,SR,0.499999999999998
2025-10-27,I,0.01999999999999992
2025-10-27,J,0.01999999999999992
2025-10-27,TF,0.020626053776523417
2025-10-27,AG,-0.07769851612555832
2025-10-27,AU,-0.12752356181962238
2025-10-27,IC,-0.020000000000000007
2025-10-27,SC,-0.15829969800691568
2025-10-27,CU,-0.14540320828780703
2025-10-27,IF,-0.054641451365213756
2025-10-27,IM,-0.02
2025-10-27,P,-0.13392837400146998
2025-10-27,A,-0.14622932249356743
2025-10-27,RU,-0.11627586789984541
2025-10-28,UR,0.19037840412223886
2025-10-28,TA,0.22341487745728575
2025-10-28,TS,0.0723925002218594
2025-10-28,CF,0.15656510801174917
2025-10-28,RM,0.04531232504950014
2025-10-28,HC,0.020000000000000056
2025-10-28,SR,0.23193678513736646
2025-10-28,J,0.019999999999999997
2025-10-28,I,0.020000000000000018
2025-10-28,V,0.020000000000000028
2025-10-28,AG,-0.020000000000000004
2025-10-28,AU,-0.1290380184931665
2025-10-28,IF,-0.020000000000000004
2025-10-28,SC,-0.11081309360988986
2025-10-28,IC,-0.020000000000000004
2025-10-28,IM,-0.020000000000000004
2025-10-28,CU,-0.19157563116283455
2025-10-28,A,-0.23664374423708479
2025-10-28,P,-0.1301018106968897
2025-10-28,RU,-0.12182770180013473
2025-10-29,UR,0.18356647247085472
2025-10-29,TA,0.22490768926092516
2025-10-29,TS,0.06872817150062749
2025-10-29,RM,0.06117837803381214
2025-10-29,CF,0.1456684425409974
2025-10-29,SR,0.23595084619278237
2025-10-29,HC,0.020000000000000663
2025-10-29,I,0.01999999999999999
2025-10-29,J,0.01999999999999999
2025-10-29,V,0.01999999999999999
2025-10-29,AG,-0.04089599617239948
2025-10-29,AU,-0.12509230893430404
2025-10-29,SC,-0.15410181173693197
2025-10-29,CU,-0.1601485215840801
2025-10-29,IF,-0.020000000000000004
2025-10-29,IC,-0.020000000000000004
2025-10-29,IM,-0.02
2025-10-29,A,-0.18583362162615438
2025-10-29,P,-0.153755646879244
2025-10-29,RU,-0.12017209306688606
2025-10-30,UR,0.18404737607410027
2025-10-30,TA,0.2686946596593019
2025-10-30,TS,0.0684949681141935
2025-10-30,RM,0.07683728437559735
2025-10-30,CF,0.10879890732442908
2025-10-30,I,0.019999999999999997
2025-10-30,J,0.020000000000000073
2025-10-30,HC,0.019999999999999997
2025-10-30,SR,0.21312680445237794
2025-10-30,V,0.019999999999999997
2025-10-30,AG,-0.0439094854028456
2025-10-30,AU,-0.1254650995490874
2025-10-30,CU,-0.1539886646031616
2025-10-30,SC,-0.16567174276371535
2025-10-30,IF,-0.02
2025-10-30,IC,-0.02
2025-10-30,IM,-0.020000000000000007
2025-10-30,RU,-0.11838271345942165
2025-10-30,A,-0.17709845079960113
2025-10-30,P,-0.15548384342216723
2025-10-31,UR,0.1865317503727862
2025-10-31,TS,0.08425520069583475
2025-10-31,TA,0.2172230028213926
2025-10-31,RM,0.06670328490234258
2025-10-31,CF,0.1190831749420307
2025-10-31,I,0.02000000000000001
2025-10-31,J,0.02
2025-10-31,TF,0.08591138991518416
2025-10-31,HC,0.020000000000000035
2025-10-31,SR,0.18029219635042903
2025-10-31,AU,-0.11297531522628428
2025-10-31,AG,-0.06799826385472638
2025-10-31,CU,-0.14191500623007822
2025-10-31,IF,-0.05592278695646156
2025-10-31,SC,-0.15771411695578272
2025-10-31,IM,-0.02000000000000001
2025-10-31,IC,-0.020000000000000007
2025-10-31,A,-0.15028866504245988
2025-10-31,RU,-0.1288011365917624
2025-10-31,P,-0.14438470914244467
2025-11-03,UR,0.13272650932814553
2025-11-03,TS,0.10101924642581536
2025-11-03,TA,0.1485272605505019
2025-11-03,TF,0.10180945594077541
2025-11-03,RM,0.03716700571939742
2025-11-03,RB,0.09386928383998312
2025-11-03,CF,0.13152652205690452
2025-11-03,SR,0.13692323895973876
2025-11-03,I,0.02
2025-11-03,HC,0.09643147717873796
2025-11-03,AU,-0.10019467127976385
2025-11-03,AG,-0.02325731056745556
2025-11-03,IM,-0.02
2025-11-03,CU,-0.13792502548364768
2025-11-03,IF,-0.02
2025-11-03,IH,-0.06490217408793948
2025-11-03,SC,-0.10431912319672036
2025-11-03,A,-0.19344322229003452
2025-11-03,P,-0.12311228082271823
2025-11-03,M,-0.21284619227172033
2025-11-04,UR,0.236006497779513
2025-11-04,TA,0.23043767284504854
2025-11-04,TS,0.07903682240287467
2025-11-04,RB,0.019999999999999997
2025-11-04,RM,0.0507174696667778
2025-11-04,CF,0.1197884179165556
2025-11-04,J,0.020000000000000052
2025-11-04,TF,0.0840066083835749
2025-11-04,Y,0.14000651100565548
2025-11-04,HC,0.019999999999999997
2025-11-04,AU,-0.1053938996133256
2025-11-04,AG,-0.02000000000000002
2025-11-04,CU,-0.12884859193660347
2025-11-04,IM,-0.02
2025-11-04,SC,-0.10521233184711767
2025-11-04,IH,-0.06774801176304347
2025-11-04,IF,-0.020000000000000018
2025-11-04,A,-0.19140388380513298
2025-11-04,P,-0.12811695766897105
2025-11-04,M,-0.21327632336580574
2025-11-05,UR,0.3668737375271037
2025-11-05,TA,0.27166842430663746
2025-11-05,TS,0.0480463484831291
2025-11-05,CF,0.07572508660455889
2025-11-05,RM,0.10444570726270662
2025-11-05,RB,0.020000000000000028
2025-11-05,TF,0.05324069581586406
2025-11-05,J,0.019999999999999997
2025-11-05,I,0.020000000000000077
2025-11-05,SA,0.020000000000000046
2025-11-05,AU,-0.1500178892589398
2025-11-05,AG,-0.019999999999999997
2025-11-05,SC,-0.08775947774828816
2025-11-05,CU,-0.10595841616815263
2025-11-05,IH,-0.06781486419368622
2025-11-05,IF,-0.023017768732968503
2025-11-05,IM,-0.019999999999999997
2025-11-05,A,-0.22659998087165575
2025-11-05,M,-0.2788316030263088
2025-11-05,JM,-0.019999999999999997
2025-11-06,UR,0.309890590906181
2025-11-06,TS,0.06967737210329082
2025-11-06,TA,0.26140193378805743
2025-11-06,RB,0.02
2025-11-06,CF,0.10573625165664853
2025-11-06,J,0.020000000000000035
2025-11-06,RM,0.099708004709433
2025-11-06,TF,0.0735858468363892
2025-11-06,HC,0.02
2025-11-06,SA,0.02
2025-11-06,AU,-0.10352031660638396
2025-11-06,AG,-0.02
2025-11-06,SC,-0.11060602712015397
2025-11-06,CU,-0.12529629161773534
2025-11-06,IM,-0.019999999999999997
2025-11-06,IH,-0.06557722482684562
2025-11-06,IF,-0.019999999999999997
2025-11-06,A,-0.19290472198035
2025-11-06,M,-0.21366144048612756
2025-11-06,P,-0.12843397736240336
2025-11-07,UR,0.2868243057980065
2025-11-07,TS,0.07342354555850002
2025-11-07,RB,0.020000000000000028
2025-11-07,TA,0.2554393182023791
2025-11-07,RM,0.08334581373518678
2025-11-07,J,0.02
2025-11-07,HC,0.0350188276016246
2025-11-07,CF,0.1288042710466587
2025-11-07,TF,0.07714391805764437
2025-11-07,JD,0.02
2025-11-07,AU,-0.11073761814053543
2025-11-07,AG,-0.025748684983957795
2025-11-07,SC,-0.10214586530218654
2025-11-07,IM,-0.02
2025-11-07,IF,-0.02
2025-11-07,IH,-0.06359496453825417
2025-11-07,CU,-0.13101844812977248
2025-11-07,A,-0.20040115761906596
2025-11-07,RU,-0.10175440592940309
2025-11-07,M,-0.22459885535682458
2025-11-10,UR,0.11341949316601287
2025-11-10,TS,0.10030595010736454
2025-11-10,TA,0.11556963769060048
2025-11-10,CF,0.11930251035283804
2025-11-10,TF,0.10087614994616184
2025-11-10,RM,0.039555419552133465
2025-11-10,RB,0.12955795313875906
2025-11-10,NI,0.12835030056892255
2025-11-10,HC,0.12765994391814356
2025-11-10,JD,0.025402641559063667
2025-11-10,AU,-0.15960173502262656
2025-11-10,AG,-0.020000000000000007
2025-11-10,SC,-0.09804136472023237
2025-11-10,IM,-0.02
2025-11-10,IC,-0.02
2025-11-10,IF,-0.02
2025-11-10,CU,-0.18625085617809334
2025-11-10,A,-0.24963209511696205
2025-11-10,FU,-0.08194898703017243
2025-11-10,RU,-0.14452496193191341
2025-11-11,UR,0.22641417508850084
2025-11-11,TS,0.07681095047696286
2025-11-11,TA,0.2053306425915426
2025-11-11,CF,0.10772578392590494
2025-11-11,RM,0.06053435026983601
2025-11-11,RB,0.019999999999999987
2025-11-11,HC,0.019999999999999987
2025-11-11,NI,0.18123816610204305
2025-11-11,J,0.020000000000000125
2025-11-11,TF,0.08194593154520954
2025-11-11,AU,-0.1587588651978305
2025-11-11,SC,-0.0978600463275066
2025-11-11,AG,-0.02
2025-11-11,IM,-0.02
2025-11-11,IC,-0.02
2025-11-11,CU,-0.187320012582641
2025-11-11,IF,-0.020000000000000004
2025-11-11,A,-0.24706778816009853
2025-11-11,FU,-0.08000121960974653
2025-11-11,RU,-0.148992068122177
2025-11-12,UR,0.19926058713613026
2025-11-12,TA,0.16639911760256057
2025-11-12,TS,0.08609644404716499
2025-11-12,RB,0.020000000000000066
2025-11-12,CF,0.11021203750460976
2025-11-12,RM,0.04400270363034702
2025-11-12,NI,0.15887078493296702
2025-11-12,J,0.02000000000000001
2025-11-12,Y,0.14602296003950407
2025-11-12,I,0.04913536510671622
2025-11-12,AU,-0.14631079815430853
2025-11-12,AG,-0.02
2025-11-12,IM,-0.020000000000000018
2025-11-12,SC,-0.079361483977553
2025-11-12,IC,-0.02000000000000001
2025-11-12,SN,-0.20699153888113564
2025-11-12,IH,-0.08299543227242934
2025-11-12,A,-0.20811773478267037
2025-11-12,RU,-0.1442950766029041
2025-11-12,FU,-0.07192793532899897
2025-11-13,UR,0.1350189475200472
2025-11-13,TA,0.10871651472081928
2025-11-13,RB,0.0929128521143416
2025-11-13,I,0.020000000000000004
2025-11-13,TS,0.10018644015372713
2025-11-13,NI,0.14656605639444692
2025-11-13,CF,0.12086443082930212
2025-11-13,HC,0.1008413287602461
2025-11-13,JD,0.03524848432255429
2025-11-13,Y,0.13964494518451534
2025-11-13,AU,-0.10186463235997836
2025-11-13,AG,-0.02000000000000002
2025-11-13,IM,-0.02
2025-11-13,SC,-0.09052154333488462
2025-11-13,IC,-0.02
2025-11-13,SN,-0.1610273066054417
2025-11-13,IH,-0.020000000000000007
2025-11-13,A,-0.23107748926268354
2025-11-13,RU,-0.06854643293275779
2025-11-13,M,-0.26696259550425405
2025-11-14,UR,0.13534218326159522
2025-11-14,TA,0.10731181286712184
2025-11-14,RB,0.08792798437504261
2025-11-14,NI,0.15111784650182053
2025-11-14,TS,0.10018639855527786
2025-11-14,CF,0.11990565323299754
2025-11-14,HC,0.09508218619039915
2025-11-14,I,0.02
2025-11-14,Y,0.14038075737463185
2025-11-14,JD,0.042745177641113394
2025-11-14,AU,-0.1131588167180323
2025-11-14,AG,-0.02
2025-11-14,IM,-0.02
2025-11-14,SC,-0.10326623729624868
2025-11-14,SN,-0.13497919070007697
2025-11-14,IC,-0.02
2025-11-14,IH,-0.02
2025-11-14,A,-0.2418756669251523
2025-11-14,RU,-0.07178771238663464
2025-11-14,M,-0.2549323759738552
2025-11-17,UR,0.16949018926887652
2025-11-17,TA,0.20161268019488018
2025-11-17,RB,0.020000000000000098
2025-11-17,NI,0.182074791829329
2025-11-17,J,0.02
2025-11-17,I,0.049398161280856154
2025-11-17,CF,0.08183196028413485
2025-11-17,JD,0.051337113691625656
2025-11-17,Y,0.16837800958470747
2025-11-17,V,0.05587709386559014
2025-11-17,AU,-0.0781118530660748
2025-11-17,AG,-0.02
2025-11-17,IM,-0.02
2025-11-17,SN,-0.1355282908162892
2025-11-17,SC,-0.08271973129741188
2025-11-17,IC,-0.02
2025-11-17,IF,-0.02
2025-11-17,RU,-0.08119387713060226
2025-11-17,A,-0.26921100306741114
2025-11-17,M,-0.2732352446222107
2025-11-18,UR,0.17654412561794727
2025-11-18,TA,0.21159445890592718
2025-11-18,RB,0.019999999999999997
2025-11-18,I,0.06207207344846919
2025-11-18,J,0.020000000000000014
2025-11-18,JD,0.0564751568147278
2025-11-18,Y,0.19597256956485964
2025-11-18,V,0.019999999999999997
2025-11-18,CF,0.06634454221067075
2025-11-18,NI,0.1709970734373982
2025-11-18,AU,-0.030770375675799246
2025-11-18,AG,-0.02000000000000002
2025-11-18,SN,-0.1102985882493286
2025-11-18,SC,-0.06492270044225043
2025-11-18,IM,-0.020000000000000004
2025-11-18,IC,-0.020000000000000004
2025-11-18,TL,-0.15947870978246362
2025-11-18,M,-0.19198333632502015
2025-11-18,A,-0.1978522410617442
2025-11-18,OI,-0.18469404846339377
2025-11-19,UR,0.12662633718602592
2025-11-19,TA,0.10781791992026107
2025-11-19,I,0.020000000000000014
2025-11-19,RB,0.0889793883843924
2025-11-19,JD,0.04477372813243772
2025-11-19,Y,0.13943301518979367
2025-11-19,NI,0.14816006828078468
2025-11-19,CF,0.11983966782643264
2025-11-19,HC,0.09356571070120377
2025-11-19,V,0.11080416437866812
2025-11-19,AU,-0.05656324066529016
2025-11-19,AG,-0.02
2025-11-19,SN,-0.11936726750968656
2025-11-19,IM,-0.02
2025-11-19,SC,-0.08377579992869444
2025-11-19,IC,-0.02
2025-11-19,IF,-0.020000000000000004
2025-11-19,A,-0.2207503466047694
2025-11-19,M,-0.2260919918581666
2025-11-19,OI,-0.21345135343339272
2025-11-20,UR,0.1934821750700531
2025-11-20,TA,0.1979382645032361
2025-11-20,I,0.019999999999999997
2025-11-20,SR,0.15929466758778343
2025-11-20,Y,0.1557963939200787
2025-11-20,RB,0.019999999999999997
2025-11-20,J,0.020000000000000104
2025-11-20,CF,0.06592003972095871
2025-11-20,V,0.019999999999999997
2025-11-20,NI,0.14756845919788986
2025-11-20,AU,-0.020000000000000014
2025-11-20,AG,-0.020000000000000007
2025-11-20,SN,-0.10718110285155696
2025-11-20,SC,-0.05640114326472593
2025-11-20,IM,-0.02000000000000004
2025-11-20,IC,-0.020000000000000004
2025-11-20,TL,-0.1726649167836054
2025-11-20,A,-0.22905041465246329
2025-11-20,P,-0.11847967520802324
2025-11-20,M,-0.2362227472396251
2025-11-21,UR,0.18773033100724404
2025-11-21,TA,0.18764156779415095
2025-11-21,SR,0.15980015213099152
2025-11-21,I,0.02837067527871972
2025-11-21,Y,0.180819959190277
2025-11-21,RB,0.02
2025-11-21,V,0.02
2025-11-21,JD,0.040160336089159906
2025-11-21,J,0.020000000000000052
2025-11-21,NI,0.15547697850945696
2025-11-21,AU,-0.02
2025-11-21,AG,-0.02
2025-11-21,SN,-0.11280375124623758
2025-11-21,SC,-0.05131452503359335
2025-11-21,IM,-0.02
2025-11-21,A,-0.2246917560678107
2025-11-21,TL,-0.16423944496118503
2025-11-21,IC,-0.02
2025-11-21,P,-0.1314148891509088
2025-11-21,M,-0.23553563354026455
2025-11-24,UR,0.26902311784744776
2025-11-24,TA,0.3531643673597438
2025-11-24,SR,0.08016964428781674
2025-11-24,I,0.02000000000000005
2025-11-24,V,0.020000000000000365
2025-11-24,RB,0.020000000000000434
2025-11-24,JD,0.03426237553097835
2025-11-24,Y,0.1633804949740122
2025-11-24,JM,0.019999999999999997
2025-11-24,TS,0.020000000000000177
2025-11-24,AG,-0.020000000000000004
2025-11-24,SN,-0.0200000000000001
2025-11-24,AU,-0.02
2025-11-24,IF,-0.02
2025-11-24,SC,-0.02
2025-11-24,A,-0.31423291848029755
2025-11-24,TL,-0.2174344198645299
2025-11-24,IM,-0.020000000000000018
2025-11-24,P,-0.02947538444726886
2025-11-24,HC,-0.3188572772079036
2025-11-25,UR,0.16752353996482672
2025-11-25,TA,0.1646564268882568
2025-11-25,SR,0.14879934442467949
2025-11-25,I,0.06684356080949713
2025-11-25,V,0.052468263828305085
2025-11-25,RB,0.02000000000000007
2025-11-25,JD,0.04186701346084324
2025-11-25,Y,0.17298913720478482
2025-11-25,J,0.02
2025-11-25,NI,0.14485271341880676
2025-11-25,AG,-0.02
2025-11-25,SN,-0.02592218479551614
2025-11-25,AU,-0.02450834425901971
2025-11-25,A,-0.32558341565862087
2025-11-25,SC,-0.02
2025-11-25,IF,-0.02
2025-11-25,TL,-0.2144211420207395
2025-11-25,IM,-0.020000000000000004
2025-11-25,P,-0.020000000000000004
2025-11-25,HC,-0.3095649132661039
2025-11-26,UR,0.248121641001747
2025-11-26,TA,0.1764413230443143
2025-11-26,SR,0.16907408781247954
2025-11-26,I,0.04186248231383824
2025-11-26,Y,0.21108327187466436
2025-11-26,RB,0.020000000000000233
2025-11-26,V,0.020000000000000025
2025-11-26,JD,0.020000000000000046
2025-11-26,J,0.019999999999999997
2025-11-26,TS,0.0734171939529562
2025-11-26,AG,-0.020000000000000007
2025-11-26,SN,-0.03527466937128446
2025-11-26,AU,-0.022471583578772138
2025-11-26,A,-0.3208907569427007
2025-11-26,SC,-0.02
2025-11-26,IF,-0.020000000000000007
2025-11-26,TL,-0.21984862876085343
2025-11-26,IM,-0.02000000000000002
2025-11-26,P,-0.02
2025-11-26,HC,-0.3015143613463893
2025-11-27,UR,0.2570489414199896
2025-11-27,TA,0.1550977015451738
2025-11-27,I,0.028069873697375177
2025-11-27,SR,0.181337518484389
2025-11-27,RB,0.020000000000000056
2025-11-27,Y,0.22722912466008718
2025-11-27,JD,0.020000000000000014
2025-11-27,V,0.020000000000000028
2025-11-27,J,0.019999999999999997
2025-11-27,TS,0.07121684019298515
2025-11-27,AG,-0.019999999999999997
2025-11-27,AU,-0.021729236671402332
2025-11-27,SN,-0.019999999999999997
2025-11-27,SC,-0.020230099637671407
2025-11-27,A,-0.3283162252472901
2025-11-27,IF,-0.019999999999999997
2025-11-27,IM,-0.02000000000000002
2025-11-27,TL,-0.2231034371880556
2025-11-27,P,-0.020000000000000007
2025-11-27,HC,-0.30662100125558056
2025-11-28,UR,0.17750356979855586
2025-11-28,TA,0.12746606250481501
2025-11-28,SR,0.12933790646554458
2025-11-28,I,0.044630654823689137
2025-11-28,RB,0.02
2025-11-28,V,0.07493224848815033
2025-11-28,M,0.18081121223324192
2025-11-28,Y,0.13553322467387416
2025-11-28,J,0.020000000000000007
2025-11-28,TS,0.08978512101212904
2025-11-28,AG,-0.020000000000000028
2025-11-28,AU,-0.02832466353720182
2025-11-28,SN,-0.04783508765262489
2025-11-28,SC,-0.04494873976738652
2025-11-28,A,-0.46967202183488893
2025-11-28,IM,-0.02
2025-11-28,IF,-0.020000000000000042
2025-11-28,TL,-0.30921948720789777
2025-11-28,P,-0.02
2025-11-28,JM,-0.020000000000000066
2025-12-01,UR,0.24603712057599023
2025-12-01,TA,0.15121943216952463
2025-12-01,SR,0.14411736568205624
2025-12-01,I,0.06243995625008136
2025-12-01,V,0.07765625010994717
2025-12-01,Y,0.13735475997154104
2025-12-01,RB,0.020000000000000056
2025-12-01,J,0.020000000000000004
2025-12-01,RM,0.05916429902254608
2025-12-01,TS,0.0820108162183133
2025-12-01,AG,-0.019999999999999997
2025-12-01,SN,-0.022822156969433998
2025-12-01,AU,-0.02000000000000003
2025-12-01,SC,-0.020000000000000028
2025-12-01,A,-0.3290329008489295
2025-12-01,P,-0.020000000000000028
2025-12-01,IF,-0.019999999999999997
2025-12-01,IM,-0.020000000000000042
2025-12-01,TL,-0.2149291576078855
2025-12-01,HC,-0.31321578457375093
2025-12-02,UR,0.2386011883270833
2025-12-02,SR,0.1419093695110353
2025-12-02,I,0.10125672314301915
2025-12-02,TA,0.13296766468096158
2025-12-02,V,0.06366519106511477
2025-12-02,Y,0.13961981049725675
2025-12-02,RB,0.02
2025-12-02,J,0.020000000000000108
2025-12-02,RM,0.050667233387317566
2025-12-02,T,0.09131281938821155
2025-12-02,AG,-0.020000000000000007
2025-12-02,SN,-0.04094804915835085
2025-12-02,AU,-0.020000000000000004
2025-12-02,SC,-0.049215090991220393
2025-12-02,A,-0.490281283101841
2025-12-02,IF,-0.036327108830132536
2025-12-02,P,-0.020000000000000004
2025-12-02,TL,-0.2736322124855694
2025-12-02,IH,-0.020000000000000004
2025-12-02,RU,-0.029596255432885757
2025-12-03,UR,0.20667355644415897
2025-12-03,I,0.10598917411947598
2025-12-03,SR,0.1506353211918845
2025-12-03,V,0.0491968393727026
2025-12-03,J,0.0200000000000001
2025-12-03,RB,0.019999999999999997
2025-12-03,Y,0.19802616206664087
2025-12-03,TA,0.12375749142193966
2025-12-03,JD,0.033582215015240634
2025-12-03,T,0.09213924036795665
2025-12-03,AG,-0.020000000000000018
2025-12-03,AU,-0.019999999999999997
2025-12-03,SN,-0.020000000000000014
2025-12-03,SC,-0.05059942871643801
2025-12-03,IF,-0.019999999999999997
2025-12-03,TL,-0.27464006563258414
2025-12-03,A,-0.4808639350888974
2025-12-03,IH,-0.06266628882260655
2025-12-03,P,-0.020000000000000014
2025-12-03,RU,-0.031230281739473804
2025-12-04,UR,0.1405419425310967
2025-12-04,I,0.13022221388764965
2025-12-04,J,0.02
2025-12-04,SR,0.1081104131763667
2025-12-04,V,0.10898214423186396
2025-12-04,Y,0.12069992230355185
2025-12-04,RB,0.09772137559509611
2025-12-04,M,0.14098063369257058
2025-12-04,TA,0.11274135458180443
2025-12-04,IC,0.02
2025-12-04,AG,-0.02
2025-12-04,AU,-0.02000000000000004
2025-12-04,SN,-0.02
2025-12-04,SC,-0.0641315769399014
2025-12-04,IF,-0.020000000000000014
2025-12-04,TF,-0.096663181480073
2025-12-04,TL,-0.27176977319218654
2025-12-04,A,-0.4456265194560544
2025-12-04,P,-0.02
2025-12-04,RU,-0.02180894893178461
2025-12-05,UR,0.13759644344151287
2025-12-05,I,0.14858261814924098
2025-12-05,J,0.020000000000000052
2025-12-05,TA,0.1280628418386014
2025-12-05,Y,0.1400002414334138
2025-12-05,V,0.10912776987099553
2025-12-05,RB,0.11272680098522933
2025-12-05,JD,0.07848795844002465
2025-12-05,CF,0.10541532584098137
2025-12-05,IC,0.020000000000000004
2025-12-05,AG,-0.02
2025-12-05,SN,-0.020000000000000007
2025-12-05,AU,-0.02
2025-12-05,SC,-0.025027342311116453
2025-12-05,A,-0.3078881782224542
2025-12-05,IF,-0.019999999999999997
2025-12-05,TF,-0.09669995666111937
2025-12-05,P,-0.020000000000000035
2025-12-05,TL,-0.20048579359623822
2025-12-05,HC,-0.26989872920907165
2025-12-08,I,0.11690149165967856
2025-12-08,UR,0.1549900677638245
2025-12-08,TA,0.12665128992473632
2025-12-08,J,0.020000000000000018
2025-12-08,Y,0.14039933695089898
2025-12-08,SR,0.11630538013386146
2025-12-08,V,0.11400531521498683
2025-12-08,CF,0.09963767372746467
2025-12-08,RB,0.09110944462454865
2025-12-08,IC,0.02000000000000003
2025-12-08,AG,-0.020000000000000007
2025-12-08,SN,-0.020000000000000007
2025-12-08,AU,-0.02
2025-12-08,A,-0.3797073031124923
2025-12-08,SC,-0.02
2025-12-08,IF,-0.02
2025-12-08,TF,-0.08008848727457951
2025-12-08,P,-0.02000000000000002
2025-12-08,TS,-0.07101656809688847
2025-12-08,HC,-0.3491876415160397
2025-12-09,J,0.02
2025-12-09,I,0.16629901656813612
2025-12-09,UR,0.2376479549422651
2025-12-09,SR,0.13492406879828647
2025-12-09,SA,0.02
2025-12-09,V,0.06118436991806634
2025-12-09,JD,0.05229295750956173
2025-12-09,Y,0.26765163226368427
2025-12-09,RB,0.02000000000000006
2025-12-09,IC,0.02
2025-12-09,AG,-0.020000000000000025
2025-12-09,AU,-0.02
2025-12-09,SN,-0.020000000000000125
2025-12-09,A,-0.5
2025-12-09,SC,-0.02925104139370459
2025-12-09,TF,-0.17004962481999414
2025-12-09,IF,-0.042360366015106454
2025-12-09,P,-0.020000000000000004
2025-12-09,TS,-0.15833896777119474
2025-12-09,FU,-0.02
2025-12-10,UR,0.24899782907002233
2025-12-10,J,0.020000000000000077
2025-12-10,I,0.020000000000000132
2025-12-10,SR,0.17442894765186462
2025-12-10,Y,0.3754430762698817
2025-12-10,V,0.01999999999999999
2025-12-10,SA,0.020000000000000278
2025-12-10,JD,0.023964892020883814
2025-12-10,RB,0.01999999999999999
2025-12-10,T,0.07716525498734703
2025-12-10,AG,-0.019999999999999997
2025-12-10,AU,-0.019999999999999997
2025-12-10,SN,-0.02000000000000005
2025-12-10,A,-0.4999999999999999
2025-12-10,P,-0.020000000000000132
2025-12-10,SC,-0.04097704898895213
2025-12-10,TF,-0.06223414182936376
2025-12-10,IF,-0.022245806548110664
2025-12-10,FU,-0.03428395124168767
2025-12-10,TL,-0.2602590513918857
2025-12-11,UR,0.23394033390751512
2025-12-11,I,0.020000000000000094
2025-12-11,J,0.019999999999999983
2025-12-11,SA,0.019999999999999983
2025-12-11,V,0.02000000000000035
2025-12-11,JD,0.02892067836982604
2025-12-11,Y,0.35791770719521093
2025-12-11,RB,0.019999999999999983
2025-12-11,SR,0.20584798954835135
2025-12-11,T,0.07337329097909619
2025-12-11,AG,-0.02000000000000003
2025-12-11,AU,-0.019999999999999997
2025-12-11,A,-0.3009850005060496
2025-12-11,SC,-0.04096237649197357
2025-12-11,SN,-0.019999999999999997
2025-12-11,TF,-0.08606323405255935
2025-12-11,IF,-0.13026885871818947
2025-12-11,P,-0.2028431302831439
2025-12-11,FU,-0.03783515940125498
2025-12-11,IH,-0.1410422405468291
2025-12-12,UR,0.3550711809596111
2025-12-12,I,0.01999999999999999
2025-12-12,Y,0.4481983346184967
2025-12-12,JD,0.01999999999999999
2025-12-12,J,0.01999999999999999
2025-12-12,V,0.02
2025-12-12,SA,0.019999999999999997
2025-12-12,RB,0.01999999999999999
2025-12-12,RM,0.01999999999999999
2025-12-12,T,0.05673048442189199
2025-12-12,AG,-0.019999999999999997
2025-12-12,AU,-0.02000000000000003
2025-12-12,SN,-0.019999999999999997
2025-12-12,A,-0.25875027224581176
2025-12-12,SC,-0.04614368200987596
2025-12-12,IF,-0.14049588441450417
2025-12-12,TF,-0.09012488831027335
2025-12-12,P,-0.21801860714024385
2025-12-12,IH,-0.14178220003959696
2025-12-12,FU,-0.04468446583969387
2025-12-15,J,0.020000000000000025
2025-12-15,UR,0.3524558723748468
2025-12-15,Y,0.44833616562035805
2025-12-15,JD,0.023951249925114455
2025-12-15,RM,0.023990653764472222
2025-12-15,I,0.020000000000000004
2025-12-15,SA,0.020000000000000004
2025-12-15,V,0.02
2025-12-15,RB,0.02
2025-12-15,T,0.051266058315208446
2025-12-15,AG,-0.02
2025-12-15,AU,-0.02
2025-12-15,A,-0.5
2025-12-15,SC,-0.03673119414869998
2025-12-15,SN,-0.020000000000000035
2025-12-15,TF,-0.04854756555994477
2025-12-15,IF,-0.03597369899344656
2025-12-15,P,-0.020053907944947755
2025-12-15,FU,-0.02824663045831391
2025-12-15,TL,-0.27044700289464696
2025-12-16,UR,0.14185380413165907
2025-12-16,J,0.020000000000000046
2025-12-16,RM,0.12371061657473525
2025-12-16,I,0.13404056134068526
2025-12-16,V,0.0919026703655668
2025-12-16,JD,0.07866106764922165
2025-12-16,SA,0.02000000000000001
2025-12-16,SR,0.13165012309373283
2025-12-16,RB,0.09614433129305068
2025-12-16,IM,0.16203682555134846
2025-12-16,AG,-0.020000000000000014
2025-12-16,AU,-0.020000000000000018
2025-12-16,SC,-0.06488943417291679
2025-12-16,TF,-0.09509081275787234
2025-12-16,IF,-0.12222447342467675
2025-12-16,A,-0.2527192366738042
2025-12-16,SN,-0.020000000000000004
2025-12-16,FU,-0.05531950941395282
2025-12-16,P,-0.2586806282326954
2025-12-16,TS,-0.0910759053240817
2025-12-17,RM,0.09268285195941825
2025-12-17,J,0.02000000000000001
2025-12-17,UR,0.16092701442987065
2025-12-17,SA,0.02000000000000001
2025-12-17,JD,0.07221407119911737
2025-12-17,V,0.103202967848224
2025-12-17,RB,0.10292018810535034
2025-12-17,M,0.1352030044193798
2025-12-17,I,0.14635358780846058
2025-12-17,IM,0.14649631423017903
2025-12-17,AG,-0.02
2025-12-17,AU,-0.020000000000000004
2025-12-17,SC,-0.02
2025-12-17,IF,-0.020000000000000052
2025-12-17,A,-0.33438261541430825
2025-12-17,TF,-0.056997655228613914
2025-12-17,NI,-0.13557865832073576
2025-12-17,FU,-0.02000000000000002
2025-12-17,HC,-0.353041071036342
2025-12-17,IH,-0.020000000000000025
2025-12-18,UR,0.14031097701460832
2025-12-18,SA,0.020000000000000014
2025-12-18,RM,0.1156889332221619
2025-12-18,V,0.0962887779758548
2025-12-18,J,0.020000000000000025
2025-12-18,JD,0.08020089922526084
2025-12-18,I,0.13366265116303566
2025-12-18,M,0.142124242797446
2025-12-18,RB,0.09296168363499016
2025-12-18,IM,0.15876183496664237
2025-12-18,AG,-0.02000000000000001
2025-12-18,AU,-0.02
2025-12-18,SC,-0.02
2025-12-18,IF,-0.020000000000000035
2025-12-18,A,-0.4236282374134036
2025-12-18,SN,-0.02
2025-12-18,HC,-0.3614990333607455
2025-12-18,TF,-0.05508365144343115
2025-12-18,IH,-0.039789077782419656
2025-12-18,FU,-0.02
2025-12-19,UR,0.14179374636765313
2025-12-19,RB,0.09611764919336495
2025-12-19,V,0.09605705542295531
2025-12-19,J,0.020000000000000028
2025-12-19,RM,0.10886883940402269
2025-12-19,SA,0.020000000000000007
2025-12-19,M,0.14190870104131814
2025-12-19,JD,0.0676546385829787
2025-12-19,I,0.14013719677182862
2025-12-19,IM,0.1674621732158783
2025-12-19,AG,-0.02
2025-12-19,AU,-0.021371442289740694
2025-12-19,SC,-0.02
2025-12-19,A,-0.42428399982391757
2025-12-19,SN,-0.02
2025-12-19,IF,-0.02
2025-12-19,HC,-0.36588163188904566
2025-12-19,IH,-0.0372050030515373
2025-12-19,TF,-0.05125792294575893
2025-12-19,FU,-0.02
2025-12-22,RB,0.099221090140569
2025-12-22,V,0.09875080978050697
2025-12-22,UR,0.13841530186162398
2025-12-22,J,0.02000000000000001
2025-12-22,SA,0.02
2025-12-22,RM,0.11888178882662459
2025-12-22,JD,0.05166773234539294
2025-12-22,M,0.1461195552970776
2025-12-22,I,0.14576795534361328
2025-12-22,IM,0.1611757664045917
2025-12-22,AG,-0.02
2025-12-22,AU,-0.02000000000000001
2025-12-22,SN,-0.02
2025-12-22,A,-0.33443341467872717
2025-12-22,SC,-0.02
2025-12-22,HC,-0.31474286958182734
2025-12-22,TL,-0.18526730969135843
2025-12-22,IH,-0.02000000000000005
2025-12-22,TF,-0.04555640604808706
2025-12-22,P,-0.020000000000000007
2025-12-23,RB,0.07356276496744873
2025-12-23,UR,0.1377063909776949
2025-12-23,V,0.09560601861471059
2025-12-23,SA,0.020000000000000018
2025-12-23,RM,0.11133151177458522
2025-12-23,J,0.02
2025-12-23,Y,0.14991292370246703
2025-12-23,I,0.100892831964044
2025-12-23,M,0.13611808621575333
2025-12-23,IM,0.1548694717832961
2025-12-23,AG,-0.02
2025-12-23,AU,-0.02000000000000008
2025-12-23,SN,-0.0200000000000001
2025-12-23,A,-0.3264476668349587
2025-12-23,SC,-0.02
2025-12-23,TL,-0.19442561309331652
2025-12-23,IH,-0.02
2025-12-23,P,-0.02000000000000001
2025-12-23,TF,-0.051874815582518385
2025-12-23,HC,-0.30725190448920625
2025-12-24,RB,0.0661212765621056
2025-12-24,V,0.08892168807812201
2025-12-24,UR,0.12604338716791064
2025-12-24,SA,0.020000000000000028
2025-12-24,Y,0.13941068945289195
2025-12-24,SR,0.14226870638798092
2025-12-24,RM,0.14485561625177426
2025-12-24,J,0.019999999999999997
2025-12-24,IM,0.16066701280622234
2025-12-24,I,0.09171162329299228
2025-12-24,AG,-0.019999999999999997
2025-12-24,AU,-0.01999999999999999
2025-12-24,SN,-0.01999999999999999
2025-12-24,SC,-0.02
2025-12-24,A,-0.4238462333391233
2025-12-24,TF,-0.01999999999999999
2025-12-24,IH,-0.020000000000000004
2025-12-24,IC,-0.01999999999999999
2025-12-24,HC,-0.4161537666608767
2025-12-24,P,-0.020000000000000007
2025-12-25,SA,0.020000000000000098
2025-12-25,RB,0.02000000000000005
2025-12-25,V,0.07705758213771323
2025-12-25,J,0.020000000000000028
2025-12-25,Y,0.13718277305395984
2025-12-25,SR,0.16142531214012906
2025-12-25,IM,0.2594724923396814
2025-12-25,M,0.14274506941221815
2025-12-25,UR,0.14211677091629832
2025-12-25,JM,0.02
2025-12-25,AG,-0.019999999999999997
2025-12-25,AU,-0.019999999999999997
2025-12-25,SC,-0.02
2025-12-25,SN,-0.020000000000000042
2025-12-25,A,-0.45526744303248734
2025-12-25,TF,-0.020000000000000035
2025-12-25,IF,-0.020000000000000035
2025-12-25,IH,-0.019999999999999997
2025-12-25,HC,-0.3847325569675126
2025-12-25,TA,-0.02
2025-12-26,RB,0.08189798308380374
2025-12-26,SA,0.019999999999999997
2025-12-26,V,0.09093167015639728
2025-12-26,Y,0.16942834662454687
2025-12-26,J,0.020000000000000028
2025-12-26,UR,0.13153686127507325
2025-12-26,RM,0.14546739073982165
2025-12-26,JD,0.05062310306550747
2025-12-26,I,0.12661336143170188
2025-12-26,IM,0.1635012836231478
2025-12-26,AG,-0.020000000000000014
2025-12-26,AU,-0.02
2025-12-26,SN,-0.02000000000000001
2025-12-26,SC,-0.02000000000000004
2025-12-26,A,-0.3881618580226267
2025-12-26,IF,-0.02
2025-12-26,IC,-0.02
2025-12-26,IH,-0.02
2025-12-26,TA,-0.12749492435454612
2025-12-26,HC,-0.34434321762282716
2025-12-29,SA,0.02000000000000002
2025-12-29,RB,0.0757449494262009
2025-12-29,Y,0.13904566786903816
2025-12-29,RM,0.136134197841721
2025-12-29,V,0.0792070066638869
2025-12-29,J,0.019999999999999997
2025-12-29,IM,0.15436663294968261
2025-12-29,M,0.1371195558845229
2025-12-29,I,0.11365093722618037
2025-12-29,UR,0.124731052138767
2025-12-29,AG,-0.019999999999999997
2025-12-29,AU,-0.019999999999999997
2025-12-29,SN,-0.02000000000000002
2025-12-29,SC,-0.020000000000000014
2025-12-29,A,-0.3531119071698684
2025-12-29,TL,-0.1820068890163114
2025-12-29,IF,-0.020000000000000077
2025-12-29,IC,-0.019999999999999997
2025-12-29,HC,-0.2625741698614501
2025-12-29,TA,-0.08230703395237021
2025-12-30,Y,0.13358440043657321
2025-12-30,SA,0.020000000000000004
2025-12-30,M,0.13613854494774474
2025-12-30,IM,0.1497387738710145
2025-12-30,RM,0.1345981097700356
2025-12-30,UR,0.12278192969638037
2025-12-30,RB,0.08091651530912039
2025-12-30,V,0.07901897506638399
2025-12-30,I,0.1232227509027472
2025-12-30,J,0.020000000000000004
2025-12-30,AG,-0.02
2025-12-30,SN,-0.02
2025-12-30,AU,-0.0200000000000001
2025-12-30,SC,-0.02
2025-12-30,IF,-0.02
2025-12-30,A,-0.4196005542732979
2025-12-30,IH,-0.020000000000000018
2025-12-30,TL,-0.15555283728560756
2025-12-30,HC,-0.27304972310849374
2025-12-30,TA,-0.03179688533260068
2025-12-31,SA,0.02000000000000003
2025-12-31,M,0.13543276628613138
2025-12-31,Y,0.13540349544497005
2025-12-31,UR,0.12419331846906143
2025-12-31,J,0.02
2025-12-31,IM,0.14777251669066757
2025-12-31,RM,0.1279391743114685
2025-12-31,RB,0.08161995232503036
2025-12-31,V,0.08116658719865734
2025-12-31,I,0.12647218927401346
2025-12-31,AG,-0.02
2025-12-31,SN,-0.020000000000000028
2025-12-31,AU,-0.020000000000000025
2025-12-31,SC,-0.02
2025-12-31,IH,-0.02
2025-12-31,TL,-0.12666700458644095
2025-12-31,A,-0.4567510372861254
2025-12-31,IF,-0.020000000000000028
2025-12-31,HC,-0.2765819581274336
2025-12-31,FU,-0.020000000000000094
2026-01-05,SA,0.02000000000000003
2026-01-05,M,0.13320607052759154
2026-01-05,RM,0.12660740088940758
2026-01-05,Y,0.131484665988944
2026-01-05,J,0.02
2026-01-05,RB,0.08385725677504155
2026-01-05,V,0.08072685336770243
2026-01-05,UR,0.12035147705616817
2026-01-05,IM,0.1535211853727773
2026-01-05,I,0.13024509002236725
2026-01-05,AG,-0.01999999999999999
2026-01-05,SN,-0.020000000000000184
2026-01-05,AU,-0.020000000000000042
2026-01-05,SC,-0.01999999999999999
2026-01-05,IH,-0.01999999999999999
2026-01-05,HC,-0.27150805986029514
2026-01-05,A,-0.4364761554738124
2026-01-05,TL,-0.152015784665892
2026-01-05,IF,-0.01999999999999999
2026-01-05,FU,-0.02000000000000018
2026-01-06,RM,0.12293703616190321
2026-01-06,SA,0.02
2026-01-06,RB,0.02000000000000001
2026-01-06,Y,0.16843954767345837
2026-01-06,CF,0.08490924258731038
2026-01-06,UR,0.08487997307659123
2026-01-06,I,0.182055469127442
2026-01-06,JM,0.02000000000000001
2026-01-06,T,0.08169923315226132
2026-01-06,IM,0.2150794982210335
2026-01-06,AG,-0.020000000000000004
2026-01-06,SN,-0.02
2026-01-06,AU,-0.03747151368300291
2026-01-06,SC,-0.18812435861055174
2026-01-06,IH,-0.09708782640253594
2026-01-06,IF,-0.09558740548349952
2026-01-06,A,-0.1512480258352239
2026-01-06,IC,-0.07705516582325829
2026-01-06,FU,-0.18269848547688974
2026-01-06,MA,-0.13072721868503798
2026-01-07,UR,0.029338072549569334
2026-01-07,RM,0.02000000000000038
2026-01-07,SA,0.020000000000000278
2026-01-07,Y,0.49999999999999967
2026-01-07,RB,0.019999999999999987
2026-01-07,CF,0.0200000000000004
2026-01-07,I,0.019999999999999987
2026-01-07,T,0.33066192745042977
2026-01-07,TF,0.02000000000000006
2026-01-07,J,0.020000000000000285
2026-01-07,AG,-0.019999999999999997
2026-01-07,SN,-0.0200000000000001
2026-01-07,AU,-0.020000000000000163
2026-01-07,SC,-0.061993235222867704
2026-01-07,A,-0.35412505738218153
2026-01-07,P,-0.2166052363815307
2026-01-07,IH,-0.019999999999999997
2026-01-07,IC,-0.020000000000000028
2026-01-07,IF,-0.020000000000000125
2026-01-07,HC,-0.24727647101341965
2026-01-08,UR,0.11185123291528905
2026-01-08,RM,0.10838333223416959
2026-01-08,SA,0.02
2026-01-08,Y,0.11166823933021182
2026-01-08,CF,0.10474611337559558
2026-01-08,T,0.10157133096366554
2026-01-08,TF,0.10109782848594143
2026-01-08,RB,0.10017943172477325
2026-01-08,I,0.10771487032150996
2026-01-08,IM,0.13278762064884383
2026-01-08,AG,-0.02000000000000002
2026-01-08,SN,-0.020000000000000014
2026-01-08,AU,-0.019999999999999997
2026-01-08,SC,-0.07477557494888402
2026-01-08,A,-0.3402012253463013
2026-01-08,IH,-0.02000000000000004
2026-01-08,MA,-0.02000000000000011
2026-01-08,P,-0.2249597918041457
2026-01-08,HC,-0.24006340790066902
2026-01-08,IF,-0.019999999999999997
2026-01-09,UR,0.31151804720751597
2026-01-09,RM,0.02
2026-01-09,TF,0.0757468464389948
2026-01-09,SA,0.020000000000000087
2026-01-09,Y,0.36768837493579165
2026-01-09,T,0.09055459903657441
2026-01-09,JD,0.02
2026-01-09,RB,0.02
2026-01-09,TS,0.05449213238112309
2026-01-09,I,0.02
2026-01-09,AG,-0.019999999999999997
2026-01-09,SN,-0.020000000000000216
2026-01-09,AU,-0.020000000000000188
2026-01-09,SC,-0.052138523106658057
2026-01-09,A,-0.3571039508838583
2026-01-09,IH,-0.020000000000000056
2026-01-09,P,-0.23166841515055486
2026-01-09,MA,-0.02000000000000006
2026-01-09,HC,-0.23908911085892826
2026-01-09,IF,-0.020000000000000007
2026-01-12,RM,0.11579252349890123
2026-01-12,TF,0.1012820296831346
2026-01-12,Y,0.11515180991313806
2026-01-12,UR,0.11617873620329629
2026-01-12,T,0.10183134641433103
2026-01-12,RB,0.10523619171604602
2026-01-12,TS,0.10046884458244426
2026-01-12,CF,0.10803070749477242
2026-01-12,I,0.1160278104939358
2026-01-12,SA,0.02000000000000013
2026-01-12,AG,-0.020000000000000025
2026-01-12,SN,-0.019999999999999983
2026-01-12,NI,-0.019999999999999983
2026-01-12,SC,-0.17120763037879047
2026-01-12,A,-0.4699976385383909
2026-01-12,P,-0.21879473108281872
2026-01-12,IC,-0.019999999999999983
2026-01-12,MA,-0.019999999999999987
2026-01-12,IH,-0.019999999999999983
2026-01-12,IM,-0.019999999999999983
2026-01-13,RM,0.11996178657891952
2026-01-13,TF,0.10116143877507837
2026-01-13,UR,0.11478302305347421
2026-01-13,Y,0.11453122179048855
2026-01-13,RB,0.10425994587328791
2026-01-13,T,0.10166253636211808
2026-01-13,CF,0.10908433118954727
2026-01-13,TS,0.10042336927037053
2026-01-13,I,0.11413234710671565
2026-01-13,SA,0.020000000000000004
2026-01-13,AG,-0.020000000000000184
2026-01-13,SN,-0.019999999999999983
2026-01-13,NI,-0.019999999999999983
2026-01-13,SC,-0.14393211603902492
2026-01-13,P,-0.14963099836671676
2026-01-13,A,-0.2826437929397509
2026-01-13,IC,-0.019999999999999983
2026-01-13,LH,-0.30379309265450716
2026-01-13,IM,-0.019999999999999983
2026-01-13,MA,-0.02000000000000007
2026-01-14,RB,0.06983699890818448
2026-01-14,RM,0.02000000000000006
2026-01-14,TF,0.11078349693141573
2026-01-14,CF,0.1735165089773443
2026-01-14,SR,0.22258166887436065
2026-01-14,UR,0.14452055460964347
2026-01-14,T,0.11651028166507521
2026-01-14,RU,0.020000000000000077
2026-01-14,I,0.02
2026-01-14,TS,0.10225049003397604
2026-01-14,AG,-0.020000000000000222
2026-01-14,SN,-0.019999999999999966
2026-01-14,NI,-0.020000000000000108
2026-01-14,P,-0.20909260463026844
2026-01-14,SC,-0.34119363921884993
2026-01-14,A,-0.2093160323943609
2026-01-14,IH,-0.019999999999999966
2026-01-14,IF,-0.019999999999999966
2026-01-14,LH,-0.12039772375652048
2026-01-14,IC,-0.019999999999999966
2026-01-15,RM,0.12377010006124703
2026-01-15,RB,0.10359868919380907
2026-01-15,Y,0.11394875167028401
2026-01-15,TF,0.10111396479881929
2026-01-15,UR,0.1145203902639842
2026-01-15,CF,0.10863753596554068
2026-01-15,SA,0.019999999999999997
2026-01-15,T,0.10165915744295195
2026-01-15,I,0.11235731549053882
2026-01-15,TS,0.10039409511282485
2026-01-15,AG,-0.019999999999999987
2026-01-15,SN,-0.020000000000000195
2026-01-15,NI,-0.020000000000000216
2026-01-15,P,-0.2137424971973375
2026-01-15,IF,-0.019999999999999987
2026-01-15,SC,-0.3238100308043782
2026-01-15,IH,-0.019999999999999987
2026-01-15,A,-0.20745914233019908
2026-01-15,IC,-0.020000000000001114
2026-01-15,MA,-0.13498832966808377
2026-01-16,Y,0.11154731341600213
2026-01-16,RM,0.11906466875953503
2026-01-16,RB,0.1026129807999649
2026-01-16,UR,0.11261399016684537
2026-01-16,CF,0.10615680224011508
2026-01-16,I,0.10813900223170349
2026-01-16,SA,0.020000000000000077
2026-01-16,RU,0.11502464398838129
2026-01-16,HC,0.10413159676606751
2026-01-16,TF,0.10070900163138505
2026-01-16,AG,-0.020000000000000264
2026-01-16,SN,-0.01999999999999998
2026-01-16,AU,-0.02000000000000007
2026-01-16,P,-0.41830214374635344
2026-01-16,IH,-0.01999999999999998
2026-01-16,SC,-0.02000000000000019
2026-01-16,IF,-0.01999999999999998
2026-01-16,IC,-0.01999999999999998
2026-01-16,A,-0.421697856253646
2026-01-16,MA,-0.0200000000000002
2026-01-19,Y,0.11159677035993532
2026-01-19,RM,0.1205846417136176
2026-01-19,RB,0.10186495472055289
2026-01-19,UR,0.11395779333816519
2026-01-19,HC,0.10331419679324849
2026-01-19,CF,0.10647324377630761
2026-01-19,SA,0.020000000000000042
2026-01-19,I,0.1070765406203372
2026-01-19,RU,0.11497332217986059
2026-01-19,TS,0.10015853649797518
2026-01-19,AG,-0.020000000000000278
2026-01-19,SN,-0.02000000000000019
2026-01-19,AU,-0.01999999999999995
2026-01-19,P,-0.4241919351146629
2026-01-19,IF,-0.01999999999999995
2026-01-19,SC,-0.02000000000000055
2026-01-19,IH,-0.01999999999999995
2026-01-19,IC,-0.01999999999999995
2026-01-19,A,-0.37527796741686176
2026-01-19,V,-0.060530097468474355
2026-01-20,Y,0.11316199983089857
2026-01-20,RM,0.11622422952702793
2026-01-20,RB,0.0982401087078521
2026-01-20,UR,0.1101520933195492
2026-01-20,I,0.10250351201982541
2026-01-20,HC,0.10015910472234789
2026-01-20,OI,0.12988885686838206
2026-01-20,SA,0.02
2026-01-20,RU,0.10954688723475939
2026-01-20,TS,0.10012320776935743
2026-01-20,AG,-0.019999999999999973
2026-01-20,SN,-0.019999999999999973
2026-01-20,AU,-0.020000000000000455
2026-01-20,P,-0.41840681154992476
2026-01-20,SC,-0.019999999999999976
2026-01-20,IF,-0.020000000000000323
2026-01-20,IH,-0.02000000000000017
2026-01-20,IC,-0.02000000000000055
2026-01-20,A,-0.3457734516203638
2026-01-20,V,-0.09581973682971014
2026-01-21,Y,0.11250645807871607
2026-01-21,RM,0.11502914456046082
2026-01-21,UR,0.10951288810133762
2026-01-21,RB,0.09966099658164099
2026-01-21,HC,0.10141622636028257
2026-01-21,I,0.10398448338283887
2026-01-21,OI,0.12788886026532026
2026-01-21,SA,0.020000000000000004
2026-01-21,RU,0.10948342413839635
2026-01-21,TF,0.10051751853100659
2026-01-21,AG,-0.019999999999999997
2026-01-21,SN,-0.02000000000000013
2026-01-21,AU,-0.019999999999999997
2026-01-21,P,-0.4999999999999999
2026-01-21,SC,-0.03167989262640299
2026-01-21,IF,-0.02000000000000015
2026-01-21,IH,-0.020000000000000122
2026-01-21,IC,-0.020000000000000413
2026-01-21,A,-0.3283201073735963
2026-01-21,JM,-0.02000000000000002
2026-01-22,Y,0.1
2026-01-22,RB,0.1
2026-01-22,RM,0.1
2026-01-22,HC,0.1
2026-01-22,UR,0.1
2026-01-22,I,0.1
2026-01-22,TA,0.1
2026-01-22,OI,0.1
2026-01-22,TS,0.1
2026-01-22,RU,0.1
2026-01-22,AG,-0.020000000000000077
2026-01-22,SN,-0.02000000000000004
2026-01-22,NI,-0.020000000000000042
2026-01-22,P,-0.4999999999999992
2026-01-22,SC,-0.09431116628988727
2026-01-22,IF,-0.01999999999999997
2026-01-22,A,-0.21941598393906825
2026-01-22,IM,-0.01999999999999997
2026-01-22,IH,-0.01999999999999997
2026-01-22,V,-0.06627284977104538
2026-01-23,RB,0.11982014455065246
2026-01-23,HC,0.11638604235166139
2026-01-23,Y,0.125031413344641
2026-01-23,I,0.09206177350100293
2026-01-23,UR,0.12434926142360174
2026-01-23,RM,0.11187316069868157
2026-01-23,TA,0.02000000000000001
2026-01-23,CF,0.11176804336651987
2026-01-23,TS,0.09982559158092195
2026-01-23,RU,0.07888456918231705
2026-01-23,AG,-0.020000000000000226
2026-01-23,SN,-0.020000000000000195
2026-01-23,NI,-0.01999999999999997
2026-01-23,P,-0.4999999999999992
2026-01-23,IF,-0.01999999999999997
2026-01-23,SC,-0.11909012500158823
2026-01-23,A,-0.1433791209937565
2026-01-23,IM,-0.01999999999999997
2026-01-23,IH,-0.01999999999999997
2026-01-23,LH,-0.11753075400465583
2026-01-26,RB,0.10706029319195672
2026-01-26,HC,0.10566306050892152
2026-01-26,RM,0.06508487725282974
2026-01-26,I,0.019999999999999997
2026-01-26,Y,0.15741848854596444
2026-01-26,TS,0.09996668899912724
2026-01-26,TA,0.019999999999999997
2026-01-26,SR,0.17285234373275904
2026-01-26,UR,0.150165838175393
2026-01-26,TF,0.10178840959304827
2026-01-26,AG,-0.020000000000000233
2026-01-26,SN,-0.020000000000000743
2026-01-26,P,-0.3815226477883728
2026-01-26,NI,-0.019999999999999938
2026-01-26,A,-0.22244785091779692
2026-01-26,IF,-0.019999999999999938
2026-01-26,IM,-0.019999999999999938
2026-01-26,IC,-0.019999999999999938
2026-01-26,SC,-0.02000000000000162
2026-01-26,LH,-0.25602950129382784
2026-01-27,HC,0.09019586933848964
2026-01-27,RB,0.08552857786975267
2026-01-27,TS,0.0969882819164086
2026-01-27,I,0.02
2026-01-27,UR,0.1576812738241499
2026-01-27,TF,0.1004474292366142
2026-01-27,Y,0.1923596270227317
2026-01-27,RM,0.02
2026-01-27,SR,0.21679894079185336
2026-01-27,TA,0.02000000000000002
2026-01-27,AG,-0.020000000000000445
2026-01-27,SN,-0.020000000000000132
2026-01-27,NI,-0.02000000000000042
2026-01-27,P,-0.28702620461707407
2026-01-27,IM,-0.019999999999999938
2026-01-27,A,-0.25101886270910906
2026-01-27,IF,-0.019999999999999938
2026-01-27,IC,-0.019999999999999938
2026-01-27,SC,-0.020000000000003175
2026-01-27,LH,-0.32195493267381303
2026-01-28,HC,0.08133280099841741
2026-01-28,RB,0.07428616730025461
2026-01-28,TS,0.09441972742028279
2026-01-28,UR,0.15502377163998496
2026-01-28,I,0.02
2026-01-28,SR,0.23238863197415482
2026-01-28,TF,0.09839911087328722
2026-01-28,RM,0.020000000000000025
2026-01-28,Y,0.20414978979361822
2026-01-28,TA,0.02
2026-01-28,AG,-0.019999999999999987
2026-01-28,SN,-0.02000000000000007
2026-01-28,NI,-0.020000000000000025
2026-01-28,P,-0.48147379056134226
2026-01-28,IM,-0.020000000000000576
2026-01-28,IC,-0.019999999999999987
2026-01-28,IF,-0.019999999999999987
2026-01-28,SC,-0.020000000000000878
2026-01-28,A,-0.3585262094386563
2026-01-28,FU,-0.019999999999999987
2026-01-29,HC,0.06463844192840984
2026-01-29,RB,0.05046626419638645
2026-01-29,UR,0.12243114245011502
2026-01-29,TS,0.10033883839653131
2026-01-29,I,0.02
2026-01-29,TF,0.10762710493284446
2026-01-29,RM,0.020000000000000028
2026-01-29,T,0.11285262132940477
2026-01-29,SR,0.21339770185432666
2026-01-29,Y,0.18824788491198158
2026-01-29,AG,-0.02000000000000041
2026-01-29,SN,-0.019999999999999973
2026-01-29,P,-0.49999999999999933
2026-01-29,NI,-0.019999999999999973
2026-01-29,IM,-0.04529588151867472
2026-01-29,IC,-0.019999999999999973
2026-01-29,IF,-0.020000000000000427
2026-01-29,A,-0.3147041184813242
2026-01-29,SC,-0.019999999999999973
2026-01-29,FU,-0.020000000000000816
2026-01-30,HC,0.11949607238700562
2026-01-30,RB,0.12374541098272172
2026-01-30,TS,0.10017568974866126
2026-01-30,TF,0.10077030214489478
2026-01-30,T,0.10133125255425172
2026-01-30,SR,0.11808462336240814
2026-01-30,UR,0.121039981144752
2026-01-30,RM,0.09985172424609758
2026-01-30,TA,0.02000000000000004
2026-01-30,CF,0.09550494342920714
2026-01-30,AG,-0.019999999999999997
2026-01-30,P,-0.11800600918202628
2026-01-30,SN,-0.019999999999999997
2026-01-30,NI,-0.020000000000000254
2026-01-30,A,-0.1794488529719731
2026-01-30,IM,-0.020000000000000025
2026-01-30,SC,-0.08254513784600113
2026-01-30,IF,-0.02000000000000037
2026-01-30,IC,-0.020000000000000465
2026-01-30,JD,-0.4999999999999985
2026-02-02,RB,0.1235446299062698
2026-02-02,HC,0.11908072896637913
2026-02-02,UR,0.12203560350940997
2026-02-02,RM,0.10719026360475155
2026-02-02,CF,0.09596087643844901
2026-02-02,TA,0.02
2026-02-02,Y,0.1110296763784328
2026-02-02,TS,0.10007917768807725
2026-02-02,T,0.10068352604396869
2026-02-02,TF,0.10039551746426188
2026-02-02,AG,-0.020000000000007425
2026-02-02,AU,-0.020000000000013857
2026-02-02,P,-0.020000000000006263
2026-02-02,SN,-0.020000000000006263
2026-02-02,A,-0.33999999999970526
2026-02-02,IM,-0.020000000000006263
2026-02-02,SC,-0.020000000000084454
2026-02-02,IF,-0.02000000000000726
2026-02-02,IC,-0.020000000000006263
2026-02-02,JD,-0.5000000000001567
2026-02-03,UR,0.11591609393141522
2026-02-03,HC,0.11039713333304725
2026-02-03,RB,0.11161879781429969
2026-02-03,TS,0.10059615565559961
2026-02-03,RM,0.08761403485487197
2026-02-03,Y,0.1276978799696056
2026-02-03,TF,0.10170916945630472
2026-02-03,T,0.10236107619344358
2026-02-03,SR,0.12208965879141252
2026-02-03,V,0.02000000000000001
2026-02-03,AU,-0.020000000000000035
2026-02-03,P,-0.01999999999999992
2026-02-03,AG,-0.020000000000000108
2026-02-03,SN,-0.020000000000000018
2026-02-03,A,-0.34000000000000213
2026-02-03,IM,-0.01999999999999992
2026-02-03,SC,-0.01999999999999992
2026-02-03,IC,-0.01999999999999992
2026-02-03,IF,-0.01999999999999992
2026-02-03,JD,-0.499999999999998
2026-02-04,HC,0.11445270063911613
2026-02-04,RB,0.11702193466007332
2026-02-04,UR,0.11949308392799075
2026-02-04,TS,0.10059279588016422
2026-02-04,SR,0.12240906626717823
2026-02-04,RM,0.09226798743869379
2026-02-04,TF,0.10163686538676087
2026-02-04,CF,0.10993293815028204
2026-02-04,T,0.10219262764974077
2026-02-04,V,0.020000000000000004
2026-02-04,AU,-0.020000000000000014
2026-02-04,P,-0.019999999999999782
2026-02-04,AG,-0.019999999999999782
2026-02-04,SN,-0.0200000000000007
2026-02-04,A,-0.340000000000004
2026-02-04,IM,-0.019999999999999785
2026-02-04,IC,-0.019999999999999782
2026-02-04,SC,-0.019999999999999782
2026-02-04,IF,-0.02000000000000179
2026-02-04,JD,-0.49999999999999456
2026-02-05,HC,0.1244550787743282
2026-02-05,RB,0.12647807217009424
2026-02-05,UR,0.1122964231578036
2026-02-05,TS,0.1007085602652012
2026-02-05,MA,0.020000000000000028
2026-02-05,RM,0.09960789311744772
2026-02-05,CF,0.10412681180608441
2026-02-05,Y,0.10838186552285231
2026-02-05,TF,0.10171634275601947
2026-02-05,T,0.10222895243016886
2026-02-05,AU,-0.019999999999635944
2026-02-05,AG,-0.019999999999296487
2026-02-05,SN,-0.019999999999345517
2026-02-05,P,-0.019999999999245458
2026-02-05,A,-0.0691608146836324
2026-02-05,IM,-0.019999999999245458
2026-02-05,SC,-0.29083918533997144
2026-02-05,IC,-0.019999999999245458
2026-02-05,IF,-0.019999999999245458
2026-02-05,JD,-0.4999999999811364
2026-02-06,RB,0.1286396119574183
2026-02-06,HC,0.12503005591377817
2026-02-06,MA,0.020000000000000004
2026-02-06,RM,0.10754368610616456
2026-02-06,Y,0.11951807548041662
2026-02-06,UR,0.11819895232281848
2026-02-06,CF,0.1091256852929922
2026-02-06,TS,0.10039006245533254
2026-02-06,V,0.04276352174781697
2026-02-06,I,0.12879034872326212
2026-02-06,AU,-0.019999999999991684
2026-02-06,AG,-0.019999999999991684
2026-02-06,P,-0.020000000000190237
2026-02-06,SN,-0.019999999999991684
2026-02-06,A,-0.020000000000318412
2026-02-06,SC,-0.4999999999997024
2026-02-06,IM,-0.019999999999991684
2026-02-06,IC,-0.020000000000117306
2026-02-06,IF,-0.02000000000000086
2026-02-06,JD,-0.3399999999997041
2026-02-09,HC,0.12480618106869515
2026-02-09,RB,0.12823097214370835
2026-02-09,MA,0.020000000000000004
2026-02-09,RM,0.10758749327037784
2026-02-09,Y,0.11935423211393485
2026-02-09,V,0.04315093642594346
2026-02-09,CF,0.10919043047064736
2026-02-09,TS,0.10040786249043328
2026-02-09,UR,0.11840296735602512
2026-02-09,I,0.12886892466023453
2026-02-09,AU,-0.020000000000006152
2026-02-09,AG,-0.019999999999997017
2026-02-09,P,-0.019999999999996236
2026-02-09,SN,-0.019999999999997447
2026-02-09,A,-0.020000000000275964
2026-02-09,SC,-0.49999999999990585
2026-02-09,IM,-0.019999999999996236
2026-02-09,IF,-0.019999999999997634
2026-02-09,IC,-0.019999999999996236
2026-02-09,JD,-0.3399999999998313
2026-02-10,HC,0.12605226485299237
2026-02-10,RB,0.12926706150151396
2026-02-10,MA,0.020000000000000007
2026-02-10,Y,0.12269545511721525
2026-02-10,V,0.03426214910641277
2026-02-10,TS,0.10044570236104369
2026-02-10,CF,0.11029913702150826
2026-02-10,RM,0.1071681195074809
2026-02-10,UR,0.12051680934458149
2026-02-10,I,0.12929330118725135
2026-02-10,AU,-0.02
2026-02-10,AG,-0.02
2026-02-10,P,-0.020000000000000087
2026-02-10,SN,-0.02
2026-02-10,A,-0.020000000000000094
2026-02-10,SC,-0.46035111716100247
2026-02-10,IF,-0.020000000000000323
2026-02-10,IM,-0.02000000000000019
2026-02-10,IC,-0.020000000000000236
2026-02-10,FU,-0.3796488828389968
2026-02-11,HC,0.12282755009670784
2026-02-11,RB,0.12659698535861755
2026-02-11,TS,0.10041964376573843
2026-02-11,CF,0.11227209204689995
2026-02-11,Y,0.1259818047763639
2026-02-11,V,0.02
2026-02-11,MA,0.02
2026-02-11,UR,0.12241772362883775
2026-02-11,SR,0.12360846727698785
2026-02-11,I,0.12587573304984678
2026-02-11,AG,-0.019999999999999855
2026-02-11,AU,-0.020000000000000673
2026-02-11,SN,-0.019999999999999855
2026-02-11,P,-0.020000000000001596
2026-02-11,SC,-0.49999999999998085
2026-02-11,A,-0.31179691228319767
2026-02-11,IM,-0.019999999999999855
2026-02-11,IC,-0.02000000000000073
2026-02-11,IF,-0.019999999999999855
2026-02-11,LH,-0.048203087716819096
2026-02-12,HC,0.12889638363637693
2026-02-12,TS,0.10014376489132867
2026-02-12,RB,0.1333461899285613
2026-02-12,UR,0.12886038778847755
2026-02-12,V,0.020000000000000004
2026-02-12,MA,0.02000000000000001
2026-02-12,Y,0.12313942695108
2026-02-12,CF,0.1129226329391307
2026-02-12,M,0.13183978297615986
2026-02-12,TF,0.10085143088888508
2026-02-12,AG,-0.02000000000000001
2026-02-12,AU,-0.020000000000000143
2026-02-12,SN,-0.01999999999999999
2026-02-12,SC,-0.38909758964675406
2026-02-12,P,-0.01999999999999999
2026-02-12,A,-0.09011401581954374
2026-02-12,IC,-0.01999999999999999
2026-02-12,FU,-0.38078839453370217
2026-02-12,IM,-0.01999999999999999
2026-02-12,IF,-0.01999999999999999
2026-02-13,HC,0.12425213201313293
2026-02-13,RB,0.1287477218561085
2026-02-13,TS,0.10031683360211896
2026-02-13,Y,0.11365586073210507
2026-02-13,UR,0.12261086485374174
2026-02-13,V,0.051930091829967114
2026-02-13,MA,0.020000000000000004
2026-02-13,OI,0.1037187079251829
2026-02-13,CF,0.11012539407043552
2026-02-13,I,0.12464239311720729
2026-02-13,AG,-0.02000000000000006
2026-02-13,AU,-0.019999999999999973
2026-02-13,SN,-0.019999999999999973
2026-02-13,SC,-0.3864230179520572
2026-02-13,P,-0.019999999999999973
2026-02-13,A,-0.047701157368113256
2026-02-13,IC,-0.019999999999999973
2026-02-13,FU,-0.4258758246798296
2026-02-13,IM,-0.019999999999999973
2026-02-13,LH,-0.019999999999999976
2026-02-24,HC,0.21142103297220466
2026-02-24,RB,0.2308265006635357
2026-02-24,TS,0.09254554841384192
2026-02-24,Y,0.09841227867771223
2026-02-24,UR,0.1582085851676874
2026-02-24,OI,0.020000000000000004
2026-02-24,TF,0.09544543487101427
2026-02-24,MA,0.020000000000000056
2026-02-24,V,0.020000000000000018
2026-02-24,CF,0.053140619234003914
2026-02-24,AG,-0.020000000000000205
2026-02-24,AU,-0.02000000000000295
2026-02-24,SN,-0.019999999999999903
2026-02-24,SC,-0.020000000000027107
2026-02-24,IC,-0.019999999999999466
2026-02-24,P,-0.019999999999999466
2026-02-24,A,-0.1495866723092336
2026-02-24,FU,-0.4999999999999867
2026-02-24,IM,-0.019999999999999466
2026-02-24,LH,-0.21041332769075113
2026-02-25,HC,0.13816082666393212
2026-02-25,RB,0.14262199981670345
2026-02-25,TS,0.09847363947250487
2026-02-25,M,0.14971181764530395
2026-02-25,I,0.11493207538401837
2026-02-25,Y,0.11482170725280667
2026-02-25,V,0.020000000000000007
2026-02-25,UR,0.12117708721304384
2026-02-25,MA,0.019999999999999997
2026-02-25,OI,0.08010084655168662
2026-02-25,AU,-0.01999999999999999
2026-02-25,AG,-0.02000000000000004
2026-02-25,SC,-0.2844796758489273
2026-02-25,SN,-0.02000000000000011
2026-02-25,IC,-0.020000000000000146
2026-02-25,P,-0.01999999999999999
2026-02-25,IM,-0.020000000000000136
2026-02-25,A,-0.07552032415107253
2026-02-25,FU,-0.4999999999999998
2026-02-25,IH,-0.01999999999999999
2026-02-26,HC,0.1258931025399961
2026-02-26,RB,0.1305046726880952
2026-02-26,TS,0.10009951671910837
2026-02-26,I,0.12578062675236568
2026-02-26,M,0.12379745120879627
2026-02-26,OI,0.09060555601051122
2026-02-26,MA,0.020000000000000004
2026-02-26,V,0.05676835126348235
2026-02-26,RM,0.11732055639225399
2026-02-26,UR,0.1092301664253908
2026-02-26,AU,-0.019999999999999955
2026-02-26,AG,-0.020000000000000136
2026-02-26,SC,-0.27642581376483966
2026-02-26,SN,-0.020000000000000056
2026-02-26,P,-0.019999999999999955
2026-02-26,IC,-0.02000000000000083
2026-02-26,A,-0.08357418623515968
2026-02-26,IM,-0.020000000000000823
2026-02-26,FU,-0.4999999999999989
2026-02-26,IH,-0.019999999999999955
2026-02-27,HC,0.11288416634509138
2026-02-27,RB,0.11532012629003031
2026-02-27,I,0.11381322952425663
2026-02-27,M,0.12297486147453089
2026-02-27,TS,0.09714164205697809
2026-02-27,SA,0.02000000000000001
2026-02-27,UR,0.13241714439586408
2026-02-27,RM,0.1264068084413221
2026-02-27,OI,0.1390420214719265
2026-02-27,V,0.020000000000000018
2026-02-27,AU,-0.01999999999999999
2026-02-27,AG,-0.020000000000000014
2026-02-27,SC,-0.3035035346354572
2026-02-27,SN,-0.020000000000000052
2026-02-27,IC,-0.02000000000000024
2026-02-27,P,-0.020000000000000115
2026-02-27,IM,-0.020000000000000236
2026-02-27,IH,-0.01999999999999999
2026-02-27,FU,-0.49999999999999956
2026-02-27,A,-0.056496465364542545
2026-03-02,HC,0.14299884331985716
2026-03-02,RB,0.15015500491685582
2026-03-02,TS,0.0968931744000354
2026-03-02,I,0.15261399467404227
2026-03-02,V,0.020000000000000056
2026-03-02,Y,0.12601932582835162
2026-03-02,M,0.15093882225127186
2026-03-02,MA,0.019999999999999997
2026-03-02,OI,0.12038083460958575
2026-03-02,SA,0.020000000000000007
2026-03-02,AU,-0.01999999990546809
2026-03-02,AG,-0.019999999909269286
2026-03-02,SC,-0.020000000914248854
2026-03-02,SN,-0.01999999990925473
2026-03-02,IC,-0.02000000731221203
2026-03-02,P,-0.01999999990546809
2026-03-02,A,-0.4999998928795834
2026-03-02,IM,-0.01999999990546809
2026-03-02,FU,-0.3400000994535592
2026-03-02,IH,-0.01999999990546809
2026-03-03,HC,0.14179280884370585
2026-03-03,RB,0.15457590731013798
2026-03-03,TS,0.09709804786303898
2026-03-03,OI,0.09000511290891276
2026-03-03,Y,0.11660210264903773
2026-03-03,V,0.020000000000000004
2026-03-03,TF,0.09591707246985168
2026-03-03,CF,0.10770013586671134
2026-03-03,I,0.15630881208860375
2026-03-03,TA,0.02000000000000002
2026-03-03,AU,-0.02000000000230195
2026-03-03,AG,-0.020000000001857064
2026-03-03,SC,-0.02000000000183335
2026-03-03,SN,-0.02000000000183335
2026-03-03,P,-0.02000000000183335
2026-03-03,FU,-0.1338287258341191
2026-03-03,A,-0.22617127410672147
2026-03-03,IC,-0.02000000000183335
2026-03-03,IM,-0.02000000000183335
2026-03-03,LH,-0.5000000000458338
2026-03-04,HC,0.14119269999413414
2026-03-04,RB,0.15193987246981075
2026-03-04,Y,0.11418606937755044
2026-03-04,TS,0.09739743507601627
2026-03-04,OI,0.0874598253375521
2026-03-04,V,0.019999999999999997
2026-03-04,TF,0.0964903262241816
2026-03-04,TA,0.020000000000000004
2026-03-04,RM,0.12413870745267067
2026-03-04,I,0.14719506406808391
2026-03-04,AG,-0.020000000000000042
2026-03-04,AU,-0.019999999999999872
2026-03-04,SC,-0.020000000000001246
2026-03-04,P,-0.019999999999999872
2026-03-04,A,-0.29275367171062894
2026-03-04,SN,-0.019999999999999872
2026-03-04,FU,-0.06724632828936897
2026-03-04,IC,-0.019999999999999872
2026-03-04,LH,-0.4999999999999968
2026-03-04,IM,-0.02000000000000447
2026-03-05,HC,0.14154368788993518
2026-03-05,RB,0.152287540210233
2026-03-05,TS,0.09724052044722022
2026-03-05,V,0.02
2026-03-05,I,0.14623036406240947
2026-03-05,RM,0.12278800013153693
2026-03-05,OI,0.08891342210664498
2026-03-05,TF,0.09627852716670171
2026-03-05,Y,0.11471793798531857
2026-03-05,TA,0.020000000000000004
2026-03-05,AG,-0.01999999999999641
2026-03-05,AU,-0.020000000000018437
2026-03-05,SC,-0.01999999999999526
2026-03-05,FU,-0.06590783688023973
2026-03-05,IC,-0.01999999999999526
2026-03-05,P,-0.020000000000027163
2026-03-05,A,-0.2940921631198557
2026-03-05,SN,-0.01999999999999526
2026-03-05,IM,-0.01999999999999526
2026-03-05,LH,-0.49999999999988154
2026-03-06,HC,0.11183689571425512
2026-03-06,RB,0.11713901542626715
2026-03-06,OI,0.09717833469521465
2026-03-06,I,0.10780354132091792
2026-03-06,V,0.02
2026-03-06,TF,0.10010907948307099
2026-03-06,TS,0.10013931497537272
2026-03-06,RM,0.10112151492955321
2026-03-06,UR,0.12543148839119417
2026-03-06,CF,0.11924081506415388
2026-03-06,AU,-0.02000000000000013
2026-03-06,SC,-0.020000000000000673
2026-03-06,AG,-0.02000000000000002
2026-03-06,A,-0.020000000000000292
2026-03-06,FU,-0.3443796588429469
2026-03-06,P,-0.01999999999999999
2026-03-06,IC,-0.21334829039902112
2026-03-06,IM,-0.3022720507580309
2026-03-06,SN,-0.01999999999999999
2026-03-06,IH,-0.01999999999999999
2026-03-09,HC,0.11457885426644611
2026-03-09,RB,0.11902180702372793
2026-03-09,I,0.11215709215467458
2026-03-09,M,0.10535958120220432
2026-03-09,UR,0.116614022171642
2026-03-09,OI,0.09486809378610814
2026-03-09,RM,0.10001540826121778
2026-03-09,TF,0.10173868416355882
2026-03-09,V,0.02000000000000001
2026-03-09,TL,0.11564645697042032
2026-03-09,SC,-0.020000000000004473
2026-03-09,AU,-0.019999999999999987
2026-03-09,AG,-0.019999999999999987
2026-03-09,A,-0.49999999999997174
2026-03-09,FU,-0.06978565980325961
2026-03-09,IC,-0.020000000000016747
2026-03-09,P,-0.04729090917756499
2026-03-09,IM,-0.26292343101918203
2026-03-09,SN,-0.020000000000000077
2026-03-09,IH,-0.020000000000000275
2026-03-10,HC,0.12033922086819447
2026-03-10,RB,0.1235361647775307
2026-03-10,I,0.13532263972131772
2026-03-10,M,0.12093188969034642
2026-03-10,OI,0.11577230656084522
2026-03-10,UR,0.12106984715478855
2026-03-10,TF,0.0997573477012033
2026-03-10,RM,0.12327058352577361
2026-03-10,SA,0.02
2026-03-10,V,0.02
2026-03-10,SC,-0.020000000000000014
2026-03-10,AU,-0.019999999999999223
2026-03-10,AG,-0.019999999999999223
2026-03-10,IC,-0.020000000000039597
2026-03-10,A,-0.4999999999999427
2026-03-10,FU,-0.020000000000002183
2026-03-10,IM,-0.20471817672283782
2026-03-10,P,-0.15528182327718082
2026-03-10,IF,-0.019999999999999223
2026-03-10,NI,-0.019999999999999223
2026-03-11,I,0.04521007539426152
2026-03-11,RB,0.11500578712293359
2026-03-11,HC,0.11571230912882197
2026-03-11,M,0.020000000000000004
2026-03-11,UR,0.07056191299382088
2026-03-11,SA,0.020000000000000004
2026-03-11,RM,0.020000000000000004
2026-03-11,JD,0.41578279930299805
2026-03-11,TF,0.0838274418514948
2026-03-11,RU,0.09389967420566919
2026-03-11,AU,-0.0200000000183878
2026-03-11,SC,-0.02000000000038521
2026-03-11,AG,-0.020000000000047334
2026-03-11,IH,-0.02000000000156083
2026-03-11,FU,-0.02000000001237875
2026-03-11,IC,-0.07702164712890402
2026-03-11,IF,-0.020000000002067475
2026-03-11,A,-0.4999999999637407
2026-03-11,SN,-0.020000000000228054
2026-03-11,P,-0.28297835287229967
2026-03-12,I,0.23302044991680287
2026-03-12,M,0.09349471171884294
2026-03-12,J,0.019999999999999938
2026-03-12,UR,0.02000000000000203
2026-03-12,RB,0.052708433653071825
2026-03-12,JD,0.49999999999999334
2026-03-12,SA,0.019999999999999938
2026-03-12,RM,0.020000000000002037
2026-03-12,TF,0.020776404711285095
2026-03-12,MA,0.019999999999999938
2026-03-12,AU,-0.37481569650067104
2026-03-12,SC,-0.02000000000000001
2026-03-12,AG,-0.02
2026-03-12,SR,-0.020000000000000167
2026-03-12,IH,-0.020000000000000094
2026-03-12,SN,-0.02000000000000005
2026-03-12,T,-0.020000000000000087
2026-03-12,IC,-0.30552951234323417
2026-03-12,CF,-0.02
2026-03-12,FU,-0.17965479115609445
2026-03-13,I,0.020000000000000042
2026-03-13,JD,0.4093048577436679
2026-03-13,J,0.019999999999999997
2026-03-13,UR,0.020000000000000157
2026-03-13,M,0.020000000000000035
2026-03-13,JM,0.019999999999999997
2026-03-13,SA,0.020000000000000188
2026-03-13,MA,0.019999999999999997
2026-03-13,LH,0.4306951422563315
2026-03-13,TF,0.02000000000000017
2026-03-13,AU,-0.02000000000000036
2026-03-13,AG,-0.02
2026-03-13,SR,-0.019999999999999983
2026-03-13,SC,-0.02000000000000013
2026-03-13,SN,-0.019999999999999983
2026-03-13,T,-0.12571968894278188
2026-03-13,IH,-0.019999999999999983
2026-03-13,CF,-0.23428031105721828
2026-03-13,V,-0.49999999999999944
2026-03-13,IF,-0.019999999999999983
2026-03-16,I,0.02000000000000014
2026-03-16,J,0.019999999999999997
2026-03-16,JD,0.344507294377456
2026-03-16,UR,0.02000000000000012
2026-03-16,JM,0.019999999999999997
2026-03-16,M,0.07366263344873572
2026-03-16,SA,0.02000000000000012
2026-03-16,LH,0.44183007217380776
2026-03-16,MA,0.019999999999999997
2026-03-16,TF,0.02000000000000028
2026-03-16,AU,-0.02000000000000019
2026-03-16,AG,-0.020000000000000007
2026-03-16,SN,-0.020000000000000184
2026-03-16,SR,-0.13268120309574688
2026-03-16,SC,-0.020000000000000042
2026-03-16,IH,-0.020000000000000077
2026-03-16,CF,-0.10913574274355838
2026-03-16,IC,-0.020000000000000025
2026-03-16,V,-0.5000000000000002
2026-03-16,IM,-0.13818305416069404
2026-03-17,J,0.019999999999999997
2026-03-17,I,0.02000000000000005
2026-03-17,JD,0.3488696526545868
2026-03-17,UR,0.020000000000000226
2026-03-17,JM,0.019999999999999997
2026-03-17,M,0.060638732138032954
2026-03-17,SA,0.020000000000000247
2026-03-17,MA,0.019999999999999997
2026-03-17,LH,0.4504916152073796
2026-03-17,TF,0.020000000000000198
2026-03-17,AU,-0.020000000000001544
2026-03-17,AG,-0.020000000000001055
2026-03-17,SN,-0.02000000000000214
2026-03-17,SR,-0.020000000000000347
2026-03-17,SC,-0.1571169074910697
2026-03-17,IH,-0.020000000000000347
2026-03-17,CF,-0.20288309250891526
2026-03-17,IC,-0.5000000000000088
2026-03-17,T,-0.02000000000000035
2026-03-17,RU,-0.020000000000000347
2026-03-18,I,0.020000000000000007
2026-03-18,UR,0.02
2026-03-18,J,0.020000000000000052
2026-03-18,JD,0.36104844577752476
2026-03-18,M,0.06968708617905783
2026-03-18,JM,0.02000000000000006
2026-03-18,LH,0.4292644680434172
2026-03-18,SA,0.01999999999999999
2026-03-18,TF,0.01999999999999999
2026-03-18,MA,0.02000000000000005
2026-03-18,AU,-0.01999999999419358
2026-03-18,NI,-0.019999999993296713
2026-03-18,AG,-0.01999999999342582
2026-03-18,IH,-0.019999999993296713
2026-03-18,SC,-0.019999999993296713
2026-03-18,SR,-0.019999999993296713
2026-03-18,IF,-0.019999999993296713
2026-03-18,T,-0.34000000022018256
2026-03-18,A,-0.49999999983241783
2026-03-18,CF,-0.019999999993296713
2026-03-19,J,0.020000000000000056
2026-03-19,I,0.01999999999999999
2026-03-19,JD,0.38363758006069515
2026-03-19,UR,0.01999999999999999
2026-03-19,M,0.054383445749503885
2026-03-19,JM,0.020000000000000115
2026-03-19,LH,0.4219789741898007
2026-03-19,SA,0.01999999999999999
2026-03-19,TF,0.01999999999999999
2026-03-19,MA,0.020000000000000025
2026-03-19,AU,-0.01999999999999999
2026-03-19,AG,-0.01999999999999999
2026-03-19,NI,-0.02000000000000002
2026-03-19,SR,-0.05031693448134189
2026-03-19,SC,-0.01999999999999999
2026-03-19,IH,-0.03099103630043642
2026-03-19,IF,-0.06519997375709101
2026-03-19,IC,-0.1521092168840317
2026-03-19,CF,-0.12138283857709921
2026-03-19,V,-0.4999999999999998
2026-03-20,JD,0.3540819821433095
2026-03-20,J,0.020000000000000035
2026-03-20,I,0.14393296805933956
2026-03-20,UR,0.020000000000000004
2026-03-20,LH,0.3619850497973508
2026-03-20,RB,0.020000000000000035
2026-03-20,M,0.020000000000000014
2026-03-20,SA,0.019999999999999997
2026-03-20,TF,0.02000000000000002
2026-03-20,FU,0.019999999999999997
2026-03-20,AU,-0.020000000000000104
2026-03-20,AG,-0.020000000000000004
2026-03-20,SN,-0.02000000000000002
2026-03-20,SC,-0.02000000000000005
2026-03-20,SR,-0.020000000000000007
2026-03-20,IH,-0.020000000000000063
2026-03-20,IC,-0.02000000000000002
2026-03-20,IM,-0.09636441452759818
2026-03-20,V,-0.5
2026-03-20,A,-0.26363558547240157
2026-03-23,JD,0.3065351270891333
2026-03-23,I,0.0972644759962937
2026-03-23,J,0.019999999999999997
2026-03-23,UR,0.020000000000000046
2026-03-23,RB,0.019999999999999997
2026-03-23,LH,0.4562003969145728
2026-03-23,M,0.020000000000000104
2026-03-23,TF,0.02000000000000006
2026-03-23,SA,0.019999999999999997
2026-03-23,FU,0.020000000000000007
2026-03-23,AG,-0.02000000000000001
2026-03-23,AU,-0.02
2026-03-23,SN,-0.02
2026-03-23,SC,-0.02
2026-03-23,SR,-0.0571472552329117
2026-03-23,IC,-0.136027142745016
2026-03-23,IF,-0.06832714739111245
2026-03-23,IH,-0.0393964732695654
2026-03-23,V,-0.5
2026-03-23,CF,-0.11910198136139448
2026-03-24,JD,0.2834728057820123
2026-03-24,I,0.02000000000000046
2026-03-24,UR,0.020000000000000375
2026-03-24,J,0.02000000000000013
2026-03-24,LH,0.4999999999999988
2026-03-24,JM,0.020000000000000174
2026-03-24,M,0.020000000000000306
2026-03-24,SA,0.019999999999999983
2026-03-24,TL,0.03613535531369767
2026-03-24,TF,0.06039183890428966
2026-03-24,AU,-0.02000000000000016
2026-03-24,AG,-0.02000000000000016
2026-03-24,SN,-0.02000000000000016
2026-03-24,SC,-0.02000000000000016
2026-03-24,SR,-0.02000000000000094
2026-03-24,IF,-0.15397378445273796
2026-03-24,V,-0.20582030302508506
2026-03-24,IH,-0.02000000000000016
2026-03-24,A,-0.500000000000004
2026-03-24,TS,-0.02020591252217111
2026-03-25,JD,0.30316155950279144
2026-03-25,UR,0.019999999999999997
2026-03-25,I,0.020000000000000007
2026-03-25,LH,0.4999999999999999
2026-03-25,J,0.019999999999999997
2026-03-25,JM,0.02
2026-03-25,M,0.02000000000000005
2026-03-25,SA,0.019999999999999997
2026-03-25,TL,0.031061255234883182
2026-03-25,TF,0.045777185262325326
2026-03-25,AU,-0.020000000000003435
2026-03-25,AG,-0.020000000000002217
2026-03-25,SN,-0.02000000000000216
2026-03-25,IH,-0.02000000000000216
2026-03-25,SR,-0.020000000000010114
2026-03-25,IF,-0.16330916463340722
2026-03-25,SC,-0.02000000000000216
2026-03-25,A,-0.500000000000054
2026-03-25,TS,-0.02003884792214351
2026-03-25,V,-0.19665198744437304
2026-03-26,JD,0.37507626200992245
2026-03-26,I,0.020000000000000056
2026-03-26,UR,0.020000000000000104
2026-03-26,J,0.020000000000000046
2026-03-26,JM,0.020000000000000087
2026-03-26,LH,0.4500411700961786
2026-03-26,SA,0.01999999999999999
2026-03-26,M,0.01999999999999999
2026-03-26,TL,0.0348825678938985
2026-03-26,TF,0.02000000000000005
2026-03-26,AU,-0.020000000000015145
2026-03-26,AG,-0.020000000000015446
2026-03-26,SN,-0.020000000000015145
2026-03-26,SC,-0.020000000000015145
2026-03-26,IF,-0.15584230971973065
2026-03-26,V,-0.20415769027978112
2026-03-26,IH,-0.020000000000015145
2026-03-26,TS,-0.02000000000001843
2026-03-26,RU,-0.020000000000015145
2026-03-26,A,-0.5000000000003786
2026-03-27,JD,0.2784558017332582
2026-03-27,I,0.020000000000000313
2026-03-27,UR,0.019999999999999983
2026-03-27,J,0.020000000000000222
2026-03-27,JM,0.02000000000000025
2026-03-27,LH,0.49999999999999956
2026-03-27,SA,0.019999999999999983
2026-03-27,M,0.02000000000000009
2026-03-27,FU,0.02000000000000005
2026-03-27,TL,0.08154419826674149
2026-03-27,AU,-0.0200000000000012
2026-03-27,AG,-0.020000000000001444
2026-03-27,SN,-0.0200000000000012
2026-03-27,RU,-0.0200000000000012
2026-03-27,IH,-0.0200000000000012
2026-03-27,V,-0.20123588878585988
2026-03-27,SC,-0.0200000000000012
2026-03-27,TS,-0.020145844253298677
2026-03-27,IF,-0.15861826696080414
2026-03-27,A,-0.50000000000003
2026-03-30,JD,0.3641713028044001
2026-03-30,I,0.020000000000000115
2026-03-30,LH,0.4703554340721807
2026-03-30,UR,0.02000000000000007
2026-03-30,J,0.020000000000000056
2026-03-30,JM,0.020000000000000073
2026-03-30,SA,0.01999999999999999
2026-03-30,M,0.020000000000000104
2026-03-30,TF,0.020000000000000046
2026-03-30,TL,0.02547326312341857
2026-03-30,AU,-0.02
2026-03-30,AG,-0.020000000000000007
2026-03-30,SN,-0.020000000000000025
2026-03-30,RU,-0.019999999999999997
2026-03-30,P,-0.019999999999999997
2026-03-30,SC,-0.02000000000000001
2026-03-30,V,-0.4932247796882284
2026-03-30,IM,-0.34677522031177155
2026-03-30,TS,-0.019999999999999997
2026-03-30,IH,-0.019999999999999997
2026-03-31,RB,0.019999999999999997
2026-03-31,TF,0.08214830777671871
2026-03-31,UR,0.019999999999999997
2026-03-31,I,0.019999999999999997
2026-03-31,JD,0.2686874570817528
2026-03-31,J,0.020000000000000004
2026-03-31,TL,0.17211355621051877
2026-03-31,LH,0.27701130020988074
2026-03-31,M,0.030096324169182374
2026-03-31,T,0.08994305455194666
2026-03-31,AU,-0.01999999999999999
2026-03-31,AG,-0.020000000000000007
2026-03-31,SN,-0.01999999999999999
2026-03-31,P,-0.020000000000001215
2026-03-31,SC,-0.01999999999999999
2026-03-31,RU,-0.020000000000000295
2026-03-31,V,-0.40103765717797735
2026-03-31,A,-0.17846507858166127
2026-03-31,IM,-0.15958826297554649
2026-03-31,IC,-0.1409090012648134
2026-04-01,RB,0.02000000000000011
2026-04-01,TF,0.06123183677926922
2026-04-01,UR,0.020000000000000007
2026-04-01,TL,0.19132094890443083
2026-04-01,J,0.02000000000000001
2026-04-01,I,0.020000000000000007
2026-04-01,JD,0.43502990662623814
2026-04-01,T,0.07482625418614214
2026-04-01,M,0.04074229797610067
2026-04-01,SR,0.11684875552781898
2026-04-01,P,-0.019999999999999987
2026-04-01,AU,-0.020000000000000025
2026-04-01,AG,-0.019999999999999997
2026-04-01,SN,-0.020000000000000018
2026-04-01,A,-0.16438925561926382
2026-04-01,SC,-0.020000000000000094
2026-04-01,RU,-0.019999999999999987
2026-04-01,V,-0.3952031457251214
2026-04-01,IC,-0.15145844277446094
2026-04-01,IM,-0.16894915588115364
2026-04-02,RB,0.02000000000000025
2026-04-02,TF,0.07969671962639872
2026-04-02,UR,0.020000000000000035
2026-04-02,J,0.019999999999999997
2026-04-02,I,0.020000000000000104
2026-04-02,TL,0.15068421704374516
2026-04-02,JD,0.2402843341788001
2026-04-02,LH,0.2653015112167274
2026-04-02,T,0.0872679743087809
2026-04-02,SR,0.09676524362554731
2026-04-02,AU,-0.02
2026-04-02,AG,-0.01999999999999999
2026-04-02,SN,-0.01999999999999999
2026-04-02,SC,-0.01999999999999999
2026-04-02,P,-0.020000000000000826
2026-04-02,RU,-0.020000000000000857
2026-04-02,V,-0.38459207319745825
2026-04-02,A,-0.1583681386119345
2026-04-02,IC,-0.16038400697063807
2026-04-02,IM,-0.17665578121996747
2026-04-03,RB,0.09758473782682332
2026-04-03,TF,0.10085614706983805
2026-04-03,TL,0.10460237841363347
2026-04-03,UR,0.118074364256686
2026-04-03,J,0.020000000000000004
2026-04-03,I,0.11293824887118578
2026-04-03,Y,0.11262968657290622
2026-04-03,OI,0.12088336896939578
2026-04-03,SR,0.11121119759797007
2026-04-03,T,0.10121987042156132
2026-04-03,P,-0.020000000000000424
2026-04-03,AG,-0.02
2026-04-03,AU,-0.020000000000000077
2026-04-03,SC,-0.02
2026-04-03,SN,-0.02
2026-04-03,A,-0.1480762886802007
2026-04-03,FU,-0.02
2026-04-03,V,-0.3429518991925534
2026-04-03,IM,-0.20603310527887633
2026-04-03,IC,-0.18293870684836913
2026-04-07,RB,0.019999999999999973
2026-04-07,TF,0.08892642274500064
2026-04-07,TL,0.1445211482757485
2026-04-07,UR,0.18167221061757022
2026-04-07,OI,0.1602243179477207
2026-04-07,T,0.09392037380328049
2026-04-07,Y,0.11528420762104497
2026-04-07,SR,0.15545131898963446
2026-04-07,HC,0.019999999999999973
2026-04-07,J,0.020000000000000084
2026-04-07,SC,-0.019999999999999997
2026-04-07,AG,-0.02000000000000002
2026-04-07,P,-0.019999999999999997
2026-04-07,AU,-0.019999999999999997
2026-04-07,SN,-0.019999999999999997
2026-04-07,A,-0.15155449419490064
2026-04-07,FU,-0.020000000000000007
2026-04-07,V,-0.3395838938433332
2026-04-07,IM,-0.20827958848884967
2026-04-07,IC,-0.18058202347291655
2026-04-08,TF,0.09992482998871617
2026-04-08,RB,0.20125352591853507
2026-04-08,TL,0.2002148717988187
2026-04-08,T,0.10733339606029793
2026-04-08,UR,0.0200000000000019
2026-04-08,OI,0.02
2026-04-08,Y,0.020000000000000698
2026-04-08,SR,0.12356881435411174
2026-04-08,HC,0.18770456187951554
2026-04-08,I,0.020000000000002315
2026-04-08,AG,-0.019999999999999893
2026-04-08,AU,-0.020000000000000052
2026-04-08,P,-0.020000000000000188
2026-04-08,SC,-0.01999999999999993
2026-04-08,SN,-0.02000000000000004
2026-04-08,A,-0.3470073628160451
2026-04-08,FU,-0.01999999999999996
2026-04-08,V,-0.019999999999999893
2026-04-08,IM,-0.1344810040219311
2026-04-08,RM,-0.3785116331620239
2026-04-09,RB,0.019999999999999997
2026-04-09,TF,0.06357809282267306
2026-04-09,I,0.020000000000000104
2026-04-09,CF,0.4365585624816203
2026-04-09,J,0.020000000000000025
2026-04-09,UR,0.019999999999999997
2026-04-09,SR,0.13831225715540704
2026-04-09,T,0.0723695072381151
2026-04-09,TL,0.18918158030218435
2026-04-09,OI,0.0200000000000001
2026-04-09,P,-0.020000000000000077
2026-04-09,AU,-0.01999999999999999
2026-04-09,AG,-0.02000000000000001
2026-04-09,SN,-0.01999999999999999
2026-04-09,A,-0.1987567900771332
2026-04-09,SC,-0.01999999999999999
2026-04-09,FU,-0.01999999999999999
2026-04-09,V,-0.2864389002781809
2026-04-09,IM,-0.37480430964468553
2026-04-09,IH,-0.020000000000000316
2026-04-10,RB,0.1
2026-04-10,TF,0.1
2026-04-10,CF,0.1
2026-04-10,SR,0.1
2026-04-10,I,0.1
2026-04-10,Y,0.1
2026-04-10,HC,0.1
2026-04-10,UR,0.1
2026-04-10,T,0.1
2026-04-10,ZN,0.1
2026-04-10,AG,-0.019999999999998925
2026-04-10,P,-0.020000000000059474
2026-04-10,AU,-0.019999999999998925
2026-04-10,A,-0.4559400652917218
2026-04-10,SC,-0.019999999999998925
2026-04-10,SN,-0.019999999999998925
2026-04-10,FU,-0.019999999999998925
2026-04-10,MA,-0.02000000000000584
2026-04-10,IM,-0.1103725880976575
2026-04-10,LH,-0.29368734661056084
2026-04-13,RB,0.19026726513910677
2026-04-13,TF,0.019999999999999987
2026-04-13,CF,0.0650596040125727
2026-04-13,SR,0.019999999999999987
2026-04-13,HC,0.12983535940696708
2026-04-13,T,0.019999999999999987
2026-04-13,UR,0.019999999999999987
2026-04-13,I,0.4948377714413523
2026-04-13,TA,0.019999999999999987
2026-04-13,OI,0.020000000000001038
2026-04-13,AG,-0.020000000000000042
2026-04-13,P,-0.09809901732071526
2026-04-13,AU,-0.020000000000000035
2026-04-13,SC,-0.020000000000000035
2026-04-13,A,-0.5000000000000009
2026-04-13,SN,-0.020000000000000035
2026-04-13,FU,-0.020000000000000035
2026-04-13,MA,-0.032747929672087894
2026-04-13,IM,-0.1745833734942059
2026-04-13,IC,-0.09456967951298985
2026-04-14,RB,0.18379671490617372
2026-04-14,TF,0.02
2026-04-14,CF,0.07485885166370174
2026-04-14,UR,0.02
2026-04-14,HC,0.1127741481339268
2026-04-14,SR,0.028570285296197755
2026-04-14,I,0.5
2026-04-14,RM,0.020000000000000056
2026-04-14,TA,0.020000000000000007
2026-04-14,T,0.020000000000000007
2026-04-14,AG,-0.020000000000000108
2026-04-14,P,-0.11080322601363894
2026-04-14,AU,-0.020000000000000327
2026-04-14,A,-0.4999999999999995
2026-04-14,SC,-0.02000000000000011
2026-04-14,SN,-0.01999999999999999
2026-04-14,FU,-0.02000000000000011
2026-04-14,MA,-0.027231831504692404
2026-04-14,IM,-0.16786311242511823
2026-04-14,IC,-0.09410183005655014
2026-04-15,RB,0.16976808119649367
2026-04-15,RM,0.02
2026-04-15,I,0.5
2026-04-15,CF,0.06380106778255723
2026-04-15,TF,0.02242162578389365
2026-04-15,HC,0.11169046791018543
2026-04-15,UR,0.02
2026-04-15,TA,0.020000000000000028
2026-04-15,SR,0.05231875732686988
2026-04-15,SA,0.02000000000000012
2026-04-15,P,-0.020000000000038737
2026-04-15,AG,-0.0199999999999988
2026-04-15,AU,-0.02561029607469641
2026-04-15,A,-0.33438970392527273
2026-04-15,SN,-0.0199999999999988
2026-04-15,FU,-0.0199999999999988
2026-04-15,SC,-0.0199999999999988
2026-04-15,MA,-0.0199999999999988
2026-04-15,LH,-0.4999999999999602
2026-04-15,TS,-0.020000000000038008
2026-04-16,RB,0.17232539924119122
2026-04-16,HC,0.13897887381899765
2026-04-16,TF,0.02
2026-04-16,RM,0.02
2026-04-16,CF,0.12788472462211256
2026-04-16,I,0.36603031747881193
2026-04-16,SR,0.09478068483888655
2026-04-16,T,0.02
2026-04-16,UR,0.02
2026-04-16,TA,0.020000000000000007
2026-04-16,AG,-0.02000000000000011
2026-04-16,P,-0.11378358837645638
2026-04-16,A,-0.4999999999999998
2026-04-16,AU,-0.02000000000000032
2026-04-16,SN,-0.0200000000000003
2026-04-16,SC,-0.020000000000000226
2026-04-16,FU,-0.02000000000000002
2026-04-16,IF,-0.019999999999999997
2026-04-16,MA,-0.02180004374714564
2026-04-16,IC,-0.24441636787639726
2026-04-17,RB,0.16661557565943858
2026-04-17,I,0.4999999999999998
2026-04-17,HC,0.12020112268337728
2026-04-17,TF,0.01999999999999999
2026-04-17,SA,0.020000000000000174
2026-04-17,CF,0.0869718054083468
2026-04-17,RM,0.02000000000000008
2026-04-17,UR,0.01999999999999999
2026-04-17,SR,0.026211496248837386
2026-04-17,TA,0.019999999999999993
2026-04-17,P,-0.02000000000000014
2026-04-17,A,-0.32850171114760335
2026-04-17,AG,-0.020000000000000524
2026-04-17,AU,-0.020000000000007352
2026-04-17,SN,-0.020000000000002537
2026-04-17,SC,-0.02000000000000207
2026-04-17,IM,-0.03149828885237894
2026-04-17,FU,-0.02000000000000128
2026-04-17,IF,-0.02000000000000039
2026-04-17,LH,-0.5000000000000034
2026-04-20,RB,0.1112446176751174
2026-04-20,HC,0.11037055481656248
2026-04-20,CF,0.1128304419797459
2026-04-20,TF,0.10087071275365075
2026-04-20,RU,0.09941888329563071
2026-04-20,I,0.12101508082403185
2026-04-20,UR,0.10005944636798368
2026-04-20,SR,0.11235153385831681
2026-04-20,SA,0.020000000000000004
2026-04-20,M,0.11183872842896043
2026-04-20,AG,-0.019999999999999987
2026-04-20,AU,-0.01999999999999994
2026-04-20,A,-0.4999999999999941
2026-04-20,P,-0.1500250605446969
2026-04-20,SC,-0.01999999999999994
2026-04-20,IM,-0.20618833500775072
2026-04-20,SN,-0.020000000000000004
2026-04-20,IF,-0.01999999999999994
2026-04-20,IC,-0.01999999999999994
2026-04-20,MA,-0.023786604447558528
2026-04-21,RB,0.1114368651517408
2026-04-21,HC,0.11051005798697243
2026-04-21,TF,0.10085744295707937
2026-04-21,UR,0.09506870434671451
2026-04-21,CF,0.11385283403026542
2026-04-21,I,0.12153082007931856
2026-04-21,SR,0.11202818557391231
2026-04-21,RU,0.10326955482720093
2026-04-21,SA,0.020000000000000014
2026-04-21,M,0.11144553504679565
2026-04-21,AG,-0.020000000000000018
2026-04-21,AU,-0.020000000000000198
2026-04-21,SC,-0.020000000000000212
2026-04-21,P,-0.16460847044208624
2026-04-21,A,-0.49999999999999684
2026-04-21,IM,-0.15246903914420348
2026-04-21,SN,-0.02
2026-04-21,IC,-0.06292249041371151
2026-04-21,IH,-0.02000000000000006
2026-04-21,MA,-0.020000000000001524
2026-04-22,RB,0.2025685160662497
2026-04-22,I,0.4762845045385332
2026-04-22,TF,0.01999999999999999
2026-04-22,HC,0.17521621119811698
2026-04-22,SA,0.02000000000000025
2026-04-22,UR,0.01999999999999999
2026-04-22,M,0.019999999999999993
2026-04-22,TA,0.01999999999999999
2026-04-22,TS,0.01999999999999999
2026-04-22,T,0.02593076819709974
2026-04-22,AG,-0.019999999999999987
2026-04-22,AU,-0.019999999999999987
2026-04-22,SC,-0.019999999999999987
2026-04-22,P,-0.13005429574305433
2026-04-22,A,-0.4999999999999995
2026-04-22,SN,-0.019999999999999987
2026-04-22,IM,-0.16585972624077314
2026-04-22,IH,-0.020000000000001072
2026-04-22,IC,-0.08408597801617204
2026-04-22,FU,-0.019999999999999987
2026-04-23,I,0.4999999999999998
2026-04-23,RB,0.1803921168023869
2026-04-23,TF,0.023289788260302605
2026-04-23,UR,0.020000000000000035
2026-04-23,M,0.01999999999999999
2026-04-23,HC,0.1553219804063574
2026-04-23,SA,0.01999999999999999
2026-04-23,TA,0.02000000000000004
2026-04-23,T,0.038865323924831614
2026-04-23,TS,0.022130790606121473
2026-04-23,AG,-0.020000000000000018
2026-04-23,AU,-0.02000000000000053
2026-04-23,SC,-0.02000000000000034
2026-04-23,P,-0.13313779112524618
2026-04-23,A,-0.5000000000000004
2026-04-23,IM,-0.16579208979646365
2026-04-23,SN,-0.020000000000000333
2026-04-23,IC,-0.08107011907828839
2026-04-23,IH,-0.020000000000000018
2026-04-23,FU,-0.020000000000000018
2026-04-24,I,0.5
2026-04-24,UR,0.02
2026-04-24,SA,0.020000000000000014
2026-04-24,M,0.20252976863111802
2026-04-24,RB,0.11635726469480015
2026-04-24,J,0.02
2026-04-24,TF,0.05009155725294408
2026-04-24,TS,0.020413520109540336
2026-04-24,TA,0.020000000000000046
2026-04-24,T,0.030607889311597376
2026-04-24,AU,-0.019999999999999435
2026-04-24,AG,-0.019999999999999435
2026-04-24,SC,-0.019999999999999435
2026-04-24,P,-0.19413767485680208
2026-04-24,IM,-0.13261968654108483
2026-04-24,IH,-0.019999999999999435
2026-04-24,IC,-0.05324263860213923
2026-04-24,A,-0.499999999999947
2026-04-24,SN,-0.019999999999999435
2026-04-24,Y,-0.020000000000029664
2026-04-27,I,0.4999999999999998
2026-04-27,SA,0.020000000000000066
2026-04-27,M,0.019999999999999997
2026-04-27,UR,0.02000000000000022
2026-04-27,TF,0.023176152216984932
2026-04-27,RB,0.1653222898481942
2026-04-27,TS,0.021699733321925097
2026-04-27,HC,0.13381946349741092
2026-04-27,JD,0.07598236111548481
2026-04-27,TA,0.019999999999999997
2026-04-27,AU,-0.01999999999999997
2026-04-27,AG,-0.01999999999999997
2026-04-27,SC,-0.01999999999999997
2026-04-27,P,-0.1352975994305551
2026-04-27,A,-0.49999999999999634
2026-04-27,IH,-0.01999999999999997
2026-04-27,IC,-0.08126778381307574
2026-04-27,IM,-0.16343461675637308
2026-04-27,SN,-0.01999999999999997
2026-04-27,FU,-0.01999999999999997
2026-04-28,SA,0.020000000000000098
2026-04-28,I,0.4999999999999999
2026-04-28,M,0.019999999999999997
2026-04-28,J,0.02000000000000006
2026-04-28,UR,0.02000000000000003
2026-04-28,RB,0.06848745405129002
2026-04-28,TA,0.019999999999999997
2026-04-28,JD,0.1716695311425356
2026-04-28,RM,0.04981008536253002
2026-04-28,TF,0.1100329294436443
2026-04-28,AU,-0.019999999999999966
2026-04-28,AG,-0.019999999999999983
2026-04-28,P,-0.02000000000000344
2026-04-28,SN,-0.019999999999999966
2026-04-28,SC,-0.019999999999999966
2026-04-28,IH,-0.019999999999999966
2026-04-28,IC,-0.019999999999999976
2026-04-28,IM,-0.02000000000000129
2026-04-28,A,-0.3892396963471273
2026-04-28,LH,-0.45076030365286823
2026-04-29,SA,0.020000000000000004
2026-04-29,I,0.31920714697178576
2026-04-29,J,0.020000000000000014
2026-04-29,RB,0.02503393284130708
2026-04-29,M,0.031090271606240623
2026-04-29,UR,0.020000000000000004
2026-04-29,JD,0.5000000000000001
2026-04-29,RM,0.020000000000000004
2026-04-29,V,0.020000000000000157
2026-04-29,TF,0.024668648580666423
2026-04-29,AU,-0.02000000000000017
2026-04-29,AG,-0.01999999999999998
2026-04-29,IC,-0.01999999999999998
2026-04-29,SC,-0.019999999999999993
2026-04-29,IH,-0.020000000000000004
2026-04-29,SN,-0.020000000000000056
2026-04-29,IM,-0.01999999999999998
2026-04-29,P,-0.01999999999999998
2026-04-29,A,-0.3959605811357251
2026-04-29,LH,-0.44403941886427484
2026-04-30,SA,0.01999999999999999
2026-04-30,I,0.40560467668409905
2026-04-30,J,0.019999999999999987
2026-04-30,JD,0.17627573498063215
2026-04-30,M,0.15630593273033416
2026-04-30,UR,0.02000000000000066
2026-04-30,RB,0.1418136556049335
2026-04-30,TA,0.019999999999999987
2026-04-30,OI,0.019999999999999987
2026-04-30,TF,0.020000000000000344
2026-04-30,AU,-0.019999999999999987
2026-04-30,AG,-0.020000000000000014
2026-04-30,IH,-0.019999999999999987
2026-04-30,SC,-0.019999999999999987
2026-04-30,IC,-0.07974598875069762
2026-04-30,IM,-0.10965717430020269
2026-04-30,SN,-0.019999999999999987
2026-04-30,A,-0.49999999999999845
2026-04-30,P,-0.1905968369491007
2026-04-30,Y,-0.020000000000000503
2026-05-06,SA,0.020000000000000098
2026-05-06,I,0.4999999999999989
2026-05-06,JD,0.172230358871534
2026-05-06,J,0.020000000000000136
2026-05-06,M,0.0200000000000003
2026-05-06,TA,0.019999999999999997
2026-05-06,MA,0.019999999999999997
2026-05-06,RB,0.18776964112846556
2026-05-06,OI,0.0200000000000006
2026-05-06,TF,0.02000000000000038
2026-05-06,AU,-0.0200000000000004
2026-05-06,AG,-0.01999999999999999
2026-05-06,IC,-0.01999999999999999
2026-05-06,SC,-0.020000000000000327
2026-05-06,IM,-0.038964954930247
2026-05-06,IH,-0.02000000000000228
2026-05-06,SN,-0.020000000000000188
2026-05-06,CF,-0.1412543312678315
2026-05-06,A,-0.49999999999999967
2026-05-06,SR,-0.19978071380191856
2026-05-07,I,0.27596257910765054
2026-05-07,SA,0.019999999999999983
2026-05-07,J,0.020000000000000184
2026-05-07,RB,0.019999999999999987
2026-05-07,TA,0.020000000000000056
2026-05-07,MA,0.020000000000000025
2026-05-07,M,0.019999999999999983
2026-05-07,JD,0.14134373505658152
2026-05-07,RM,0.019999999999999983
2026-05-07,ZN,0.4426936858357678
2026-05-07,AU,-0.01999999999999992
2026-05-07,AG,-0.019999999999999952
2026-05-07,IC,-0.06743329204756783
2026-05-07,SN,-0.01999999999999992
2026-05-07,IM,-0.07508526676414003
2026-05-07,SC,-0.01999999999999992
2026-05-07,IH,-0.01999999999999992
2026-05-07,CF,-0.05918908938012705
2026-05-07,A,-0.499999999999998
2026-05-07,Y,-0.1982923518081675
2026-05-08,I,0.24304915578484093
2026-05-08,SA,0.02
2026-05-08,RB,0.15070989766265508
2026-05-08,HC,0.1396223420011596
2026-05-08,TA,0.020000000000000028
2026-05-08,UR,0.019999999999999997
2026-05-08,JD,0.1427116626549853
2026-05-08,RM,0.02
2026-05-08,ZN,0.2222412910141089
2026-05-08,M,0.021665650882250035
2026-05-08,AG,-0.1
2026-05-08,AU,-0.1
2026-05-08,IM,-0.1
2026-05-08,IC,-0.1
2026-05-08,SC,-0.1
2026-05-08,SN,-0.1
2026-05-08,IF,-0.1
2026-05-08,CF,-0.1
2026-05-08,A,-0.1
2026-05-08,Y,-0.1
2026-05-11,I,0.22099209469101344
2026-05-11,J,0.02
2026-05-11,TA,0.02
2026-05-11,RB,0.020000000000000167
2026-05-11,UR,0.02
2026-05-11,M,0.0200000000000001
2026-05-11,MA,0.020000000000000025
2026-05-11,RM,0.0200000000000001
2026-05-11,JD,0.1390079053089866
2026-05-11,ZN,0.49999999999999967
2026-05-11,AG,-0.1
2026-05-11,AU,-0.1
2026-05-11,SC,-0.1
2026-05-11,SN,-0.1
2026-05-11,IC,-0.1
2026-05-11,IM,-0.1
2026-05-11,A,-0.1
2026-05-11,IF,-0.1
2026-05-11,CF,-0.1
2026-05-11,SR,-0.1
2026-05-12,I,0.22497061352869127
2026-05-12,J,0.019999999999999983
2026-05-12,RB,0.0200000000000003
2026-05-12,UR,0.019999999999999983
2026-05-12,RM,0.02000000000000045
2026-05-12,MA,0.020000000000000077
2026-05-12,TA,0.019999999999999983
2026-05-12,JD,0.13502938647130835
2026-05-12,M,0.020000000000000455
2026-05-12,ZN,0.499999999999999
2026-05-12,AG,-0.1
2026-05-12,AU,-0.1
2026-05-12,SN,-0.1
2026-05-12,IM,-0.1
2026-05-12,IC,-0.1
2026-05-12,IF,-0.1
2026-05-12,SC,-0.1
2026-05-12,CF,-0.1
2026-05-12,A,-0.1
2026-05-12,Y,-0.1
2026-05-13,I,0.4591824335492759
2026-05-13,J,0.019999999999999987
2026-05-13,JD,0.38081756645072296
2026-05-13,HC,0.020000000000000327
2026-05-13,MA,0.019999999999999987
2026-05-13,TA,0.020000000000000077
2026-05-13,UR,0.019999999999999987
2026-05-13,TF,0.019999999999999987
2026-05-13,M,0.020000000000000375
2026-05-13,RM,0.02000000000000028
2026-05-13,AG,-0.1
2026-05-13,AU,-0.1
2026-05-13,SC,-0.1
2026-05-13,SN,-0.1
2026-05-13,IC,-0.1
2026-05-13,IM,-0.1
2026-05-13,IF,-0.1
2026-05-13,A,-0.1
2026-05-13,CF,-0.1
2026-05-13,SR,-0.1
2026-05-14,J,0.01999999999999999
2026-05-14,I,0.4593067888068907
2026-05-14,HC,0.020000000000000042
2026-05-14,MA,0.01999999999999999
2026-05-14,TA,0.02000000000000014
2026-05-14,JD,0.38069321119310906
2026-05-14,SA,0.01999999999999999
2026-05-14,M,0.02000000000000016
2026-05-14,RM,0.01999999999999999
2026-05-14,TS,0.01999999999999999
2026-05-14,AG,-0.1
2026-05-14,AU,-0.1
2026-05-14,SN,-0.1
2026-05-14,SC,-0.1
2026-05-14,IC,-0.1
2026-05-14,IM,-0.1
2026-05-14,IF,-0.1
2026-05-14,A,-0.1
2026-05-14,CF,-0.1
2026-05-14,FU,-0.1
2026-05-15,I,0.306736884360943
2026-05-15,J,0.020000000000000073
2026-05-15,HC,0.05326311563905688
2026-05-15,SA,0.020000000000000084
2026-05-15,M,0.020000000000000035
2026-05-15,MA,0.020000000000000063
2026-05-15,TA,0.019999999999999997
2026-05-15,RM,0.019999999999999997
2026-05-15,ZN,0.4999999999999999
2026-05-15,TF,0.020000000000000056
2026-05-15,AG,-0.1
2026-05-15,AU,-0.1
2026-05-15,SN,-0.1
2026-05-15,SC,-0.1
2026-05-15,IC,-0.1
2026-05-15,IF,-0.1
2026-05-15,IM,-0.1
2026-05-15,CF,-0.1
2026-05-15,A,-0.1
2026-05-15,FU,-0.1
2026-05-18,I,0.28392402452763343
2026-05-18,RB,0.07607597547236666
2026-05-18,J,0.019999999999999997
2026-05-18,SA,0.019999999999999997
2026-05-18,RM,0.02000000000000003
2026-05-18,MA,0.020000000000000035
2026-05-18,M,0.020000000000000077
2026-05-18,V,0.019999999999999997
2026-05-18,ZN,0.49999999999999983
2026-05-18,TF,0.020000000000000004
2026-05-18,AG,-0.1
2026-05-18,AU,-0.1
2026-05-18,IC,-0.1
2026-05-18,SN,-0.1
2026-05-18,IM,-0.1
2026-05-18,IF,-0.1
2026-05-18,SC,-0.1
2026-05-18,CF,-0.1
2026-05-18,LH,-0.1
2026-05-18,P,-0.1
2026-05-19,I,0.32208023249330336
2026-05-19,RB,0.03791976750669667
2026-05-19,J,0.019999999999999997
2026-05-19,RM,0.02000000000000012
2026-05-19,MA,0.019999999999999997
2026-05-19,TA,0.020000000000000087
2026-05-19,SA,0.02000000000000001
2026-05-19,ZN,0.4999999999999998
2026-05-19,M,0.020000000000000052
2026-05-19,SR,0.019999999999999997
2026-05-19,AU,-0.1
2026-05-19,AG,-0.1
2026-05-19,SN,-0.1
2026-05-19,IM,-0.1
2026-05-19,IC,-0.1
2026-05-19,IF,-0.1
2026-05-19,SC,-0.1
2026-05-19,CF,-0.1
2026-05-19,JD,-0.1
2026-05-19,P,-0.1
2026-05-20,I,0.307648478900118
2026-05-20,J,0.019999999999999997
2026-05-20,HC,0.05235152109988217
2026-05-20,RM,0.019999999999999997
2026-05-20,MA,0.02000000000000005
2026-05-20,TA,0.02000000000000004
2026-05-20,SA,0.019999999999999997
2026-05-20,ZN,0.4999999999999999
2026-05-20,OI,0.019999999999999997
2026-05-20,TF,0.019999999999999997
2026-05-20,AU,-0.1
2026-05-20,AG,-0.1
2026-05-20,SN,-0.1
2026-05-20,SC,-0.1
2026-05-20,IC,-0.1
2026-05-20,IF,-0.1
2026-05-20,IM,-0.1
2026-05-20,LH,-0.1
2026-05-20,CF,-0.1
2026-05-20,V,-0.1
2026-05-21,J,0.02000000000000001
2026-05-21,I,0.17182993013159714
2026-05-21,RB,0.10044946057390686
2026-05-21,MA,0.019999999999999997
2026-05-21,SA,0.020000000000000028
2026-05-21,ZN,0.3013786022788533
2026-05-21,RU,0.23796892052692586
2026-05-21,RM,0.019999999999999997
2026-05-21,OI,0.019999999999999997
2026-05-21,A,0.0883730864887166
2026-05-21,AU,-0.1
2026-05-21,AG,-0.1
2026-05-21,LH,-0.1
2026-05-21,IM,-0.1
2026-05-21,IF,-0.1
2026-05-21,SN,-0.1
2026-05-21,IC,-0.1
2026-05-21,SC,-0.1
2026-05-21,CF,-0.1
2026-05-21,JD,-0.1
2026-05-22,I,0.1776937158323267
2026-05-22,RB,0.11513144857163443
2026-05-22,J,0.020000000000000025
2026-05-22,ZN,0.27992347772746284
2026-05-22,RU,0.02
2026-05-22,V,0.02
2026-05-22,UR,0.056171599629229116
2026-05-22,AL,0.20827125147669737
2026-05-22,OI,0.02905679129798382
2026-05-22,TF,0.07375171546466586
2026-05-22,AG,-0.1
2026-05-22,AU,-0.1
2026-05-22,LH,-0.1
2026-05-22,SN,-0.1
2026-05-22,IF,-0.1
2026-05-22,FU,-0.1
2026-05-22,JM,-0.1
2026-05-22,JD,-0.1
2026-05-22,SC,-0.1
2026-05-22,IC,-0.1
2026-05-25,I,0.18050932000898354
2026-05-25,RB,0.08813762223457108
2026-05-25,J,0.020000000000000035
2026-05-25,RU,0.2821935670794521
2026-05-25,SA,0.02
2026-05-25,RM,0.02
2026-05-25,MA,0.020000000000000028
2026-05-25,ZN,0.3291594906769933
2026-05-25,OI,0.02
2026-05-25,Y,0.02
2026-05-25,AU,-0.1
2026-05-25,AG,-0.1
2026-05-25,SC,-0.1
2026-05-25,IF,-0.1
2026-05-25,IC,-0.1
2026-05-25,SN,-0.1
2026-05-25,IM,-0.1
2026-05-25,LH,-0.1
2026-05-25,CF,-0.1
2026-05-25,A,-0.1
2026-05-26,J,0.01999999999999999
2026-05-26,I,0.18471274398974888
2026-05-26,HC,0.01999999999999999
2026-05-26,SA,0.020000000000000018
2026-05-26,RU,0.01999999999999999
2026-05-26,RM,0.04931088935722641
2026-05-26,TA,0.020000000000000018
2026-05-26,ZN,0.48666338683024707
2026-05-26,SR,0.01999999999999999
2026-05-26,CF,0.1593129798227776
2026-05-26,AU,-0.1
2026-05-26,AG,-0.1
2026-05-26,LH,-0.1
2026-05-26,SN,-0.1
2026-05-26,P,-0.1
2026-05-26,A,-0.1
2026-05-26,SC,-0.1
2026-05-26,TL,-0.1
2026-05-26,IF,-0.1
2026-05-26,T,-0.1
2026-05-27,J,0.02
2026-05-27,I,0.17056678870060668
2026-05-27,SA,0.020000000000000004
2026-05-27,RB,0.07656762715897131
2026-05-27,RM,0.020000000000000004
2026-05-27,RU,0.28869055732161447
2026-05-27,MA,0.020000000000000007
2026-05-27,M,0.026334932548011475
2026-05-27,SR,0.02031903928035293
2026-05-27,ZN,0.33752105499044305
2026-05-27,AU,-0.1
2026-05-27,AG,-0.1
2026-05-27,LH,-0.1
2026-05-27,SN,-0.1
2026-05-27,P,-0.1
2026-05-27,TL,-0.1
2026-05-27,JD,-0.1
2026-05-27,IF,-0.1
2026-05-27,SC,-0.1
2026-05-27,T,-0.1
2026-05-28,I,0.1336789383809519
2026-05-28,J,0.019999999999999997
2026-05-28,SA,0.019999999999999997
2026-05-28,RM,0.0443502082737006
2026-05-28,RB,0.02
2026-05-28,RU,0.038641379502324325
2026-05-28,MA,0.02000000000000001
2026-05-28,CF,0.22088367315272295
2026-05-28,M,0.019999999999999997
2026-05-28,ZN,0.4624458006903002
2026-05-28,AU,-0.1
2026-05-28,AG,-0.1
2026-05-28,LH,-0.1
2026-05-28,SN,-0.1
2026-05-28,IF,-0.1
2026-05-28,SC,-0.1
2026-05-28,P,-0.1
2026-05-28,IM,-0.1
2026-05-28,IC,-0.1
2026-05-28,A,-0.1
2026-05-29,J,0.020000000000000157
2026-05-29,I,0.1965483651082534
2026-05-29,SA,0.019999999999999997
2026-05-29,RM,0.02
2026-05-29,RU,0.3807590987939055
2026-05-29,HC,0.09980971846740028
2026-05-29,MA,0.019999999999999997
2026-05-29,M,0.019999999999999997
2026-05-29,CF,0.20288281763044058
2026-05-29,TF,0.020000000000000025
2026-05-29,AU,-0.1
2026-05-29,AG,-0.1
2026-05-29,CU,-0.1
2026-05-29,P,-0.1
2026-05-29,LH,-0.1
2026-05-29,SC,-0.1
2026-05-29,A,-0.1
2026-05-29,IF,-0.1
2026-05-29,V,-0.1
2026-05-29,TL,-0.1
2026-06-01,J,0.019999999999999997
2026-06-01,I,0.4021444737157806
2026-06-01,SA,0.019999999999999997
2026-06-01,RM,0.07588753670962241
2026-06-01,RB,0.10971995637182888
2026-06-01,RU,0.29224803320276804
2026-06-01,TA,0.02000000000000002
2026-06-01,M,0.02
2026-06-01,Y,0.019999999999999997
2026-06-01,TS,0.019999999999999997
2026-06-01,AU,-0.1
2026-06-01,AG,-0.1
2026-06-01,P,-0.1
2026-06-01,CU,-0.1
2026-06-01,LH,-0.1
2026-06-01,SC,-0.1
2026-06-01,IF,-0.1
2026-06-01,V,-0.1
2026-06-01,TL,-0.1
2026-06-01,T,-0.1
2026-06-02,SA,0.02
2026-06-02,I,0.10894950493592119
2026-06-02,J,0.020000000000000025
2026-06-02,RM,0.020000000000000004
2026-06-02,HC,0.046120180234485476
2026-06-02,RU,0.14503782993089254
2026-06-02,JD,0.13692774843899808
2026-06-02,CF,0.147390389107957
2026-06-02,IH,0.2713010684022087
2026-06-02,TS,0.08427327894953715
2026-06-02,AU,-0.1
2026-06-02,AG,-0.1
2026-06-02,P,-0.1
2026-06-02,SC,-0.1
2026-06-02,CU,-0.1
2026-06-02,V,-0.1
2026-06-02,LH,-0.1
2026-06-02,A,-0.1
2026-06-02,T,-0.1
2026-06-02,IF,-0.1
2026-06-03,I,0.12282510314293221
2026-06-03,J,0.02
2026-06-03,SA,0.020000000000000084
2026-06-03,HC,0.020000000000000007
2026-06-03,RM,0.03511157154194783
2026-06-03,CF,0.2256533380735899
2026-06-03,Y,0.1159394011043057
2026-06-03,RU,0.020000000000000087
2026-06-03,TS,0.04022061800224354
2026-06-03,IH,0.3802499681349808
2026-06-03,AU,-0.1
2026-06-03,P,-0.1
2026-06-03,AG,-0.1
2026-06-03,NI,-0.1
2026-06-03,SC,-0.1
2026-06-03,LH,-0.1
2026-06-03,TF,-0.1
2026-06-03,V,-0.1
2026-06-03,T,-0.1
2026-06-03,IF,-0.1
2026-06-04,I,0.27161891644885894
2026-06-04,SA,0.02
2026-06-04,J,0.020000000000000004
2026-06-04,RB,0.11584471364571007
2026-06-04,RM,0.020000000000000007
2026-06-04,JD,0.13083108966853907
2026-06-04,CF,0.21725023146917896
2026-06-04,TS,0.030131200993327226
2026-06-04,FU,0.02
2026-06-04,IC,0.15432384777438574
2026-06-04,P,-0.1
2026-06-04,AU,-0.1
2026-06-04,AG,-0.1
2026-06-04,NI,-0.1
2026-06-04,LH,-0.1
2026-06-04,TF,-0.1
2026-06-04,A,-0.1
2026-06-04,SC,-0.1
2026-06-04,V,-0.1
2026-06-04,T,-0.1
2026-06-05,I,0.1742098594508059
2026-06-05,RB,0.0953391926994446
2026-06-05,SA,0.020000000000000004
2026-06-05,J,0.02000000000000004
2026-06-05,RM,0.15722696115774842
2026-06-05,SR,0.16288807117726944
2026-06-05,RU,0.13327203844156518
2026-06-05,CF,0.16686147775040783
2026-06-05,IM,0.0502023993227587
2026-06-05,IC,0.020000000000000004
2026-06-05,P,-0.1
2026-06-05,AU,-0.1
2026-06-05,NI,-0.1
2026-06-05,AG,-0.1
2026-06-05,LH,-0.1
2026-06-05,TF,-0.1
2026-06-05,SC,-0.1
2026-06-05,A,-0.1
2026-06-05,V,-0.1
2026-06-05,T,-0.1
2026-06-08,I,0.44969618215191415
2026-06-08,J,0.02
2026-06-08,SA,0.02000000000000023
2026-06-08,RB,0.06886201345189076
2026-06-08,RM,0.02
2026-06-08,M,0.035498420956765975
2026-06-08,RU,0.18836084583104865
2026-06-08,CF,0.1575825376083802
2026-06-08,TA,0.02
2026-06-08,TS,0.02
2026-06-08,P,-0.1
2026-06-08,AU,-0.1
2026-06-08,AG,-0.1
2026-06-08,LH,-0.1
2026-06-08,CU,-0.1
2026-06-08,SC,-0.1
2026-06-08,TF,-0.1
2026-06-08,T,-0.1
2026-06-08,IF,-0.1
2026-06-08,A,-0.1
2026-06-09,I,0.15420071979883457
2026-06-09,SA,0.02
2026-06-09,RM,0.1508434029050907
2026-06-09,J,0.02
2026-06-09,RB,0.08985090173571562
2026-06-09,SR,0.1521322618646138
2026-06-09,M,0.16078820069896846
2026-06-09,RU,0.10433394134345562
2026-06-09,IM,0.052810753731057807
2026-06-09,TS,0.0950398179222635
2026-06-09,P,-0.1
2026-06-09,AU,-0.1
2026-06-09,LH,-0.1
2026-06-09,AG,-0.1
2026-06-09,CU,-0.1
2026-06-09,TF,-0.1
2026-06-09,A,-0.1
2026-06-09,SC,-0.1
2026-06-09,V,-0.1
2026-06-09,T,-0.1
2026-06-10,I,0.15359125467967474
2026-06-10,SA,0.02000000000000003
2026-06-10,RM,0.1492077017652165
2026-06-10,RB,0.09003848412184197
2026-06-10,J,0.020000000000000004
2026-06-10,SR,0.15124917114653524
2026-06-10,RU,0.1047949145684972
2026-06-10,M,0.16003694822293799
2026-06-10,TS,0.09496243127054184
2026-06-10,IM,0.05611909422475464
2026-06-10,P,-0.1
2026-06-10,AU,-0.1
2026-06-10,AG,-0.1
2026-06-10,CU,-0.1
2026-06-10,LH,-0.1
2026-06-10,SC,-0.1
2026-06-10,A,-0.1
2026-06-10,TF,-0.1
2026-06-10,V,-0.1
2026-06-10,T,-0.1
2026-06-11,I,0.2043012875123447
2026-06-11,SA,0.020000000000000063
2026-06-11,RM,0.23788813010209026
2026-06-11,RU,0.02000000000000003
2026-06-11,SR,0.19129912291720938
2026-06-11,RB,0.02000000000000003
2026-06-11,JM,0.02
2026-06-11,CF,0.18770269212703464
2026-06-11,TS,0.048241147666770595
2026-06-11,IC,0.05056761967455035
2026-06-11,P,-0.1
2026-06-11,AU,-0.1
2026-06-11,CU,-0.1
2026-06-11,AG,-0.1
2026-06-11,LH,-0.1
2026-06-11,SC,-0.1
2026-06-11,V,-0.1
2026-06-11,TF,-0.1
2026-06-11,A,-0.1
2026-06-11,T,-0.1
2026-06-12,I,0.2784878964976386
2026-06-12,SA,0.020000000000000042
2026-06-12,RM,0.19114523326318358
2026-06-12,RU,0.0523997011009408
2026-06-12,JD,0.10718569666374098
2026-06-12,CF,0.18558099502269929
2026-06-12,JM,0.020000000000000004
2026-06-12,FU,0.020000000000000004
2026-06-12,RB,0.02000000000000008
2026-06-12,IC,0.10520047745179673
2026-06-12,AU,-0.1
2026-06-12,CU,-0.1
2026-06-12,AG,-0.1
2026-06-12,P,-0.1
2026-06-12,TF,-0.1
2026-06-12,SC,-0.1
2026-06-12,T,-0.1
2026-06-12,LH,-0.1
2026-06-12,A,-0.1
2026-06-12,V,-0.1
2026-06-15,I,0.18190408269976538
2026-06-15,SA,0.02
2026-06-15,RM,0.1594589903622611
2026-06-15,RU,0.10293837006815425
2026-06-15,JD,0.1341912356758229
2026-06-15,FU,0.02
2026-06-15,CF,0.16243458243320158
2026-06-15,JM,0.02
2026-06-15,HC,0.08461713814894886
2026-06-15,IM,0.11445560061184601
2026-06-15,AU,-0.1
2026-06-15,CU,-0.1
2026-06-15,P,-0.1
2026-06-15,TF,-0.1
2026-06-15,AG,-0.1
2026-06-15,A,-0.1
2026-06-15,T,-0.1
2026-06-15,SC,-0.1
2026-06-15,LH,-0.1
2026-06-15,V,-0.1
2026-06-16,I,0.15037323952924714
2026-06-16,SA,0.02
2026-06-16,RU,0.08919983908578971
2026-06-16,CF,0.1295306820963009
2026-06-16,RM,0.12999751495987844
2026-06-16,FU,0.03353685751775687
2026-06-16,JM,0.02
2026-06-16,OI,0.04971102195685255
2026-06-16,HC,0.02
2026-06-16,IH,0.3576508448541745
2026-06-16,AU,-0.1
2026-06-16,AG,-0.1
2026-06-16,CU,-0.1
2026-06-16,P,-0.1
2026-06-16,TF,-0.1
2026-06-16,SC,-0.1
2026-06-16,A,-0.1
2026-06-16,T,-0.1
2026-06-16,LH,-0.1
2026-06-16,V,-0.1
2026-06-17,I,0.12136086687849051
2026-06-17,SA,0.02000000000000018
2026-06-17,RU,0.019999999999999997
2026-06-17,CF,0.16934248672305505
2026-06-17,Y,0.13731204523599871
2026-06-17,UR,0.03951592445489196
2026-06-17,SR,0.14147142428377066
2026-06-17,RB,0.020000000000000035
2026-06-17,JM,0.019999999999999997
2026-06-17,IH,0.3109972524237929
2026-06-17,P,-0.1
2026-06-17,AU,-0.1
2026-06-17,AG,-0.1
2026-06-17,TF,-0.1
2026-06-17,CU,-0.1
2026-06-17,T,-0.1
2026-06-17,LH,-0.1
2026-06-17,SC,-0.1
2026-06-17,A,-0.1
2026-06-17,IF,-0.1
2026-06-18,I,0.1320056829913214
2026-06-18,SA,0.020000000000000025
2026-06-18,CF,0.10503166532011234
2026-06-18,UR,0.037902418508409925
2026-06-18,RU,0.11167841674720672
2026-06-18,RM,0.14271615901037138
2026-06-18,Y,0.12197414204686961
2026-06-18,RB,0.11542051761056
2026-06-18,HC,0.1127716316152555
2026-06-18,TS,0.10049936614989317
2026-06-18,AG,-0.1
2026-06-18,P,-0.1
2026-06-18,AU,-0.1
2026-06-18,CU,-0.1
2026-06-18,TF,-0.1
2026-06-18,SC,-0.1
2026-06-18,LH,-0.1
2026-06-18,T,-0.1
2026-06-18,A,-0.1
2026-06-18,IF,-0.1
2026-06-22,I,0.1204552160217828
2026-06-22,SA,0.019999999999999997
2026-06-22,RU,0.07802824360495011
2026-06-22,UR,0.05173070556967194
2026-06-22,CF,0.1131935499332319
2026-06-22,RB,0.12277787216031014
2026-06-22,RM,0.13879326521854263
2026-06-22,TS,0.1003185450871326
2026-06-22,SR,0.13630038325682517
2026-06-22,HC,0.11840221914755256
2026-06-22,AG,-0.1
2026-06-22,AU,-0.1
2026-06-22,P,-0.1
2026-06-22,CU,-0.1
2026-06-22,TF,-0.1
2026-06-22,SC,-0.1
2026-06-22,LH,-0.1
2026-06-22,A,-0.1
2026-06-22,T,-0.1
2026-06-22,IF,-0.1
2026-06-23,I,0.19342494951651684
2026-06-23,RU,0.06333902829488336
2026-06-23,CF,0.17025226647240962
2026-06-23,SA,0.020000000000000004
2026-06-23,MA,0.020000000000000025
2026-06-23,RM,0.19262354131038442
2026-06-23,HC,0.05152767746360611
2026-06-23,Y,0.19194825920712233
2026-06-23,JM,0.020000000000000014
2026-06-23,IC,0.07688427773507733
2026-06-23,AU,-0.1
2026-06-23,AG,-0.1
2026-06-23,P,-0.1
2026-06-23,CU,-0.1
2026-06-23,TF,-0.1
2026-06-23,A,-0.1
2026-06-23,SC,-0.1
2026-06-23,T,-0.1
2026-06-23,LH,-0.1
2026-06-23,IF,-0.1
2026-06-24,I,0.16833428553575644
2026-06-24,SA,0.10088648560159846
2026-06-24,MA,0.020000000000000018
2026-06-24,RM,0.15775404189684378
2026-06-24,CF,0.14582226195147457
2026-06-24,HC,0.10231138053317858
2026-06-24,Y,0.14859899946905847
2026-06-24,FU,0.020000000000000018
2026-06-24,JM,0.019999999999999997
2026-06-24,IC,0.11629254501208955
2026-06-24,AU,-0.1
2026-06-24,AG,-0.1
2026-06-24,P,-0.1
2026-06-24,CU,-0.1
2026-06-24,TF,-0.1
2026-06-24,SC,-0.1
2026-06-24,A,-0.1
2026-06-24,T,-0.1
2026-06-24,LH,-0.1
2026-06-24,IM,-0.1
2026-06-25,I,0.13440104620066862
2026-06-25,SA,0.1277226952368855
2026-06-25,MA,0.02
2026-06-25,HC,0.12457021134150208
2026-06-25,RM,0.11016894479803138
2026-06-25,Y,0.0794536484891467
2026-06-25,OI,0.0758848925256152
2026-06-25,UR,0.05565219487095192
2026-06-25,TS,0.09466724351926617
2026-06-25,IH,0.1774791230179325
2026-06-25,AU,-0.1
2026-06-25,AG,-0.1
2026-06-25,P,-0.1
2026-06-25,CU,-0.1
2026-06-25,SC,-0.1
2026-06-25,A,-0.1
2026-06-25,TF,-0.1
2026-06-25,T,-0.1
2026-06-25,LH,-0.1
2026-06-25,IM,-0.1
2026-06-26,I,0.18120393251811193
2026-06-26,SA,0.019999999999999997
2026-06-26,RM,0.17190827811825654
2026-06-26,HC,0.060743057498495186
2026-06-26,MA,0.019999999999999997
2026-06-26,JD,0.08250914052014695
2026-06-26,Y,0.1562591566538982
2026-06-26,JM,0.02000000000000002
2026-06-26,UR,0.06224293879819981
2026-06-26,IH,0.2251334958928913
2026-06-26,AU,-0.1
2026-06-26,AG,-0.1
2026-06-26,P,-0.1
2026-06-26,SN,-0.1
2026-06-26,SC,-0.1
2026-06-26,TF,-0.1
2026-06-26,A,-0.1
2026-06-26,T,-0.1
2026-06-26,LH,-0.1
2026-06-26,IM,-0.1
2026-06-29,I,0.20262775686614007
2026-06-29,SA,0.020000000000000004
2026-06-29,RM,0.20390195637218667
2026-06-29,MA,0.04192151540528045
2026-06-29,JD,0.06604162898223817
2026-06-29,CF,0.154863941641453
2026-06-29,HC,0.06288018780372438
2026-06-29,JM,0.020000000000000007
2026-06-29,V,0.02
2026-06-29,IF,0.2077630129289773
2026-06-29,AU,-0.1
2026-06-29,AG,-0.1
2026-06-29,P,-0.1
2026-06-29,SN,-0.1
2026-06-29,SC,-0.1
2026-06-29,LH,-0.1
2026-06-29,TF,-0.1
2026-06-29,A,-0.1
2026-06-29,TS,-0.1
2026-06-29,T,-0.1
2026-06-30,I,0.19209429379781645
2026-06-30,UR,0.020000000000000028
2026-06-30,MA,0.02
2026-06-30,RM,0.16149237024813173
2026-06-30,CF,0.13094464093644256
2026-06-30,SA,0.020000000000000028
2026-06-30,HC,0.038754315584054636
2026-06-30,Y,0.09418731781132127
2026-06-30,JM,0.02
2026-06-30,ZN,0.3025270616222334
2026-06-30,AU,-0.1
2026-06-30,AG,-0.1
2026-06-30,SN,-0.1
2026-06-30,SC,-0.1
2026-06-30,P,-0.1
2026-06-30,LH,-0.1
2026-06-30,TF,-0.1
2026-06-30,A,-0.1
2026-06-30,IM,-0.1
2026-06-30,TS,-0.1
2026-07-01,I,0.2564559484950538
2026-07-01,UR,0.019999999999999997
2026-07-01,TA,0.02000000000000003
2026-07-01,CF,0.18688026212067427
2026-07-01,RM,0.26616177041649647
2026-07-01,MA,0.019999999999999997
2026-07-01,HC,0.12510552297536545
2026-07-01,Y,0.02000000000000002
2026-07-01,JM,0.020000000000000007
2026-07-01,TL,0.06539649599240989
2026-07-01,AU,-0.1
2026-07-01,AG,-0.1
2026-07-01,SC,-0.1
2026-07-01,CU,-0.1
2026-07-01,P,-0.1
2026-07-01,TF,-0.1
2026-07-01,A,-0.1
2026-07-01,LH,-0.1
2026-07-01,TS,-0.1
2026-07-01,IM,-0.1
2026-07-02,I,0.13469492885498838
2026-07-02,UR,0.020000000000000014
2026-07-02,TA,0.020000000000000004
2026-07-02,HC,0.12874151092629266
2026-07-02,RM,0.12928582985603576
2026-07-02,SA,0.11861754241682138
2026-07-02,CF,0.1028398304105748
2026-07-02,Y,0.10435800368984895
2026-07-02,RB,0.12958160090494644
2026-07-02,TL,0.11188075294049168
2026-07-02,AU,-0.1
2026-07-02,AG,-0.1
2026-07-02,SC,-0.1
2026-07-02,SN,-0.1
2026-07-02,P,-0.1
2026-07-02,A,-0.1
2026-07-02,TF,-0.1
2026-07-02,LH,-0.1
2026-07-02,TS,-0.1
2026-07-02,IM,-0.1
2026-07-03,I,0.17035815853110917
2026-07-03,TA,0.020000000000000004
2026-07-03,UR,0.0362223123489201
2026-07-03,SA,0.020000000000000007
2026-07-03,CF,0.11238970831272467
2026-07-03,HC,0.03506808091626588
2026-07-03,RM,0.1999806493389297
2026-07-03,OI,0.08633686493362647
2026-07-03,JM,0.020000000000000007
2026-07-03,ZN,0.299644225618424
2026-07-03,AU,-0.1
2026-07-03,AG,-0.1
2026-07-03,SN,-0.1
2026-07-03,SC,-0.1
2026-07-03,P,-0.1
2026-07-03,IC,-0.1
2026-07-03,TF,-0.1
2026-07-03,A,-0.1
2026-07-03,LH,-0.1
2026-07-03,IM,-0.1
2026-07-06,SA,0.11809478128967676
2026-07-06,I,0.17693862527738596
2026-07-06,CF,0.14261084299145013
2026-07-06,UR,0.020000000000000056
2026-07-06,RM,0.20861981552361514
2026-07-06,HC,0.08641357526783063
2026-07-06,MA,0.020000000000000007
2026-07-06,JM,0.02
2026-07-06,OI,0.11289186404313623
2026-07-06,TL,0.09443049560690499
2026-07-06,AU,-0.1
2026-07-06,AG,-0.1
2026-07-06,SC,-0.1
2026-07-06,P,-0.1
2026-07-06,SN,-0.1
2026-07-06,A,-0.1
2026-07-06,LH,-0.1
2026-07-06,IC,-0.1
2026-07-06,IM,-0.1
2026-07-06,TF,-0.1
2026-07-07,I,0.17678643371501812
2026-07-07,SA,0.04699920105320341
2026-07-07,CF,0.1373146837510572
2026-07-07,UR,0.02
2026-07-07,HC,0.0583839836528303
2026-07-07,MA,0.024313688873885363
2026-07-07,RM,0.20012688738608236
2026-07-07,JM,0.020000000000000035
2026-07-07,OI,0.12540060086794533
2026-07-07,AL,0.1906745206999779
2026-07-07,AU,-0.1
2026-07-07,AG,-0.1
2026-07-07,SC,-0.1
2026-07-07,SN,-0.1
2026-07-07,P,-0.1
2026-07-07,A,-0.1
2026-07-07,IC,-0.1
2026-07-07,LH,-0.1
2026-07-07,TF,-0.1
2026-07-07,IM,-0.1
2026-07-08,SA,0.05650718029066247
2026-07-08,I,0.18499427055427273
2026-07-08,UR,0.020000000000000046
2026-07-08,CF,0.13608528218096758
2026-07-08,MA,0.02
2026-07-08,HC,0.06776813348632772
2026-07-08,RM,0.18635433801658613
2026-07-08,JM,0.020000000000000007
2026-07-08,OI,0.1219545376417109
2026-07-08,AL,0.18633625782947244
2026-07-08,AU,-0.1
2026-07-08,AG,-0.1
2026-07-08,SC,-0.1
2026-07-08,SN,-0.1
2026-07-08,P,-0.1
2026-07-08,A,-0.1
2026-07-08,IC,-0.1
2026-07-08,LH,-0.1
2026-07-08,IM,-0.1
2026-07-08,TF,-0.1
2026-07-09,I,0.17450475099734442
2026-07-09,SA,0.06454217379497083
2026-07-09,CF,0.12685117977659743
2026-07-09,MA,0.027896384616694445
2026-07-09,UR,0.06229674876714831
2026-07-09,RM,0.2285604131790651
2026-07-09,HC,0.07981146788235471
2026-07-09,JM,0.019999999999999997
2026-07-09,NI,0.020000000000000007
2026-07-09,M,0.19553688098582472
2026-07-09,AU,-0.1
2026-07-09,AG,-0.1
2026-07-09,SC,-0.1
2026-07-09,SN,-0.1
2026-07-09,P,-0.1
2026-07-09,A,-0.1
2026-07-09,IC,-0.1
2026-07-09,LH,-0.1
2026-07-09,IM,-0.1
2026-07-09,TS,-0.1
2026-07-10,SA,0.09329575841730701
2026-07-10,I,0.22913225467420706
2026-07-10,RM,0.2170135506723418
2026-07-10,CF,0.12810388709758763
2026-07-10,UR,0.02
2026-07-10,FU,0.019999999999999997
2026-07-10,HC,0.08178587840322672
2026-07-10,JM,0.02
2026-07-10,OI,0.12027077044524512
2026-07-10,T,0.07039790029008461
2026-07-10,AU,-0.1
2026-07-10,AG,-0.1
2026-07-10,SN,-0.1
2026-07-10,SC,-0.1
2026-07-10,P,-0.1
2026-07-10,A,-0.1
2026-07-10,IC,-0.1
2026-07-10,LH,-0.1
2026-07-10,IM,-0.1
2026-07-10,TS,-0.1
2026-07-13,SA,0.06586546733434764
2026-07-13,I,0.1543087305168173
2026-07-13,CF,0.13041041056883967
2026-07-13,RM,0.21127426209510589
2026-07-13,UR,0.02
2026-07-13,HC,0.07932600391539808
2026-07-13,MA,0.03904771472799255
2026-07-13,J,0.020000000000000018
2026-07-13,M,0.18956520964394832
2026-07-13,T,0.09020220119755065
2026-07-13,AU,-0.1
2026-07-13,AG,-0.1
2026-07-13,SC,-0.1
2026-07-13,SN,-0.1
2026-07-13,P,-0.1
2026-07-13,A,-0.1
2026-07-13,IC,-0.1
2026-07-13,LH,-0.1
2026-07-13,IM,-0.1
2026-07-13,TS,-0.1
2026-07-14,SA,0.02213663025641346
2026-07-14,I,0.1583860378811518
2026-07-14,RM,0.23431236085964072
2026-07-14,CF,0.15469026024408472
2026-07-14,UR,0.028895064201227717
2026-07-14,J,0.02
2026-07-14,MA,0.024107143332061834
2026-07-14,HC,0.04674599934211879
2026-07-14,M,0.23137106242060176
2026-07-14,TF,0.07935544146269927
2026-07-14,AU,-0.1
2026-07-14,AG,-0.1
2026-07-14,SC,-0.1
2026-07-14,SN,-0.1
2026-07-14,P,-0.1
2026-07-14,A,-0.1
2026-07-14,IC,-0.1
2026-07-14,LH,-0.1
2026-07-14,IM,-0.1
2026-07-14,TS,-0.1
2026-07-15,SA,0.019999999999999997
2026-07-15,I,0.1361437163273179
2026-07-15,RM,0.19240958469297187
2026-07-15,CF,0.12051737558108412
2026-07-15,UR,0.047305390937979336
2026-07-15,J,0.019999999999999997
2026-07-15,JM,0.020000000000000025
2026-07-15,MA,0.03931622717844185
2026-07-15,M,0.16491777659736773
2026-07-15,ZN,0.23938992868483708
2026-07-15,AU,-0.1
2026-07-15,AG,-0.1
2026-07-15,SC,-0.1
2026-07-15,SN,-0.1
2026-07-15,P,-0.1
2026-07-15,A,-0.1
2026-07-15,IC,-0.1
2026-07-15,LH,-0.1
2026-07-15,TS,-0.1
2026-07-15,IM,-0.1
2026-07-16,I,0.13996527801958475
2026-07-16,SA,0.04530676667853321
2026-07-16,RM,0.17649634914928
2026-07-16,CF,0.12539191076726716
2026-07-16,J,0.02
2026-07-16,HC,0.07993387499875716
2026-07-16,MA,0.039392177124634775
2026-07-16,M,0.16414139811633646
2026-07-16,UR,0.020435288566433632
2026-07-16,ZN,0.18893695657917284
2026-07-16,AU,-0.1
2026-07-16,AG,-0.1
2026-07-16,SC,-0.1
2026-07-16,SN,-0.1
2026-07-16,P,-0.1
2026-07-16,A,-0.1
2026-07-16,IC,-0.1
2026-07-16,LH,-0.1
2026-07-16,IM,-0.1
2026-07-16,TS,-0.1
2026-07-17,SA,0.020000000000000004
2026-07-17,I,0.14647790091241
2026-07-17,RM,0.20023415634388037
2026-07-17,CF,0.12100455995504794
2026-07-17,J,0.020000000000000035
2026-07-17,JM,0.02000000000000001
2026-07-17,M,0.170073623824485
2026-07-17,MA,0.03747988293198006
2026-07-17,UR,0.03391317371711223
2026-07-17,ZN,0.23081670231508447
2026-07-17,AU,-0.1
2026-07-17,AG,-0.1
2026-07-17,P,-0.1
2026-07-17,SN,-0.1
2026-07-17,SC,-0.1
2026-07-17,A,-0.1
2026-07-17,IC,-0.1
2026-07-17,LH,-0.1
2026-07-17,IM,-0.1
2026-07-17,TS,-0.1
2026-07-20,I,0.1491254931407345
2026-07-20,SA,0.08299171785847562
2026-07-20,RM,0.1441605070845698
2026-07-20,CF,0.10738956112091937
2026-07-20,J,0.020000000000000007
2026-07-20,M,0.14007500378740856
2026-07-20,HC,0.10235598409459538
2026-07-20,UR,0.025331804382451653
2026-07-20,FU,0.020000000000000004
2026-07-20,ZN,0.208569928530845
2026-07-20,AU,-0.1
2026-07-20,P,-0.1
2026-07-20,AG,-0.1
2026-07-20,SN,-0.1
2026-07-20,SC,-0.1
2026-07-20,A,-0.1
2026-07-20,IC,-0.1
2026-07-20,LH,-0.1
2026-07-20,IM,-0.1
2026-07-20,TS,-0.1
2026-07-21,SA,0.13221164401098182
2026-07-21,I,0.15978888073369166
2026-07-21,CF,0.11715104839637491
2026-07-21,RM,0.18147028757184153
2026-07-21,J,0.02
2026-07-21,HC,0.10519751638269624
2026-07-21,M,0.16540757961761746
2026-07-21,UR,0.023950507161377838
2026-07-21,FU,0.02
2026-07-21,TF,0.07482253612541866
2026-07-21,AU,-0.1
2026-07-21,AG,-0.1
2026-07-21,P,-0.1
2026-07-21,SN,-0.1
2026-07-21,SC,-0.1
2026-07-21,A,-0.1
2026-07-21,IC,-0.1
2026-07-21,IM,-0.1
2026-07-21,Y,-0.1
2026-07-21,TS,-0.1
2026-07-22,SA,0.020000000000000028
2026-07-22,I,0.16696677952804967
2026-07-22,CF,0.10536203191925324
2026-07-22,JM,0.02
2026-07-22,RM,0.30828272259719985
2026-07-22,M,0.25744173311965657
2026-07-22,J,0.020000000000000007
2026-07-22,UR,0.03816039972456157
2026-07-22,TF,0.025299078706617358
2026-07-22,IH,0.038487254404661775
2026-07-22,AU,-0.1
2026-07-22,AG,-0.1
2026-07-22,P,-0.1
2026-07-22,SN,-0.1
2026-07-22,SC,-0.1
2026-07-22,A,-0.1
2026-07-22,IC,-0.1
2026-07-22,FU,-0.1
2026-07-22,IM,-0.1
2026-07-22,Y,-0.1
2026-07-23,SA,0.020000000000000014
2026-07-23,I,0.13539455585829863
2026-07-23,JM,0.020000000000000014
2026-07-23,CF,0.09247934840167245
2026-07-23,RM,0.22546897315481032
2026-07-23,J,0.02
2026-07-23,M,0.19320878350595264
2026-07-23,UR,0.03770243574740926
2026-07-23,ZN,0.23574590333185674
2026-07-23,IH,0.02
2026-07-23,AU,-0.1
2026-07-23,AG,-0.1
2026-07-23,P,-0.1
2026-07-23,SN,-0.1
2026-07-23,SC,-0.1
2026-07-23,A,-0.1
2026-07-23,IC,-0.1
2026-07-23,Y,-0.1
2026-07-23,IM,-0.1
2026-07-23,FU,-0.1
2026-07-24,I,0.12528828912251422
2026-07-24,J,0.020000000000000025
2026-07-24,SA,0.03952828683609695
2026-07-24,CF,0.11574197983659985
2026-07-24,JM,0.02
2026-07-24,RM,0.20735762912478603
2026-07-24,M,0.17627100691916348
2026-07-24,UR,0.13176921231844774
2026-07-24,IH,0.07759380283125544
2026-07-24,RU,0.08644979301113642
2026-07-24,AU,-0.1
2026-07-24,P,-0.1
2026-07-24,AG,-0.1
2026-07-24,SN,-0.1
2026-07-24,SC,-0.1
2026-07-24,A,-0.1
2026-07-24,IC,-0.1
2026-07-24,IM,-0.1
2026-07-24,FU,-0.1
2026-07-24,Y,-0.1
2026-07-27,SA,0.10977014209607483
2026-07-27,I,0.11681439225157277
2026-07-27,J,0.020000000000000014
2026-07-27,RM,0.13780835760821675
2026-07-27,JM,0.02000000000000004
2026-07-27,CF,0.11912008489173263
2026-07-27,UR,0.125294971955177
2026-07-27,OI,0.12539717936214861
2026-07-27,RU,0.1260236054458822
2026-07-27,TS,0.09977126638919517
2026-07-27,AU,-0.1
2026-07-27,AG,-0.1
2026-07-27,P,-0.1
2026-07-27,SN,-0.1
2026-07-27,SC,-0.1
2026-07-27,A,-0.1
2026-07-27,IC,-0.1
2026-07-27,IM,-0.1
2026-07-27,FU,-0.1
2026-07-27,Y,-0.1
2026-07-28,SA,0.020000000000000025
2026-07-28,I,0.1336177441718236
2026-07-28,J,0.02
2026-07-28,RM,0.2118781914661836
2026-07-28,JM,0.020000000000000014
2026-07-28,CF,0.12863455451818176
2026-07-28,LH,0.11270367962177588
2026-07-28,UR,0.18582275944613652
2026-07-28,RU,0.10325420588356958
2026-07-28,TS,0.06408886489232911
2026-07-28,AU,-0.1
2026-07-28,P,-0.1
2026-07-28,AG,-0.1
2026-07-28,SN,-0.1
2026-07-28,A,-0.1
2026-07-28,SC,-0.1
2026-07-28,IC,-0.1
2026-07-28,IM,-0.1
2026-07-28,FU,-0.1
2026-07-28,Y,-0.1
2026-07-29,SA,0.08369522488671974
2026-07-29,I,0.13737174054981627
2026-07-29,RM,0.17317003791828683
2026-07-29,J,0.020000000000000004
2026-07-29,JM,0.02000000000000001
2026-07-29,CF,0.1256133714925309
2026-07-29,LH,0.1800907612412092
2026-07-29,UR,0.14461380052030695
2026-07-29,V,0.020000000000000004
2026-07-29,IH,0.09544506339113011
2026-07-29,AU,-0.1
2026-07-29,P,-0.1
2026-07-29,AG,-0.1
2026-07-29,A,-0.1
2026-07-29,SN,-0.1
2026-07-29,SC,-0.1
2026-07-29,IC,-0.1
2026-07-29,IM,-0.1
2026-07-29,T,-0.1
2026-07-29,Y,-0.1
2026-07-30,SA,0.09125444967164892
2026-07-30,I,0.13989007018567615
2026-07-30,RM,0.1541409901487009
2026-07-30,J,0.020000000000000073
2026-07-30,JM,0.02
2026-07-30,SR,0.1297623125646873
2026-07-30,UR,0.13683810198223928
2026-07-30,LH,0.17278604596943106
2026-07-30,V,0.02000000000000003
2026-07-30,IH,0.11532802947761621
2026-07-30,P,-0.1
2026-07-30,AU,-0.1
2026-07-30,A,-0.1
2026-07-30,CU,-0.1
2026-07-30,AG,-0.1
2026-07-30,SC,-0.1
2026-07-30,IM,-0.1
2026-07-30,IC,-0.1
2026-07-30,Y,-0.1
2026-07-30,FU,-0.1
2026-07-31,SA,0.09012006893392764
2026-07-31,I,0.14972908848311955
2026-07-31,J,0.020000000000000084
2026-07-31,RM,0.18161882609360513
2026-07-31,JM,0.019999999999999997
2026-07-31,SR,0.1357001399489245
2026-07-31,CF,0.15593038643362858
2026-07-31,V,0.020000000000000014
2026-07-31,UR,0.14914592815884162
2026-07-31,TS,0.07775556194795283
2026-07-31,P,-0.1
2026-07-31,AU,-0.1
2026-07-31,A,-0.1
2026-07-31,SC,-0.1
2026-07-31,SN,-0.1
2026-07-31,CU,-0.1
2026-07-31,IM,-0.1
2026-07-31,IC,-0.1
2026-07-31,T,-0.1
2026-07-31,Y,-0.1
