date,symbol,weight
2025-02-06,A,0.05779089828975984
2025-02-06,AG,0.03842218715712356
2025-02-06,AL,0.05234226994637133
2025-02-06,AU,0.07990440480616494
2025-02-06,FU,0.02347991314178921
2025-02-06,HC,0.06621803945065118
2025-02-06,I,0.035869694999602394
2025-02-06,IC,0.028339033037174107
2025-02-06,IF,0.04782634839861282
2025-02-06,IH,0.06980721077275061
2025-02-06,A,-0.05779089828975984
2025-02-06,AG,-0.03842218715712356
2025-02-06,AL,-0.05234226994637133
2025-02-06,AU,-0.07990440480616494
2025-02-06,FU,-0.02347991314178921
2025-02-06,HC,-0.06621803945065118
2025-02-06,I,-0.035869694999602394
2025-02-06,IC,-0.028339033037174107
2025-02-06,IF,-0.04782634839861282
2025-02-06,IH,-0.06980721077275061
2025-02-07,A,0.05953778316695078
2025-02-07,AG,0.03936367164647783
2025-02-07,AL,0.049520142729313224
2025-02-07,AU,0.0820000423086989
2025-02-07,FU,0.023339355865069262
2025-02-07,HC,0.06964166370237525
2025-02-07,I,0.0378587434782349
2025-02-07,IC,0.02814330593775259
2025-02-07,IF,0.04587930666591318
2025-02-07,IH,0.06471598449921412
2025-02-07,A,-0.05953778316695078
2025-02-07,AG,-0.03936367164647783
2025-02-07,AL,-0.049520142729313224
2025-02-07,AU,-0.0820000423086989
2025-02-07,FU,-0.023339355865069262
2025-02-07,HC,-0.06964166370237525
2025-02-07,I,-0.0378587434782349
2025-02-07,IC,-0.02814330593775259
2025-02-07,IF,-0.04587930666591318
2025-02-07,IH,-0.06471598449921412
2025-02-10,A,0.06084416074370955
2025-02-10,AG,0.0400416281932491
2025-02-10,AL,0.05026518632965152
2025-02-10,AU,0.07929799046308865
2025-02-10,FU,0.023212468857096276
2025-02-10,HC,0.07042733636876168
2025-02-10,I,0.037231438894627086
2025-02-10,IC,0.028168116337405263
2025-02-10,IF,0.0462113997003337
2025-02-10,IH,0.06430027411207709
2025-02-10,A,-0.06084416074370955
2025-02-10,AG,-0.0400416281932491
2025-02-10,AL,-0.05026518632965152
2025-02-10,AU,-0.07929799046308865
2025-02-10,FU,-0.023212468857096276
2025-02-10,HC,-0.07042733636876168
2025-02-10,I,-0.037231438894627086
2025-02-10,IC,-0.028168116337405263
2025-02-10,IF,-0.0462113997003337
2025-02-10,IH,-0.06430027411207709
2025-02-11,A,0.058524469837164646
2025-02-11,AG,0.03760514584195425
2025-02-11,AL,0.05451556535086908
2025-02-11,AU,0.08434173446635204
2025-02-11,FU,0.02409965281979237
2025-02-11,HC,0.06511717546583615
2025-02-11,I,0.03519102505291199
2025-02-11,IC,0.028779054202045233
2025-02-11,IF,0.046804745562428786
2025-02-11,IH,0.0650214314006455
2025-02-11,A,-0.058524469837164646
2025-02-11,AG,-0.03760514584195425
2025-02-11,AL,-0.05451556535086908
2025-02-11,AU,-0.08434173446635204
2025-02-11,FU,-0.02409965281979237
2025-02-11,HC,-0.06511717546583615
2025-02-11,I,-0.03519102505291199
2025-02-11,IC,-0.028779054202045233
2025-02-11,IF,-0.046804745562428786
2025-02-11,IH,-0.0650214314006455
2025-02-12,A,0.059644844081057385
2025-02-12,AG,0.03759417234269896
2025-02-12,AL,0.05616541492955787
2025-02-12,AU,0.08594064854902339
2025-02-12,FU,0.023740022121570763
2025-02-12,HC,0.0643177851541499
2025-02-12,I,0.03417368251772422
2025-02-12,IC,0.028684671216763723
2025-02-12,IF,0.046559487990618854
2025-02-12,IH,0.0631792710968349
2025-02-12,A,-0.059644844081057385
2025-02-12,AG,-0.03759417234269896
2025-02-12,AL,-0.05616541492955787
2025-02-12,AU,-0.08594064854902339
2025-02-12,FU,-0.023740022121570763
2025-02-12,HC,-0.0643177851541499
2025-02-12,I,-0.03417368251772422
2025-02-12,IC,-0.028684671216763723
2025-02-12,IF,-0.046559487990618854
2025-02-12,IH,-0.0631792710968349
2025-02-13,A,0.05889239544364679
2025-02-13,AG,0.039108880275197586
2025-02-13,AL,0.056812914546925185
2025-02-13,AU,0.08718391541317813
2025-02-13,FU,0.022225575812878273
2025-02-13,HC,0.06332380343447414
2025-02-13,I,0.031143566317655195
2025-02-13,IC,0.028636798993937698
2025-02-13,IF,0.046965597500108376
2025-02-13,IH,0.06570655226199862
2025-02-13,A,-0.05889239544364679
2025-02-13,AG,-0.039108880275197586
2025-02-13,AL,-0.056812914546925185
2025-02-13,AU,-0.08718391541317813
2025-02-13,FU,-0.022225575812878273
2025-02-13,HC,-0.06332380343447414
2025-02-13,I,-0.031143566317655195
2025-02-13,IC,-0.028636798993937698
2025-02-13,IF,-0.046965597500108376
2025-02-13,IH,-0.06570655226199862
2025-02-14,A,0.05332970878534713
2025-02-14,AG,0.03586006823239693
2025-02-14,AL,0.056503660571664754
2025-02-14,AU,0.09135815461582307
2025-02-14,FU,0.023982224370948213
2025-02-14,HC,0.06696638128971598
2025-02-14,I,0.03214686965722564
2025-02-14,IC,0.029363672624984086
2025-02-14,IF,0.04650935604244846
2025-02-14,IH,0.06397990380944572
2025-02-14,A,-0.05332970878534713
2025-02-14,AG,-0.03586006823239693
2025-02-14,AL,-0.056503660571664754
2025-02-14,AU,-0.09135815461582307
2025-02-14,FU,-0.023982224370948213
2025-02-14,HC,-0.06696638128971598
2025-02-14,I,-0.03214686965722564
2025-02-14,IC,-0.029363672624984086
2025-02-14,IF,-0.04650935604244846
2025-02-14,IH,-0.06397990380944572
2025-02-17,A,0.050733093491500986
2025-02-17,AG,0.03408030773222949
2025-02-17,AL,0.05798181083054319
2025-02-17,AU,0.08042827973274591
2025-02-17,FU,0.025880253383924235
2025-02-17,HC,0.07383797852202753
2025-02-17,I,0.03230975091170523
2025-02-17,IC,0.030299563812621576
2025-02-17,IF,0.0487802168346218
2025-02-17,IH,0.06566874474808002
2025-02-17,A,-0.050733093491500986
2025-02-17,AG,-0.03408030773222949
2025-02-17,AL,-0.05798181083054319
2025-02-17,AU,-0.08042827973274591
2025-02-17,FU,-0.025880253383924235
2025-02-17,HC,-0.07383797852202753
2025-02-17,I,-0.03230975091170523
2025-02-17,IC,-0.030299563812621576
2025-02-17,IF,-0.0487802168346218
2025-02-17,IH,-0.06566874474808002
2025-02-18,A,0.0508884541622766
2025-02-18,AG,0.0340782742330375
2025-02-18,AL,0.058215269290007296
2025-02-18,AU,0.07998799708905795
2025-02-18,FU,0.025931823710147225
2025-02-18,HC,0.07319287047126402
2025-02-18,I,0.032112935597250127
2025-02-18,IC,0.030502002591856762
2025-02-18,IF,0.049069298612047445
2025-02-18,IH,0.06602107424305509
2025-02-18,A,-0.0508884541622766
2025-02-18,AG,-0.0340782742330375
2025-02-18,AL,-0.058215269290007296
2025-02-18,AU,-0.07998799708905795
2025-02-18,FU,-0.025931823710147225
2025-02-18,HC,-0.07319287047126402
2025-02-18,I,-0.032112935597250127
2025-02-18,IC,-0.030502002591856762
2025-02-18,IF,-0.049069298612047445
2025-02-18,IH,-0.06602107424305509
2025-02-19,A,0.051099792329368454
2025-02-19,AG,0.03410246043291049
2025-02-19,AL,0.058646009529570345
2025-02-19,AU,0.07933841345824734
2025-02-19,FU,0.026261462944877956
2025-02-19,HC,0.07360114010680492
2025-02-19,I,0.032275273928542236
2025-02-19,IC,0.029990600193584252
2025-02-19,IF,0.048973196243473203
2025-02-19,IH,0.06571165083262084
2025-02-19,A,-0.051099792329368454
2025-02-19,AG,-0.03410246043291049
2025-02-19,AL,-0.058646009529570345
2025-02-19,AU,-0.07933841345824734
2025-02-19,FU,-0.026261462944877956
2025-02-19,HC,-0.07360114010680492
2025-02-19,I,-0.032275273928542236
2025-02-19,IC,-0.029990600193584252
2025-02-19,IF,-0.048973196243473203
2025-02-19,IH,-0.06571165083262084
2025-02-20,A,0.051597539100082794
2025-02-20,AG,0.034150267533139725
2025-02-20,AL,0.058291240201367826
2025-02-20,AU,0.07929341507466732
2025-02-20,FU,0.02644810712422719
2025-02-20,HC,0.07204911054863711
2025-02-20,I,0.03177428706955124
2025-02-20,IC,0.030194752331255095
2025-02-20,IF,0.04952045139347856
2025-02-20,IH,0.06668082962359308
2025-02-20,A,-0.051597539100082794
2025-02-20,AG,-0.034150267533139725
2025-02-20,AL,-0.058291240201367826
2025-02-20,AU,-0.07929341507466732
2025-02-20,FU,-0.02644810712422719
2025-02-20,HC,-0.07204911054863711
2025-02-20,I,-0.03177428706955124
2025-02-20,IC,-0.030194752331255095
2025-02-20,IF,-0.04952045139347856
2025-02-20,IH,-0.06668082962359308
2025-02-21,A,0.05048675238794106
2025-02-21,AG,0.0345092865160021
2025-02-21,AL,0.05899905738856271
2025-02-21,AU,0.08035400980706384
2025-02-21,FU,0.026796708699033257
2025-02-21,HC,0.07288333865431007
2025-02-21,I,0.03209446538862155
2025-02-21,IC,0.029999406270342296
2025-02-21,IF,0.04890845395330588
2025-02-21,IH,0.0649685209348173
2025-02-21,A,-0.05048675238794106
2025-02-21,AG,-0.0345092865160021
2025-02-21,AL,-0.05899905738856271
2025-02-21,AU,-0.08035400980706384
2025-02-21,FU,-0.026796708699033257
2025-02-21,HC,-0.07288333865431007
2025-02-21,I,-0.03209446538862155
2025-02-21,IC,-0.029999406270342296
2025-02-21,IF,-0.04890845395330588
2025-02-21,IH,-0.0649685209348173
2025-02-24,A,0.05545519714883396
2025-02-24,AG,0.03455680147204718
2025-02-24,AL,0.057863793989932605
2025-02-24,AU,0.08063352011989265
2025-02-24,FU,0.025647300580239542
2025-02-24,HC,0.06963778972411554
2025-02-24,I,0.03236796783155733
2025-02-24,IC,0.030151611081596887
2025-02-24,IF,0.04936862146305151
2025-02-24,IH,0.06431739658873281
2025-02-24,A,-0.05545519714883396
2025-02-24,AG,-0.03455680147204718
2025-02-24,AL,-0.057863793989932605
2025-02-24,AU,-0.08063352011989265
2025-02-24,FU,-0.025647300580239542
2025-02-24,HC,-0.06963778972411554
2025-02-24,I,-0.03236796783155733
2025-02-24,IC,-0.030151611081596887
2025-02-24,IF,-0.04936862146305151
2025-02-24,IH,-0.06431739658873281
2025-02-25,A,0.059606464751392405
2025-02-25,AG,0.034631015919703446
2025-02-25,AL,0.05802233688891601
2025-02-25,AU,0.0807245168030057
2025-02-25,FU,0.027235010464948566
2025-02-25,HC,0.06462110386313905
2025-02-25,I,0.03104935191624032
2025-02-25,IC,0.03172708587343724
2025-02-25,IF,0.04973426016303648
2025-02-25,IH,0.0626488533561807
2025-02-25,A,-0.059606464751392405
2025-02-25,AG,-0.034631015919703446
2025-02-25,AL,-0.05802233688891601
2025-02-25,AU,-0.0807245168030057
2025-02-25,FU,-0.027235010464948566
2025-02-25,HC,-0.06462110386313905
2025-02-25,I,-0.03104935191624032
2025-02-25,IC,-0.03172708587343724
2025-02-25,IF,-0.04973426016303648
2025-02-25,IH,-0.0626488533561807
2025-02-26,A,0.05900534099524771
2025-02-26,AG,0.034561825459286384
2025-02-26,AL,0.058702570593277395
2025-02-26,AU,0.07956788923236394
2025-02-26,FU,0.026690785210785727
2025-02-26,HC,0.06521240742886285
2025-02-26,I,0.03108295688912712
2025-02-26,IC,0.03192624461689641
2025-02-26,IF,0.05006644480006816
2025-02-26,IH,0.06318353477408431
2025-02-26,A,-0.05900534099524771
2025-02-26,AG,-0.034561825459286384
2025-02-26,AL,-0.058702570593277395
2025-02-26,AU,-0.07956788923236394
2025-02-26,FU,-0.026690785210785727
2025-02-26,HC,-0.06521240742886285
2025-02-26,I,-0.03108295688912712
2025-02-26,IC,-0.03192624461689641
2025-02-26,IF,-0.05006644480006816
2025-02-26,IH,-0.06318353477408431
2025-02-27,A,0.05495967831034757
2025-02-27,AG,0.03499023420137477
2025-02-27,AL,0.05923236135345678
2025-02-27,AU,0.08103903891607353
2025-02-27,FU,0.02690994364426804
2025-02-27,HC,0.06587413129223116
2025-02-27,I,0.03155579356342497
2025-02-27,IC,0.032361228936661636
2025-02-27,IF,0.050226789387928225
2025-02-27,IH,0.0628508003942333
2025-02-27,A,-0.05495967831034757
2025-02-27,AG,-0.03499023420137477
2025-02-27,AL,-0.05923236135345678
2025-02-27,AU,-0.08103903891607353
2025-02-27,FU,-0.02690994364426804
2025-02-27,HC,-0.06587413129223116
2025-02-27,I,-0.03155579356342497
2025-02-27,IC,-0.032361228936661636
2025-02-27,IF,-0.050226789387928225
2025-02-27,IH,-0.0628508003942333
2025-02-28,A,0.055791898253857324
2025-02-28,AG,0.03591257374241199
2025-02-28,AL,0.06295121817388427
2025-02-28,AU,0.0774278742842835
2025-02-28,FU,0.02877842942413678
2025-02-28,HC,0.06954721191051214
2025-02-28,I,0.03215472838490865
2025-02-28,IC,0.030826446545555965
2025-02-28,IF,0.047112481694841155
2025-02-28,IH,0.05949713758560824
2025-02-28,A,-0.055791898253857324
2025-02-28,AG,-0.03591257374241199
2025-02-28,AL,-0.06295121817388427
2025-02-28,AU,-0.0774278742842835
2025-02-28,FU,-0.02877842942413678
2025-02-28,HC,-0.06954721191051214
2025-02-28,I,-0.03215472838490865
2025-02-28,IC,-0.030826446545555965
2025-02-28,IF,-0.047112481694841155
2025-02-28,IH,-0.05949713758560824
2025-03-03,A,0.05653656310892342
2025-03-03,AG,0.036337079257762736
2025-03-03,AL,0.06369624148262842
2025-03-03,AU,0.07715736828804536
2025-03-03,FU,0.028681889853711635
2025-03-03,HC,0.06973010525395014
2025-03-03,I,0.030850150531745252
2025-03-03,IC,0.031198567274429875
2025-03-03,IF,0.04715857573351685
2025-03-03,IH,0.058653459215286245
2025-03-03,A,-0.05653656310892342
2025-03-03,AG,-0.036337079257762736
2025-03-03,AL,-0.06369624148262842
2025-03-03,AU,-0.07715736828804536
2025-03-03,FU,-0.028681889853711635
2025-03-03,HC,-0.06973010525395014
2025-03-03,I,-0.030850150531745252
2025-03-03,IC,-0.031198567274429875
2025-03-03,IF,-0.04715857573351685
2025-03-03,IH,-0.058653459215286245
2025-03-04,A,0.05682777543594837
2025-03-04,AG,0.0366684006416811
2025-03-04,AL,0.0635695448095593
2025-03-04,AU,0.0781639109272731
2025-03-04,FU,0.027147689299363974
2025-03-04,HC,0.06948428068839708
2025-03-04,I,0.03113135231223567
2025-03-04,IC,0.031526485617633944
2025-03-04,IF,0.04712290312424935
2025-03-04,IH,0.05835765714365816
2025-03-04,A,-0.05682777543594837
2025-03-04,AG,-0.0366684006416811
2025-03-04,AL,-0.0635695448095593
2025-03-04,AU,-0.0781639109272731
2025-03-04,FU,-0.027147689299363974
2025-03-04,HC,-0.06948428068839708
2025-03-04,I,-0.03113135231223567
2025-03-04,IC,-0.031526485617633944
2025-03-04,IF,-0.04712290312424935
2025-03-04,IH,-0.05835765714365816
2025-03-05,A,0.0543691932365768
2025-03-05,AG,0.03708040857867372
2025-03-05,AL,0.06378582378061508
2025-03-05,AU,0.07935034949581014
2025-03-05,FU,0.027026829276868666
2025-03-05,HC,0.06896143083296795
2025-03-05,I,0.030850034626289692
2025-03-05,IC,0.03165441514211966
2025-03-05,IF,0.04756634966940447
2025-03-05,IH,0.059355165360673846
2025-03-05,A,-0.0543691932365768
2025-03-05,AG,-0.03708040857867372
2025-03-05,AL,-0.06378582378061508
2025-03-05,AU,-0.07935034949581014
2025-03-05,FU,-0.027026829276868666
2025-03-05,HC,-0.06896143083296795
2025-03-05,I,-0.030850034626289692
2025-03-05,IC,-0.03165441514211966
2025-03-05,IF,-0.04756634966940447
2025-03-05,IH,-0.059355165360673846
2025-03-06,A,0.05600800366970596
2025-03-06,AG,0.036774863047762105
2025-03-06,AL,0.061598246036786444
2025-03-06,AU,0.08248640261009524
2025-03-06,FU,0.02787166978507739
2025-03-06,HC,0.06933457728214129
2025-03-06,I,0.03181728304183379
2025-03-06,IC,0.03144380477305055
2025-03-06,IF,0.04669078123387904
2025-03-06,IH,0.0559743685196682
2025-03-06,A,-0.05600800366970596
2025-03-06,AG,-0.036774863047762105
2025-03-06,AL,-0.061598246036786444
2025-03-06,AU,-0.08248640261009524
2025-03-06,FU,-0.02787166978507739
2025-03-06,HC,-0.06933457728214129
2025-03-06,I,-0.03181728304183379
2025-03-06,IC,-0.03144380477305055
2025-03-06,IF,-0.04669078123387904
2025-03-06,IH,-0.0559743685196682
2025-03-07,A,0.054929741111891944
2025-03-07,AG,0.037099469786816476
2025-03-07,AL,0.06203615177200258
2025-03-07,AU,0.08196511603442104
2025-03-07,FU,0.028672882795920007
2025-03-07,HC,0.06772389445653179
2025-03-07,I,0.03249844885386492
2025-03-07,IC,0.03153685611556158
2025-03-07,IF,0.04700163549804748
2025-03-07,IH,0.0565358035749422
2025-03-07,A,-0.054929741111891944
2025-03-07,AG,-0.037099469786816476
2025-03-07,AL,-0.06203615177200258
2025-03-07,AU,-0.08196511603442104
2025-03-07,FU,-0.028672882795920007
2025-03-07,HC,-0.06772389445653179
2025-03-07,I,-0.03249844885386492
2025-03-07,IC,-0.03153685611556158
2025-03-07,IF,-0.04700163549804748
2025-03-07,IH,-0.0565358035749422
2025-03-10,A,0.055242447963116816
2025-03-10,AG,0.03712339633512678
2025-03-10,AL,0.06251909268982776
2025-03-10,AU,0.08209556633385284
2025-03-10,FU,0.02873545577642596
2025-03-10,HC,0.06758173944905482
2025-03-10,I,0.03243078517475814
2025-03-10,IC,0.031467334052435035
2025-03-10,IF,0.04670378853578105
2025-03-10,IH,0.056100393689620755
2025-03-10,A,-0.055242447963116816
2025-03-10,AG,-0.03712339633512678
2025-03-10,AL,-0.06251909268982776
2025-03-10,AU,-0.08209556633385284
2025-03-10,FU,-0.02873545577642596
2025-03-10,HC,-0.06758173944905482
2025-03-10,I,-0.03243078517475814
2025-03-10,IC,-0.031467334052435035
2025-03-10,IF,-0.04670378853578105
2025-03-10,IH,-0.056100393689620755
2025-03-11,A,0.052648422894879414
2025-03-11,AG,0.037301257085462634
2025-03-11,AL,0.06259468584703082
2025-03-11,AU,0.08130721519073296
2025-03-11,FU,0.029014807108153757
2025-03-11,HC,0.06774991623610283
2025-03-11,I,0.03312759737169903
2025-03-11,IC,0.03205342540777108
2025-03-11,IF,0.047269644698026546
2025-03-11,IH,0.05693302816014091
2025-03-11,A,-0.052648422894879414
2025-03-11,AG,-0.037301257085462634
2025-03-11,AL,-0.06259468584703082
2025-03-11,AU,-0.08130721519073296
2025-03-11,FU,-0.029014807108153757
2025-03-11,HC,-0.06774991623610283
2025-03-11,I,-0.03312759737169903
2025-03-11,IC,-0.03205342540777108
2025-03-11,IF,-0.047269644698026546
2025-03-11,IH,-0.05693302816014091
2025-03-12,A,0.05201851058238358
2025-03-12,AG,0.03747514448707282
2025-03-12,AL,0.06286904119070774
2025-03-12,AU,0.08148701062116445
2025-03-12,FU,0.02889977223866909
2025-03-12,HC,0.06803760091237977
2025-03-12,I,0.03304851254428047
2025-03-12,IC,0.032078103115509765
2025-03-12,IF,0.047235246730269895
2025-03-12,IH,0.05685105757756242
2025-03-12,A,-0.05201851058238358
2025-03-12,AG,-0.03747514448707282
2025-03-12,AL,-0.06286904119070774
2025-03-12,AU,-0.08148701062116445
2025-03-12,FU,-0.02889977223866909
2025-03-12,HC,-0.06803760091237977
2025-03-12,I,-0.03304851254428047
2025-03-12,IC,-0.032078103115509765
2025-03-12,IF,-0.047235246730269895
2025-03-12,IH,-0.05685105757756242
2025-03-13,A,0.05264159703982344
2025-03-13,AG,0.03740998077978345
2025-03-13,AL,0.06384742083155892
2025-03-13,AU,0.08070990860764973
2025-03-13,FU,0.028821459662825368
2025-03-13,HC,0.06568162416443009
2025-03-13,I,0.03281004972492977
2025-03-13,IC,0.03268405379248799
2025-03-13,IF,0.0479227849278021
2025-03-13,IH,0.05747112046870908
2025-03-13,A,-0.05264159703982344
2025-03-13,AG,-0.03740998077978345
2025-03-13,AL,-0.06384742083155892
2025-03-13,AU,-0.08070990860764973
2025-03-13,FU,-0.028821459662825368
2025-03-13,HC,-0.06568162416443009
2025-03-13,I,-0.03281004972492977
2025-03-13,IC,-0.03268405379248799
2025-03-13,IF,-0.0479227849278021
2025-03-13,IH,-0.05747112046870908
2025-03-14,A,0.05808219133047451
2025-03-14,AG,0.03565068087912166
2025-03-14,AL,0.07243535346690587
2025-03-14,AU,0.07614482420830025
2025-03-14,FU,0.030969149158415667
2025-03-14,HC,0.06666986281174243
2025-03-14,I,0.03340310570803211
2025-03-14,IC,0.033875011155046014
2025-03-14,IF,0.043973560174590566
2025-03-14,IH,0.04879626110737096
2025-03-14,A,-0.05808219133047451
2025-03-14,AG,-0.03565068087912166
2025-03-14,AL,-0.07243535346690587
2025-03-14,AU,-0.07614482420830025
2025-03-14,FU,-0.030969149158415667
2025-03-14,HC,-0.06666986281174243
2025-03-14,I,-0.03340310570803211
2025-03-14,IC,-0.033875011155046014
2025-03-14,IF,-0.043973560174590566
2025-03-14,IH,-0.04879626110737096
2025-03-17,A,0.05798682738806063
2025-03-17,AG,0.035930164996456744
2025-03-17,AL,0.07297040450822725
2025-03-17,AU,0.07702275320862016
2025-03-17,FU,0.031371461938536176
2025-03-17,HC,0.0633685290252134
2025-03-17,I,0.03279067028496569
2025-03-17,IC,0.034557921890642336
2025-03-17,IF,0.04454254986129534
2025-03-17,IH,0.04945871689798223
2025-03-17,A,-0.05798682738806063
2025-03-17,AG,-0.035930164996456744
2025-03-17,AL,-0.07297040450822725
2025-03-17,AU,-0.07702275320862016
2025-03-17,FU,-0.031371461938536176
2025-03-17,HC,-0.0633685290252134
2025-03-17,I,-0.03279067028496569
2025-03-17,IC,-0.034557921890642336
2025-03-17,IF,-0.04454254986129534
2025-03-17,IH,-0.04945871689798223
2025-03-18,A,0.057306625731592294
2025-03-18,AG,0.036066619264915147
2025-03-18,AL,0.07169714832428352
2025-03-18,AU,0.07770003533634351
2025-03-18,FU,0.031689163419064165
2025-03-18,HC,0.06331864532908282
2025-03-18,I,0.03291408653567875
2025-03-18,IC,0.034804420935830034
2025-03-18,IF,0.04482676164915431
2025-03-18,IH,0.04967649347405537
2025-03-18,A,-0.057306625731592294
2025-03-18,AG,-0.036066619264915147
2025-03-18,AL,-0.07169714832428352
2025-03-18,AU,-0.07770003533634351
2025-03-18,FU,-0.031689163419064165
2025-03-18,HC,-0.06331864532908282
2025-03-18,I,-0.03291408653567875
2025-03-18,IC,-0.034804420935830034
2025-03-18,IF,-0.04482676164915431
2025-03-18,IH,-0.04967649347405537
2025-03-19,A,0.056872438621972554
2025-03-19,AG,0.036078668271340576
2025-03-19,AL,0.07189695185849235
2025-03-19,AU,0.07919309656245753
2025-03-19,FU,0.030870385280011594
2025-03-19,HC,0.0629837924164953
2025-03-19,I,0.032094002887529796
2025-03-19,IC,0.03472929931558011
2025-03-19,IF,0.045112330210458906
2025-03-19,IH,0.05016903457566134
2025-03-19,A,-0.056872438621972554
2025-03-19,AG,-0.036078668271340576
2025-03-19,AL,-0.07189695185849235
2025-03-19,AU,-0.07919309656245753
2025-03-19,FU,-0.030870385280011594
2025-03-19,HC,-0.0629837924164953
2025-03-19,I,-0.032094002887529796
2025-03-19,IC,-0.03472929931558011
2025-03-19,IF,-0.045112330210458906
2025-03-19,IH,-0.05016903457566134
2025-03-20,A,0.055757014713219144
2025-03-20,AG,0.036096338399957496
2025-03-20,AL,0.07286264220819637
2025-03-20,AU,0.07934919763334583
2025-03-20,FU,0.03119396670034661
2025-03-20,HC,0.0633710767402553
2025-03-20,I,0.03226073925767965
2025-03-20,IC,0.034640767840422304
2025-03-20,IF,0.0448325015935745
2025-03-20,IH,0.04963575491300278
2025-03-20,A,-0.055757014713219144
2025-03-20,AG,-0.036096338399957496
2025-03-20,AL,-0.07286264220819637
2025-03-20,AU,-0.07934919763334583
2025-03-20,FU,-0.03119396670034661
2025-03-20,HC,-0.0633710767402553
2025-03-20,I,-0.03226073925767965
2025-03-20,IC,-0.034640767840422304
2025-03-20,IF,-0.0448325015935745
2025-03-20,IH,-0.04963575491300278
2025-03-21,A,0.05893525742162172
2025-03-21,AG,0.03521597597362735
2025-03-21,AL,0.07088158456570376
2025-03-21,AU,0.07844741926424605
2025-03-21,FU,0.03245503888741575
2025-03-21,HC,0.0647199968287589
2025-03-21,I,0.032761371319840346
2025-03-21,IC,0.034472819284396085
2025-03-21,IF,0.04393675323428269
2025-03-21,IH,0.04817378322010735
2025-03-21,A,-0.05893525742162172
2025-03-21,AG,-0.03521597597362735
2025-03-21,AL,-0.07088158456570376
2025-03-21,AU,-0.07844741926424605
2025-03-21,FU,-0.03245503888741575
2025-03-21,HC,-0.0647199968287589
2025-03-21,I,-0.032761371319840346
2025-03-21,IC,-0.034472819284396085
2025-03-21,IF,-0.04393675323428269
2025-03-21,IH,-0.04817378322010735
2025-03-24,A,0.05939051777913973
2025-03-24,AG,0.035225974580796175
2025-03-24,AL,0.07140570348703935
2025-03-24,AU,0.07935131204409468
2025-03-24,FU,0.032584369134719626
2025-03-24,HC,0.06304587776067275
2025-03-24,I,0.03149798185613879
2025-03-24,IC,0.03522876066935082
2025-03-24,IF,0.044165276264265974
2025-03-24,IH,0.04810422642378212
2025-03-24,A,-0.05939051777913973
2025-03-24,AG,-0.035225974580796175
2025-03-24,AL,-0.07140570348703935
2025-03-24,AU,-0.07935131204409468
2025-03-24,FU,-0.032584369134719626
2025-03-24,HC,-0.06304587776067275
2025-03-24,I,-0.03149798185613879
2025-03-24,IC,-0.03522876066935082
2025-03-24,IF,-0.044165276264265974
2025-03-24,IH,-0.04810422642378212
2025-03-25,A,0.059409515442187734
2025-03-25,AG,0.035274638562022675
2025-03-25,AL,0.07128099471506613
2025-03-25,AU,0.07916793761629187
2025-03-25,FU,0.03271839952544687
2025-03-25,HC,0.06296918791766698
2025-03-25,I,0.03147794681939754
2025-03-25,IC,0.03522501173099285
2025-03-25,IF,0.04428042732539732
2025-03-25,IH,0.048195940345530035
2025-03-25,A,-0.059409515442187734
2025-03-25,AG,-0.035274638562022675
2025-03-25,AL,-0.07128099471506613
2025-03-25,AU,-0.07916793761629187
2025-03-25,FU,-0.03271839952544687
2025-03-25,HC,-0.06296918791766698
2025-03-25,I,-0.03147794681939754
2025-03-25,IC,-0.03522501173099285
2025-03-25,IF,-0.04428042732539732
2025-03-25,IH,-0.048195940345530035
2025-03-26,A,0.05946436865413412
2025-03-26,AG,0.03509712362220539
2025-03-26,AL,0.07130636394556888
2025-03-26,AU,0.07922532963305774
2025-03-26,FU,0.03264879358454033
2025-03-26,HC,0.06296720180022403
2025-03-26,I,0.03143250874132731
2025-03-26,IC,0.03523855224598398
2025-03-26,IF,0.044335355957960634
2025-03-26,IH,0.04828440181499759
2025-03-26,A,-0.05946436865413412
2025-03-26,AG,-0.03509712362220539
2025-03-26,AL,-0.07130636394556888
2025-03-26,AU,-0.07922532963305774
2025-03-26,FU,-0.03264879358454033
2025-03-26,HC,-0.06296720180022403
2025-03-26,I,-0.03143250874132731
2025-03-26,IC,-0.03523855224598398
2025-03-26,IF,-0.044335355957960634
2025-03-26,IH,-0.04828440181499759
2025-03-27,A,0.059596776443809764
2025-03-27,AG,0.03513628854048704
2025-03-27,AL,0.07108461231327648
2025-03-27,AU,0.07929091443055017
2025-03-27,FU,0.032711369800926766
2025-03-27,HC,0.06313917392057207
2025-03-27,I,0.03127934567590675
2025-03-27,IC,0.035245992050550456
2025-03-27,IF,0.044333791166476885
2025-03-27,IH,0.04818173565744368
2025-03-27,A,-0.059596776443809764
2025-03-27,AG,-0.03513628854048704
2025-03-27,AL,-0.07108461231327648
2025-03-27,AU,-0.07929091443055017
2025-03-27,FU,-0.032711369800926766
2025-03-27,HC,-0.06313917392057207
2025-03-27,I,-0.03127934567590675
2025-03-27,IC,-0.035245992050550456
2025-03-27,IF,-0.044333791166476885
2025-03-27,IH,-0.04818173565744368
2025-03-28,A,0.059683662671285984
2025-03-28,AG,0.035194952819484863
2025-03-28,AL,0.0710004950020257
2025-03-28,AU,0.07859849057654777
2025-03-28,FU,0.03283478594155236
2025-03-28,HC,0.0632339237038221
2025-03-28,I,0.03136399291693329
2025-03-28,IC,0.035329634244584913
2025-03-28,IF,0.044450896509096484
2025-03-28,IH,0.048309165614666534
2025-03-28,A,-0.059683662671285984
2025-03-28,AG,-0.035194952819484863
2025-03-28,AL,-0.0710004950020257
2025-03-28,AU,-0.07859849057654777
2025-03-28,FU,-0.03283478594155236
2025-03-28,HC,-0.0632339237038221
2025-03-28,I,-0.03136399291693329
2025-03-28,IC,-0.035329634244584913
2025-03-28,IF,-0.044450896509096484
2025-03-28,IH,-0.048309165614666534
2025-03-31,A,0.06036143247644327
2025-03-31,AG,0.035122190545048074
2025-03-31,AL,0.07053864961215352
2025-03-31,AU,0.07979659301383599
2025-03-31,FU,0.03277105647476146
2025-03-31,HC,0.06257742953921928
2025-03-31,I,0.031027324284624857
2025-03-31,IC,0.03514918011053828
2025-03-31,IF,0.04431394805196654
2025-03-31,IH,0.048342195891408715
2025-03-31,A,-0.06036143247644327
2025-03-31,AG,-0.035122190545048074
2025-03-31,AL,-0.07053864961215352
2025-03-31,AU,-0.07979659301383599
2025-03-31,FU,-0.03277105647476146
2025-03-31,HC,-0.06257742953921928
2025-03-31,I,-0.031027324284624857
2025-03-31,IC,-0.03514918011053828
2025-03-31,IF,-0.04431394805196654
2025-03-31,IH,-0.048342195891408715
2025-04-01,A,0.06136799093790981
2025-04-01,AG,0.03596571329581232
2025-04-01,AL,0.07079495657752014
2025-04-01,AU,0.07880299632043826
2025-04-01,FU,0.03176689116168912
2025-04-01,HC,0.0624258671642569
2025-04-01,I,0.0302400089610438
2025-04-01,IC,0.035161570355388805
2025-04-01,IF,0.04461333907410189
2025-04-01,IH,0.0488606661518389
2025-04-01,A,-0.06136799093790981
2025-04-01,AG,-0.03596571329581232
2025-04-01,AL,-0.07079495657752014
2025-04-01,AU,-0.07880299632043826
2025-04-01,FU,-0.03176689116168912
2025-04-01,HC,-0.0624258671642569
2025-04-01,I,-0.0302400089610438
2025-04-01,IC,-0.035161570355388805
2025-04-01,IF,-0.04461333907410189
2025-04-01,IH,-0.0488606661518389
2025-04-02,A,0.06147293015013176
2025-04-02,AG,0.03599689695172019
2025-04-02,AL,0.07066173846574127
2025-04-02,AU,0.0785452675741371
2025-04-02,FU,0.031776321711010615
2025-04-02,HC,0.06244860200838968
2025-04-02,I,0.030291918380109417
2025-04-02,IC,0.035247204786992004
2025-04-02,IF,0.044675403071158984
2025-04-02,IH,0.04888371690060899
2025-04-02,A,-0.06147293015013176
2025-04-02,AG,-0.03599689695172019
2025-04-02,AL,-0.07066173846574127
2025-04-02,AU,-0.0785452675741371
2025-04-02,FU,-0.031776321711010615
2025-04-02,HC,-0.06244860200838968
2025-04-02,I,-0.030291918380109417
2025-04-02,IC,-0.035247204786992004
2025-04-02,IF,-0.044675403071158984
2025-04-02,IH,-0.04888371690060899
2025-04-03,A,0.06178459705487162
2025-04-03,AG,0.035575889720026344
2025-04-03,AL,0.07069881710234238
2025-04-03,AU,0.07899341096211468
2025-04-03,FU,0.03176880096270705
2025-04-03,HC,0.06226550418158722
2025-04-03,I,0.030279534964297767
2025-04-03,IC,0.03507168507645627
2025-04-03,IF,0.04453429131918086
2025-04-03,IH,0.04902746865641586
2025-04-03,A,-0.06178459705487162
2025-04-03,AG,-0.035575889720026344
2025-04-03,AL,-0.07069881710234238
2025-04-03,AU,-0.07899341096211468
2025-04-03,FU,-0.03176880096270705
2025-04-03,HC,-0.06226550418158722
2025-04-03,I,-0.030279534964297767
2025-04-03,IC,-0.03507168507645627
2025-04-03,IF,-0.04453429131918086
2025-04-03,IH,-0.04902746865641586
2025-04-07,A,0.10902678831850428
2025-04-07,AG,0.028888885190181866
2025-04-07,AL,0.06567475960061334
2025-04-07,AU,0.07140043194641375
2025-04-07,FU,0.02810303992871962
2025-04-07,HC,0.06656471660070463
2025-04-07,I,0.04133860845671762
2025-04-07,IC,0.026339031787385957
2025-04-07,IF,0.028420618544043607
2025-04-07,IH,0.03424311962671526
2025-04-07,A,-0.10902678831850428
2025-04-07,AG,-0.028888885190181866
2025-04-07,AL,-0.06567475960061334
2025-04-07,AU,-0.07140043194641375
2025-04-07,FU,-0.02810303992871962
2025-04-07,HC,-0.06656471660070463
2025-04-07,I,-0.04133860845671762
2025-04-07,IC,-0.026339031787385957
2025-04-07,IF,-0.028420618544043607
2025-04-07,IH,-0.03424311962671526
2025-04-08,A,0.10943677410615449
2025-04-08,AG,0.02887073993024468
2025-04-08,AL,0.06570447996398389
2025-04-08,AU,0.07151596398517307
2025-04-08,FU,0.028082001545213897
2025-04-08,HC,0.06645059218309698
2025-04-08,I,0.04112532950260796
2025-04-08,IC,0.026362489446022236
2025-04-08,IF,0.028358861213678473
2025-04-08,IH,0.03409276812382425
2025-04-08,A,-0.10943677410615449
2025-04-08,AG,-0.02887073993024468
2025-04-08,AL,-0.06570447996398389
2025-04-08,AU,-0.07151596398517307
2025-04-08,FU,-0.028082001545213897
2025-04-08,HC,-0.06645059218309698
2025-04-08,I,-0.04112532950260796
2025-04-08,IC,-0.026362489446022236
2025-04-08,IF,-0.028358861213678473
2025-04-08,IH,-0.03409276812382425
2025-04-09,A,0.10971199417604711
2025-04-09,AG,0.02887700048755949
2025-04-09,AL,0.06573623264875353
2025-04-09,AU,0.0712212846367034
2025-04-09,FU,0.028062721804892964
2025-04-09,HC,0.06661758975768728
2025-04-09,I,0.04121680616435395
2025-04-09,IC,0.026309284869561238
2025-04-09,IF,0.028294526560697805
2025-04-09,IH,0.03395255889374333
2025-04-09,A,-0.10971199417604711
2025-04-09,AG,-0.02887700048755949
2025-04-09,AL,-0.06573623264875353
2025-04-09,AU,-0.0712212846367034
2025-04-09,FU,-0.028062721804892964
2025-04-09,HC,-0.06661758975768728
2025-04-09,I,-0.04121680616435395
2025-04-09,IC,-0.026309284869561238
2025-04-09,IF,-0.028294526560697805
2025-04-09,IH,-0.03395255889374333
2025-04-10,A,0.11152654964166993
2025-04-10,AG,0.02944413788036818
2025-04-10,AL,0.06200497157606618
2025-04-10,AU,0.06857449539756365
2025-04-10,FU,0.027770027936140237
2025-04-10,HC,0.06636683633986025
2025-04-10,I,0.04107404733141432
2025-04-10,IC,0.027261458316471626
2025-04-10,IF,0.029626070052065683
2025-04-10,IH,0.03635140552837994
2025-04-10,A,-0.11152654964166993
2025-04-10,AG,-0.02944413788036818
2025-04-10,AL,-0.06200497157606618
2025-04-10,AU,-0.06857449539756365
2025-04-10,FU,-0.027770027936140237
2025-04-10,HC,-0.06636683633986025
2025-04-10,I,-0.04107404733141432
2025-04-10,IC,-0.027261458316471626
2025-04-10,IF,-0.029626070052065683
2025-04-10,IH,-0.03635140552837994
2025-04-11,AU,0.0308167892036069
2025-04-11,AG,0.015978048539918462
2025-04-11,SC,0.016931131356710462
2025-04-11,SN,0.016340552045943542
2025-04-11,IH,0.029558197612761666
2025-04-11,TL,0.0803220786898014
2025-04-11,T,0.2190702216971553
2025-04-11,P,0.019107233072771512
2025-04-11,A,0.04664762514385904
2025-04-11,Y,0.02522812263747174
2025-04-11,I,-0.039614327669428094
2025-04-11,SA,-0.036471814275643964
2025-04-11,J,-0.03272350067677035
2025-04-11,CF,-0.08257032187105384
2025-04-11,MA,-0.05509343032517093
2025-04-11,V,-0.05119914003831482
2025-04-11,RM,-0.04862701529388738
2025-04-11,JM,-0.03047145170109098
2025-04-11,M,-0.06950067212927905
2025-04-11,ZN,-0.05372832601936058
2025-04-14,AU,0.0680594352091421
2025-04-14,AG,0.031048156612954007
2025-04-14,SN,0.0312456394513084
2025-04-14,IH,0.04221512892948203
2025-04-14,SC,0.04285454765481316
2025-04-14,IF,0.034478018581938726
2025-04-14,IC,0.032132137782967606
2025-04-14,P,0.04266322628900539
2025-04-14,A,0.11913170823998866
2025-04-14,Y,0.05617200124840001
2025-04-14,J,-0.007830581226297569
2025-04-14,I,-0.009231485608532507
2025-04-14,CF,-0.01840289279213839
2025-04-14,SA,-0.008242190425910562
2025-04-14,MA,-0.013297899384827944
2025-04-14,V,-0.011849349350844779
2025-04-14,RM,-0.011480317643686035
2025-04-14,HC,-0.013216047681324151
2025-04-14,M,-0.01599502570580566
2025-04-14,TS,-0.3904542101806324
2025-04-15,AU,0.06962341424565445
2025-04-15,AG,0.03227110149780512
2025-04-15,SC,0.03887781683881726
2025-04-15,IH,0.04609941644219921
2025-04-15,SN,0.031944471176081804
2025-04-15,IM,0.03171244176921248
2025-04-15,IC,0.03345020754179824
2025-04-15,A,0.13072975834101033
2025-04-15,P,0.04589537064203884
2025-04-15,TA,0.03939600150538231
2025-04-15,J,-0.03258765549946513
2025-04-15,I,-0.03844833127767264
2025-04-15,CF,-0.0703934395951674
2025-04-15,SA,-0.03434289736301121
2025-04-15,MA,-0.05248283201810586
2025-04-15,V,-0.048555357615455735
2025-04-15,RM,-0.04784650691657319
2025-04-15,M,-0.07076546567333732
2025-04-15,HC,-0.05777542012355114
2025-04-15,ZN,-0.04680209391766046
2025-04-16,AU,0.05968128409529762
2025-04-16,AG,0.02627682165826969
2025-04-16,SC,0.03884484429405904
2025-04-16,IC,0.028454301711372303
2025-04-16,IM,0.02766385451402279
2025-04-16,IH,0.037623035850775775
2025-04-16,SN,0.025467575566038746
2025-04-16,A,0.1005969703718979
2025-04-16,P,0.041708845017720604
2025-04-16,LH,0.11368246692054551
2025-04-16,CF,-0.07098333377566958
2025-04-16,I,-0.03780137790689147
2025-04-16,HC,-0.05669227096716095
2025-04-16,J,-0.03320240936604315
2025-04-16,V,-0.05378123498165925
2025-04-16,RU,-0.03263958580097098
2025-04-16,SA,-0.04045021492719846
2025-04-16,Y,-0.06447959975537818
2025-04-16,ZN,-0.0478433611713368
2025-04-16,OI,-0.06212661134769119
2025-04-17,AU,0.06221066858930377
2025-04-17,AG,0.028866750341541687
2025-04-17,SC,0.03738570993478544
2025-04-17,IC,0.031147654508276983
2025-04-17,IM,0.029915489872878242
2025-04-17,IF,0.03386520817222204
2025-04-17,A,0.10594311790302678
2025-04-17,SN,0.028044923222670368
2025-04-17,FU,0.028924837381279912
2025-04-17,LH,0.11369564007401486
2025-04-17,CF,-0.07054300144850134
2025-04-17,HC,-0.057009649650562086
2025-04-17,J,-0.033680039361613956
2025-04-17,I,-0.038032436804098825
2025-04-17,RU,-0.03264367325752678
2025-04-17,V,-0.05428409576538002
2025-04-17,Y,-0.06336171404989087
2025-04-17,ZN,-0.0478216079241473
2025-04-17,SA,-0.0405785719733143
2025-04-17,OI,-0.06204520976496449
2025-04-18,AG,0.028159569339996443
2025-04-18,AU,0.06103668951972046
2025-04-18,SC,0.038544756607492306
2025-04-18,IC,0.03103803711584427
2025-04-18,IH,0.039291921242910116
2025-04-18,IF,0.032596951096480774
2025-04-18,A,0.10284835406274753
2025-04-18,SN,0.027586484052645303
2025-04-18,FU,0.02913380658659896
2025-04-18,LH,0.1097634303755638
2025-04-18,CF,-0.016717162971179946
2025-04-18,HC,-0.012677145043715345
2025-04-18,I,-0.00871248974149755
2025-04-18,RU,-0.007603732897802706
2025-04-18,RB,-0.013100297063005356
2025-04-18,Y,-0.013732219620784641
2025-04-18,V,-0.012782084981123605
2025-04-18,TS,-0.39134843232122746
2025-04-18,OI,-0.012295403445348397
2025-04-18,UR,-0.011031031914314938
2025-04-21,AU,0.05979785216263179
2025-04-21,AG,0.02807099025290871
2025-04-21,IC,0.029306080613520656
2025-04-21,IM,0.027962920264251036
2025-04-21,IF,0.032263304987144414
2025-04-21,SC,0.03880269982556788
2025-04-21,A,0.09870866993299633
2025-04-21,SN,0.02594432370229299
2025-04-21,P,0.04282729660629038
2025-04-21,LH,0.11631586165239577
2025-04-21,CF,-0.01656623671995282
2025-04-21,HC,-0.012399617433845869
2025-04-21,I,-0.008416415549414207
2025-04-21,TS,-0.3930392402874287
2025-04-21,Y,-0.013722533924501304
2025-04-21,RU,-0.007438557858609944
2025-04-21,RB,-0.01270944944312105
2025-04-21,V,-0.012585139329909723
2025-04-21,UR,-0.011046117204814458
2025-04-21,OI,-0.012076692248402004
2025-04-22,AU,0.06842528784062019
2025-04-22,IF,0.04037171753070868
2025-04-22,IM,0.03400285274095035
2025-04-22,IC,0.036284827549524765
2025-04-22,AG,0.036213233018882185
2025-04-22,SC,0.040839597792062365
2025-04-22,A,0.12578337062973297
2025-04-22,SN,0.035190599860586126
2025-04-22,FU,0.034790293405850076
2025-04-22,P,0.04809821963108233
2025-04-22,CF,-0.015519858546546094
2025-04-22,HC,-0.011806894201752698
2025-04-22,I,-0.008034064118173869
2025-04-22,J,-0.00678424067399924
2025-04-22,Y,-0.014739688900808153
2025-04-22,AL,-0.014067730978947448
2025-04-22,RU,-0.006958522215431535
2025-04-22,UR,-0.010355908266575573
2025-04-22,TS,-0.4003087246003198
2025-04-22,V,-0.011424367497445562
2025-04-23,AU,0.06220474023308067
2025-04-23,IF,0.03902724894438428
2025-04-23,IC,0.035166975187249205
2025-04-23,AG,0.03582239548951135
2025-04-23,SC,0.04010254096542026
2025-04-23,IM,0.03331010277516094
2025-04-23,A,0.12188663703650944
2025-04-23,NI,0.049054252462218575
2025-04-23,FU,0.03494759943030071
2025-04-23,P,0.04847750747616461
2025-04-23,CF,-0.015195644146808565
2025-04-23,HC,-0.011446424796176911
2025-04-23,I,-0.008066706415230602
2025-04-23,Y,-0.013270838931405739
2025-04-23,UR,-0.01092604031163951
2025-04-23,AL,-0.013559720978436975
2025-04-23,RB,-0.011536350166747865
2025-04-23,OI,-0.01179320363210915
2025-04-23,TS,-0.39379652250657565
2025-04-23,ZN,-0.010408548114868982
2025-04-24,IC,0.03471111608732582
2025-04-24,AU,0.05786867797807034
2025-04-24,IF,0.03767490165565593
2025-04-24,AG,0.033766111512735224
2025-04-24,SC,0.0419873599681136
2025-04-24,IM,0.03368855394115936
2025-04-24,A,0.09808755329168498
2025-04-24,NI,0.050667414111483025
2025-04-24,FU,0.03442586640454103
2025-04-24,M,0.0771224450492307
2025-04-24,CF,-0.01545285436461895
2025-04-24,HC,-0.0111789458707813
2025-04-24,I,-0.007968628342446235
2025-04-24,UR,-0.011151345705068871
2025-04-24,Y,-0.013678694432066813
2025-04-24,AL,-0.014439179363281804
2025-04-24,RB,-0.011299580622469944
2025-04-24,TS,-0.39078710268906364
2025-04-24,OI,-0.011782325276682503
2025-04-24,V,-0.012261343333519921
2025-04-25,SC,0.039977810443928126
2025-04-25,AU,0.06110592792393846
2025-04-25,AG,0.03576798614953592
2025-04-25,IC,0.03515397514844862
2025-04-25,IF,0.03845084487908678
2025-04-25,IM,0.03341043390540078
2025-04-25,A,0.12295650208244557
2025-04-25,NI,0.04963978069157736
2025-04-25,FU,0.03462941044067858
2025-04-25,P,0.04890732833495985
2025-04-25,CF,-0.020322345588016242
2025-04-25,HC,-0.013342148555667987
2025-04-25,TS,-0.33810499604640326
2025-04-25,I,-0.009850576635011246
2025-04-25,UR,-0.012924369684060877
2025-04-25,TL,-0.04257116047227433
2025-04-25,V,-0.015093811446197784
2025-04-25,RB,-0.013614766209917155
2025-04-25,AL,-0.01867492530826113
2025-04-25,OI,-0.015500900054189996
2025-04-28,SC,0.040499575716985946
2025-04-28,AU,0.060686756639717454
2025-04-28,AG,0.035807797166122375
2025-04-28,IC,0.035663303248253404
2025-04-28,A,0.12314703134213739
2025-04-28,IF,0.038965433295762485
2025-04-28,IM,0.03378686187657832
2025-04-28,FU,0.03535948060497706
2025-04-28,NI,0.049215992069813606
2025-04-28,P,0.046867768039651946
2025-04-28,CF,-0.01996817621543368
2025-04-28,OI,-0.013189913545391832
2025-04-28,HC,-0.01452618051620045
2025-04-28,TS,-0.34484473621976464
2025-04-28,UR,-0.012395850800528536
2025-04-28,I,-0.01046279239404441
2025-04-28,TL,-0.04223113412266024
2025-04-28,AL,-0.016317602691047536
2025-04-28,Y,-0.016123372483326442
2025-04-28,CU,-0.009940241011602194
2025-04-29,AU,0.06167788443761087
2025-04-29,SC,0.03994087055100642
2025-04-29,AG,0.036361772769147434
2025-04-29,A,0.12045980958456107
2025-04-29,IC,0.03608155173306448
2025-04-29,IF,0.0392778187368155
2025-04-29,IM,0.034325303389631454
2025-04-29,NI,0.049515129545375194
2025-04-29,FU,0.03529370976364282
2025-04-29,P,0.04706614948914486
2025-04-29,CF,-0.01882932813770981
2025-04-29,HC,-0.012706150755556445
2025-04-29,I,-0.009206751841525113
2025-04-29,TL,-0.03159463104493294
2025-04-29,UR,-0.010361486540803324
2025-04-29,TS,-0.24815347908990698
2025-04-29,V,-0.015504005203260673
2025-04-29,TF,-0.11091205740283787
2025-04-29,Y,-0.017985404285209675
2025-04-29,SR,-0.02474670569825715
2025-04-30,AU,0.05753355103242996
2025-04-30,AG,0.03441131288445053
2025-04-30,IC,0.036251208114026066
2025-04-30,IF,0.038773819373258425
2025-04-30,SC,0.04097842007083239
2025-04-30,IM,0.03547773334387253
2025-04-30,A,0.09660895728007038
2025-04-30,NI,0.04984442256701854
2025-04-30,FU,0.03514312457461559
2025-04-30,M,0.07497745075942554
2025-04-30,CF,-0.019450216430077286
2025-04-30,HC,-0.012390341021429472
2025-04-30,I,-0.009108144508524403
2025-04-30,UR,-0.010223482743471464
2025-04-30,TL,-0.04303680445957938
2025-04-30,SR,-0.02702775659840005
2025-04-30,V,-0.015586132675958894
2025-04-30,RB,-0.012757045198169526
2025-04-30,TS,-0.33134502375360064
2025-04-30,Y,-0.019075052610788883
2025-05-06,AU,0.05701818866913121
2025-05-06,IC,0.035977746883103054
2025-05-06,IF,0.038696048527180754
2025-05-06,AG,0.03451291228643812
2025-05-06,IM,0.035133806802105295
2025-05-06,SC,0.041458197014440465
2025-05-06,A,0.09647843722156402
2025-05-06,NI,0.049824211529170374
2025-05-06,M,0.07531352102973154
2025-05-06,FU,0.035586930037135166
2025-05-06,CF,-0.021635942178672263
2025-05-06,HC,-0.012033578635500142
2025-05-06,I,-0.009423933172464328
2025-05-06,UR,-0.009804392235053415
2025-05-06,RB,-0.012251401925121624
2025-05-06,TS,-0.2582876280982914
2025-05-06,V,-0.015017752139124499
2025-05-06,CU,-0.010937414236295358
2025-05-06,TL,-0.03290297290726609
2025-05-06,TF,-0.11770498447221088
2025-05-07,IF,0.035416051249983836
2025-05-07,IC,0.033965637143342164
2025-05-07,AU,0.06005277365501172
2025-05-07,AG,0.03738787403412996
2025-05-07,IM,0.03338652446005499
2025-05-07,SC,0.0386155197044139
2025-05-07,A,0.09486650423172005
2025-05-07,M,0.08397904595682898
2025-05-07,NI,0.04531772374114414
2025-05-07,FU,0.037012345823370325
2025-05-07,CF,-0.02097930473885278
2025-05-07,HC,-0.012429310560743943
2025-05-07,I,-0.009451927573429815
2025-05-07,UR,-0.010294189500721763
2025-05-07,V,-0.015691569164520813
2025-05-07,RB,-0.012566281803063814
2025-05-07,TL,-0.032829527621080455
2025-05-07,TS,-0.25774569020866056
2025-05-07,TF,-0.11710395356720417
2025-05-07,CU,-0.010908245261721955
2025-05-08,AU,0.05885306653016049
2025-05-08,IF,0.03620344951277656
2025-05-08,AG,0.036810699581558394
2025-05-08,IC,0.03482388411397405
2025-05-08,IM,0.03432342259164897
2025-05-08,SC,0.03839971542111231
2025-05-08,A,0.09167758062847957
2025-05-08,NI,0.046410328835444395
2025-05-08,FU,0.037182977064524454
2025-05-08,M,0.08531487572032082
2025-05-08,CF,-0.054381434197636545
2025-05-08,I,-0.026006029132846217
2025-05-08,HC,-0.0370850095296631
2025-05-08,UR,-0.03364540771537888
2025-05-08,RB,-0.03609552127612358
2025-05-08,CU,-0.027439240366967228
2025-05-08,V,-0.038212273112092805
2025-05-08,JD,-0.07400839558174875
2025-05-08,TL,-0.13917299516483353
2025-05-08,ZN,-0.033953693922709374
2025-05-09,AU,0.06081441514657631
2025-05-09,IC,0.03607605149523361
2025-05-09,AG,0.037726511326266365
2025-05-09,IM,0.03526709829261153
2025-05-09,IF,0.03772095073571265
2025-05-09,SC,0.039245804609409886
2025-05-09,A,0.0959166772835834
2025-05-09,SN,0.03426098474436796
2025-05-09,FU,0.037869820799694365
2025-05-09,M,0.0851016855665439
2025-05-09,CF,-0.0623959416542961
2025-05-09,I,-0.03488870726426747
2025-05-09,CU,-0.03547809778474142
2025-05-09,HC,-0.05075658699810899
2025-05-09,UR,-0.05154112496754141
2025-05-09,ZN,-0.04547646774479837
2025-05-09,RB,-0.0494970873407134
2025-05-09,RM,-0.05796479361373226
2025-05-09,AL,-0.05846318186265984
2025-05-09,V,-0.053538010769140804
2025-05-12,IC,0.035899570758164516
2025-05-12,AU,0.06308491616752569
2025-05-12,AG,0.03765863966022968
2025-05-12,IM,0.03513075108470856
2025-05-12,IF,0.03752037652125863
2025-05-12,SC,0.03877579090309821
2025-05-12,A,0.0950332776837736
2025-05-12,SN,0.03406395042354547
2025-05-12,M,0.08488033270559414
2025-05-12,FU,0.03795239409210155
2025-05-12,CF,-0.021222392398248018
2025-05-12,I,-0.01129770814777947
2025-05-12,UR,-0.012036085958562327
2025-05-12,HC,-0.01547459982527884
2025-05-12,TL,-0.028815069845693347
2025-05-12,TF,-0.1089516821858711
2025-05-12,TS,-0.2557310389242569
2025-05-12,RM,-0.013161566108594711
2025-05-12,CU,-0.011825623156876332
2025-05-12,JD,-0.021484233448838985
2025-05-13,AU,0.06035555598159701
2025-05-13,AG,0.03751655413218006
2025-05-13,IC,0.035463681283399995
2025-05-13,IM,0.03473525951562625
2025-05-13,SC,0.04392170307837332
2025-05-13,IF,0.03731162005478601
2025-05-13,SN,0.03425985045484391
2025-05-13,M,0.07668394565699221
2025-05-13,A,0.08766371782275745
2025-05-13,OI,0.052088112019443855
2025-05-13,CF,-0.015521403449072366
2025-05-13,I,-0.0076108183099648915
2025-05-13,HC,-0.010882803234336103
2025-05-13,UR,-0.009368351405251414
2025-05-13,SR,-0.02158773847801668
2025-05-13,JD,-0.0215645924933979
2025-05-13,RB,-0.010758217025580335
2025-05-13,TF,-0.12414461871927567
2025-05-13,TS,-0.266583934497984
2025-05-13,ZN,-0.011977522387120715
2025-05-14,IC,0.03512701923033953
2025-05-14,AG,0.038159701032480724
2025-05-14,AU,0.06458959589307031
2025-05-14,IM,0.03391013212239997
2025-05-14,SC,0.038507386745991655
2025-05-14,SN,0.032841705506629106
2025-05-14,IF,0.03695017997515131
2025-05-14,M,0.08475392143148168
2025-05-14,A,0.09319690546132062
2025-05-14,TA,0.04196345260113516
2025-05-14,CF,-0.01944806016944958
2025-05-14,UR,-0.01094861795260256
2025-05-14,I,-0.009774939097212247
2025-05-14,JD,-0.023310107121442877
2025-05-14,HC,-0.013990050974548978
2025-05-14,TF,-0.10912075957941932
2025-05-14,TS,-0.24771675347574243
2025-05-14,SR,-0.025211573924634457
2025-05-14,CU,-0.011037431469454198
2025-05-14,TL,-0.02944170623549342
2025-05-15,AU,0.059902542836732076
2025-05-15,AG,0.037341814838974266
2025-05-15,IM,0.035314136135318044
2025-05-15,IC,0.036152450738330164
2025-05-15,M,0.08607993417326743
2025-05-15,IF,0.0377821913076704
2025-05-15,SC,0.03786800613888336
2025-05-15,SN,0.03454344581692335
2025-05-15,FU,0.03807157674936938
2025-05-15,A,0.09694390126453158
2025-05-15,I,-0.013709144750336778
2025-05-15,CF,-0.02601346532014674
2025-05-15,CU,-0.0150944195984287
2025-05-15,JD,-0.034728939878944196
2025-05-15,UR,-0.020101587772267723
2025-05-15,RM,-0.020144386970425837
2025-05-15,HC,-0.018912957526514684
2025-05-15,TF,-0.31325242586101254
2025-05-15,RB,-0.018541170949651728
2025-05-15,V,-0.019501501372271076
2025-05-16,AU,0.056124337329874645
2025-05-16,AG,0.03790053506150365
2025-05-16,IM,0.034197524091861206
2025-05-16,IC,0.03517875786622892
2025-05-16,M,0.07849398980323152
2025-05-16,SN,0.034728077304998314
2025-05-16,IF,0.03684324381566334
2025-05-16,A,0.09198826587181795
2025-05-16,SC,0.041965283706369455
2025-05-16,OI,0.05257998514845105
2025-05-16,I,-0.01291024695963283
2025-05-16,RM,-0.02114329013993116
2025-05-16,CF,-0.022459429971563895
2025-05-16,SR,-0.032985504664671934
2025-05-16,RU,-0.01167329160177693
2025-05-16,UR,-0.0187452737590372
2025-05-16,TF,-0.3284681886150589
2025-05-16,CU,-0.014085504208813203
2025-05-16,HC,-0.01801944176238115
2025-05-16,V,-0.01950982831713276
2025-05-19,AU,0.060079013244662506
2025-05-19,AG,0.03913214273926083
2025-05-19,IM,0.03270027519555351
2025-05-19,IC,0.034316675247415815
2025-05-19,SN,0.03316737474787973
2025-05-19,M,0.08777545625372773
2025-05-19,IF,0.03605465779963971
2025-05-19,A,0.09939942099046993
2025-05-19,SC,0.03621100760851308
2025-05-19,TA,0.04116397617287706
2025-05-19,CF,-0.02214296903776073
2025-05-19,RM,-0.021302188321921628
2025-05-19,I,-0.012893346500340476
2025-05-19,SR,-0.0326629793060661
2025-05-19,UR,-0.018639061309643403
2025-05-19,RU,-0.011347290150125078
2025-05-19,RB,-0.018134392312009476
2025-05-19,CU,-0.01362580642581706
2025-05-19,TF,-0.3315414889574644
2025-05-19,ZN,-0.01771047767885161
2025-05-20,AU,0.06019797079918778
2025-05-20,AG,0.039205861664569575
2025-05-20,M,0.08782317026322328
2025-05-20,IC,0.03422014484823925
2025-05-20,IM,0.03259521659567594
2025-05-20,SC,0.036296796828030393
2025-05-20,IF,0.03596962541837798
2025-05-20,SN,0.033147769472204464
2025-05-20,A,0.0993576081940173
2025-05-20,TA,0.04118583591647401
2025-05-20,I,-0.03262202865805434
2025-05-20,RM,-0.05823015502523583
2025-05-20,CF,-0.055851560585770066
2025-05-20,ZN,-0.04490615774217691
2025-05-20,CU,-0.03560236567667422
2025-05-20,UR,-0.05705138306508465
2025-05-20,RU,-0.0300313317722087
2025-05-20,RB,-0.047730832841177705
2025-05-20,V,-0.04990493032055158
2025-05-20,SR,-0.088069254313066
2025-05-21,AU,0.056734573121093826
2025-05-21,AG,0.03853418908261547
2025-05-21,IC,0.03616871134414103
2025-05-21,IM,0.03532016697477812
2025-05-21,SC,0.0369652671756659
2025-05-21,SN,0.0343663697084024
2025-05-21,IF,0.03692695853923547
2025-05-21,M,0.08743743448510367
2025-05-21,A,0.10104560177686107
2025-05-21,FU,0.03650072779210309
2025-05-21,I,-0.034417910918986896
2025-05-21,RM,-0.055298423991546546
2025-05-21,ZN,-0.04395332438598272
2025-05-21,CU,-0.03554513981841173
2025-05-21,UR,-0.059979645702892055
2025-05-21,JD,-0.10164605778260893
2025-05-21,HC,-0.04987244518728371
2025-05-21,RU,-0.03095163045880082
2025-05-21,AL,-0.05221883147665952
2025-05-21,MA,-0.03611659027682707
2025-05-22,AU,0.057096677815140606
2025-05-22,AG,0.03897047098047018
2025-05-22,SC,0.03622800314196078
2025-05-22,IC,0.036172870735104265
2025-05-22,SN,0.03438361276541281
2025-05-22,IM,0.03533771816723222
2025-05-22,A,0.09958606780986481
2025-05-22,M,0.08894930526600621
2025-05-22,IF,0.03711280337407772
2025-05-22,FU,0.036162469944730324
2025-05-22,I,-0.03511162374536861
2025-05-22,RM,-0.055700680538846345
2025-05-22,ZN,-0.044142188958718666
2025-05-22,UR,-0.05934663000341889
2025-05-22,CU,-0.035403779883081736
2025-05-22,RU,-0.031045691643289294
2025-05-22,MA,-0.035915920376178904
2025-05-22,JD,-0.10177037519903953
2025-05-22,AL,-0.05216833924060574
2025-05-22,RB,-0.04939477041145224
2025-05-23,AU,0.05346781897057743
2025-05-23,AG,0.037865087698739676
2025-05-23,SC,0.03994748307148113
2025-05-23,SN,0.034006713484648406
2025-05-23,IC,0.035809039636129185
2025-05-23,IM,0.0351188434785377
2025-05-23,A,0.09259187950637257
2025-05-23,M,0.08073336906952477
2025-05-23,IF,0.03651642922300984
2025-05-23,OI,0.05394333586097922
2025-05-23,I,-0.03465429822812693
2025-05-23,RM,-0.0570638501958898
2025-05-23,ZN,-0.045650608571587196
2025-05-23,UR,-0.060007182203637884
2025-05-23,RU,-0.031211746402363558
2025-05-23,CU,-0.03749864511303843
2025-05-23,MA,-0.03584425565938018
2025-05-23,CF,-0.05921123231187313
2025-05-23,J,-0.031980021964382266
2025-05-23,JD,-0.1068781593497206
2025-05-26,AG,0.03833164275240532
2025-05-26,AU,0.05653736754926236
2025-05-26,SC,0.03627844870881846
2025-05-26,IC,0.03569222660469973
2025-05-26,IM,0.03449822245704322
2025-05-26,SN,0.032935943096422074
2025-05-26,M,0.09083302913110032
2025-05-26,IF,0.03680762782089015
2025-05-26,A,0.097763632402209
2025-05-26,TA,0.04032185947714942
2025-05-26,I,-0.03360649935075515
2025-05-26,RM,-0.05449908702269606
2025-05-26,CF,-0.058646478571429655
2025-05-26,UR,-0.05860187266892999
2025-05-26,RU,-0.030471583476542042
2025-05-26,ZN,-0.04443960066903995
2025-05-26,CU,-0.03713195405161141
2025-05-26,V,-0.04485281810150645
2025-05-26,J,-0.030622418637036915
2025-05-26,JD,-0.10712768745045237
2025-05-27,AU,0.05645106264954423
2025-05-27,AG,0.03834306060007835
2025-05-27,SN,0.03294799845777787
2025-05-27,IM,0.0344974767135479
2025-05-27,SC,0.03625910507567704
2025-05-27,IC,0.035715558462061786
2025-05-27,A,0.09776494280223634
2025-05-27,IF,0.03683389435725169
2025-05-27,M,0.090844099993392
2025-05-27,TA,0.04034280088843276
2025-05-27,RM,-0.06752355092207395
2025-05-27,I,-0.038028649996735824
2025-05-27,CF,-0.06260283040499935
2025-05-27,RU,-0.033359929177712515
2025-05-27,UR,-0.06135245880773557
2025-05-27,CU,-0.03940040548261568
2025-05-27,ZN,-0.049375790177068404
2025-05-27,J,-0.03536191269867261
2025-05-27,V,-0.052579920818363546
2025-05-27,AL,-0.06041455151402259
2025-05-28,AU,0.05692293996865991
2025-05-28,AG,0.0388421073145536
2025-05-28,SN,0.032251852911669876
2025-05-28,SC,0.036552460244869744
2025-05-28,IM,0.034052057901127454
2025-05-28,IC,0.03532612169308432
2025-05-28,A,0.09781878599011881
2025-05-28,IF,0.0364432105950682
2025-05-28,M,0.09153080236962242
2025-05-28,TA,0.04025966101122573
2025-05-28,I,-0.03831162158983255
2025-05-28,RM,-0.06795764577171001
2025-05-28,UR,-0.061270412104023834
2025-05-28,CF,-0.06309988917235443
2025-05-28,J,-0.03502138039006318
2025-05-28,CU,-0.03954329566654077
2025-05-28,V,-0.05268856616732702
2025-05-28,RU,-0.03195574091810324
2025-05-28,ZN,-0.04933718931071541
2025-05-28,AL,-0.06081425890932953
2025-05-29,AU,0.05633548254513376
2025-05-29,AG,0.038537715907754524
2025-05-29,SC,0.03518552938165275
2025-05-29,IM,0.03309951560397157
2025-05-29,SN,0.03114738922505235
2025-05-29,IC,0.034341921707405416
2025-05-29,IF,0.036072978171171194
2025-05-29,A,0.10414315867737646
2025-05-29,M,0.0922236274168766
2025-05-29,TA,0.03891268136360532
2025-05-29,I,-0.032971389953338995
2025-05-29,RM,-0.05696597671895621
2025-05-29,UR,-0.060468663512669774
2025-05-29,J,-0.030064083279455107
2025-05-29,CU,-0.03849989877019088
2025-05-29,SA,-0.032757918274371016
2025-05-29,RB,-0.04851941389433868
2025-05-29,ZN,-0.04603363689446533
2025-05-29,JD,-0.09845566256053835
2025-05-29,AL,-0.055263356141675615
2025-05-30,AU,0.057239016991850016
2025-05-30,AG,0.03861349802888577
2025-05-30,SC,0.03390840867295375
2025-05-30,IM,0.033640193607032985
2025-05-30,SN,0.03018148267322564
2025-05-30,IC,0.0348269338710892
2025-05-30,IF,0.03652624322233337
2025-05-30,A,0.104219626823109
2025-05-30,M,0.0925857816267612
2025-05-30,TA,0.038258814482759085
2025-05-30,I,-0.03300289113285902
2025-05-30,RM,-0.05724531390814579
2025-05-30,UR,-0.06042216132543039
2025-05-30,CU,-0.03847444562054011
2025-05-30,ZN,-0.04582343968791008
2025-05-30,J,-0.029928962802402446
2025-05-30,RB,-0.04849991137596476
2025-05-30,SA,-0.03279555780687813
2025-05-30,AL,-0.055087055484580635
2025-05-30,JD,-0.09872026085528862
2025-06-03,AU,0.056010732313766375
2025-06-03,AG,0.03757208933343504
2025-06-03,IM,0.03317297281296055
2025-06-03,SC,0.033306816959917294
2025-06-03,IC,0.03450097429389368
2025-06-03,SN,0.029794501568133434
2025-06-03,IF,0.036106939514623064
2025-06-03,A,0.10223937474135597
2025-06-03,M,0.09833768824716262
2025-06-03,TA,0.03895791021475203
2025-06-03,I,-0.035401852890584104
2025-06-03,ZN,-0.05112012216594532
2025-06-03,J,-0.03374754669904532
2025-06-03,UR,-0.06543964002812598
2025-06-03,CU,-0.04195051464612747
2025-06-03,RM,-0.07262925811854135
2025-06-03,HC,-0.05344291949390525
2025-06-03,AL,-0.06202569295909474
2025-06-03,SA,-0.03847235463145039
2025-06-03,MA,-0.04577009836718006
2025-06-04,AU,0.054396681115357066
2025-06-04,AG,0.036722884061418784
2025-06-04,IM,0.03234845669379607
2025-06-04,IC,0.033704385940568765
2025-06-04,SC,0.032701127406175055
2025-06-04,SN,0.028504201950185024
2025-06-04,IF,0.035198552450590115
2025-06-04,A,0.10433902364124946
2025-06-04,TA,0.03823378878277458
2025-06-04,M,0.1038508979578851
2025-06-04,I,-0.03185862747990048
2025-06-04,ZN,-0.04542204611383949
2025-06-04,CU,-0.03657750631458325
2025-06-04,UR,-0.05949033327997968
2025-06-04,RM,-0.06446092173019358
2025-06-04,AL,-0.050655514898799374
2025-06-04,HC,-0.04682660176410168
2025-06-04,J,-0.028859583468003297
2025-06-04,JD,-0.09994805272998684
2025-06-04,MA,-0.035900812220612366
2025-06-05,AU,0.05415115941704572
2025-06-05,AG,0.03682337088104582
2025-06-05,SC,0.03251829588807178
2025-06-05,IM,0.032708806577898195
2025-06-05,IC,0.033947090250384844
2025-06-05,SN,0.028461513419059566
2025-06-05,IF,0.03541800033350826
2025-06-05,A,0.10404750695371488
2025-06-05,TA,0.03811943999315983
2025-06-05,M,0.10380481628611116
2025-06-05,I,-0.03173318350795669
2025-06-05,ZN,-0.04636945392070016
2025-06-05,RM,-0.0642795233338568
2025-06-05,CU,-0.03685524583106653
2025-06-05,UR,-0.05838528659983345
2025-06-05,J,-0.02859694834746998
2025-06-05,AL,-0.051493071710686955
2025-06-05,HC,-0.04701318207176487
2025-06-05,JD,-0.09991248950207024
2025-06-05,MA,-0.03536161517459428
2025-06-06,AU,0.055391610613568606
2025-06-06,AG,0.03501194684497387
2025-06-06,SC,0.03267669914842613
2025-06-06,IM,0.03324436999192112
2025-06-06,IC,0.03455936056923862
2025-06-06,SN,0.02836467122291406
2025-06-06,A,0.10600350935334962
2025-06-06,IF,0.03606557535099336
2025-06-06,M,0.1001790883095378
2025-06-06,TA,0.03850316859507683
2025-06-06,ZN,-0.04569727423464927
2025-06-06,I,-0.030784401223363015
2025-06-06,CU,-0.03607686648241064
2025-06-06,AL,-0.05030257951683258
2025-06-06,UR,-0.05742764660933595
2025-06-06,RM,-0.06090923332195565
2025-06-06,J,-0.026961104372258588
2025-06-06,JD,-0.10306418150086988
2025-06-06,HC,-0.04587243397392524
2025-06-06,V,-0.04290427876439921
2025-06-09,AU,0.055179155407864666
2025-06-09,AG,0.03479219135348804
2025-06-09,SC,0.032775930224286015
2025-06-09,IM,0.03300108338307914
2025-06-09,IC,0.03427718617605396
2025-06-09,SN,0.028185202266307295
2025-06-09,A,0.10561480220213997
2025-06-09,IF,0.035733088636168295
2025-06-09,M,0.10222113571601471
2025-06-09,TA,0.038220224634597906
2025-06-09,ZN,-0.043618068770647674
2025-06-09,I,-0.030359380256954904
2025-06-09,AL,-0.05013095733897803
2025-06-09,CU,-0.03576549510378008
2025-06-09,UR,-0.0571612516130177
2025-06-09,RM,-0.06776343999158278
2025-06-09,JD,-0.10021604359624513
2025-06-09,V,-0.04281902758885773
2025-06-09,HC,-0.0457375780248838
2025-06-09,J,-0.026428757715052188
2025-06-10,AU,0.032775620447003335
2025-06-10,AG,0.023728455057693554
2025-06-10,IM,0.024303701867459896
2025-06-10,SC,0.023002413442415784
2025-06-10,IC,0.026274334699863486
2025-06-10,A,0.0666898569145045
2025-06-10,SN,0.018445141015680382
2025-06-10,TL,0.19154385620166636
2025-06-10,M,0.06870391842533782
2025-06-10,JM,0.02453270192837484
2025-06-10,I,-0.03097228572779733
2025-06-10,AL,-0.04871425981359179
2025-06-10,CU,-0.03445190708500933
2025-06-10,ZN,-0.04326035037710635
2025-06-10,RM,-0.06897733168985583
2025-06-10,UR,-0.056325055979708216
2025-06-10,JD,-0.0950490463498206
2025-06-10,HC,-0.046223573653134876
2025-06-10,MA,-0.03366608017614343
2025-06-10,V,-0.042360109147832246
2025-06-11,AU,0.06430586375697751
2025-06-11,AG,0.034649740525003414
2025-06-11,IM,0.03175350195906339
2025-06-11,IC,0.033175135469320945
2025-06-11,SC,0.03129544730554778
2025-06-11,SN,0.02737449899641445
2025-06-11,IF,0.0347552839384572
2025-06-11,CF,0.0741700144082377
2025-06-11,TA,0.035819377108684235
2025-06-11,M,0.13270113653229335
2025-06-11,ZN,-0.042215301997557124
2025-06-11,CU,-0.03372781571743689
2025-06-11,AL,-0.04626059858395685
2025-06-11,I,-0.030535349154986215
2025-06-11,RM,-0.06693167879474231
2025-06-11,UR,-0.05648306129418271
2025-06-11,JD,-0.09451362002753563
2025-06-11,P,-0.039723143381900756
2025-06-11,HC,-0.046182696960917397
2025-06-11,V,-0.043426734086784116
2025-06-12,AU,0.06515866272879005
2025-06-12,AG,0.03320903903502754
2025-06-12,SC,0.031127175842684315
2025-06-12,IM,0.030974822980814595
2025-06-12,IC,0.032249454090840436
2025-06-12,SN,0.02618424841494455
2025-06-12,IF,0.033935454324608504
2025-06-12,M,0.1292737837660807
2025-06-12,CF,0.0750918026129397
2025-06-12,JM,0.04279555620326965
2025-06-12,AL,-0.047396193483913364
2025-06-12,I,-0.03135007325461443
2025-06-12,RM,-0.07025020528047181
2025-06-12,ZN,-0.04291804301352862
2025-06-12,CU,-0.03407565855908605
2025-06-12,UR,-0.05769356762343863
2025-06-12,JD,-0.09466139187202939
2025-06-12,HC,-0.04752064607026744
2025-06-12,MA,-0.03451303000312659
2025-06-12,P,-0.03962119083952364
2025-06-13,AU,0.08566995573885562
2025-06-13,AG,0.04396223534385059
2025-06-13,IM,0.03743766500147029
2025-06-13,IC,0.04087355161747877
2025-06-13,SC,0.031157128813907014
2025-06-13,IF,0.04590669081099866
2025-06-13,SN,0.04015418645905936
2025-06-13,JM,0.05005171478830547
2025-06-13,CF,0.08564851838046718
2025-06-13,TA,0.03913835304560709
2025-06-13,I,-0.03180887033808405
2025-06-13,RM,-0.07418550557386076
2025-06-13,CU,-0.037648352967368445
2025-06-13,UR,-0.05849956676959389
2025-06-13,ZN,-0.045048165802590356
2025-06-13,MA,-0.03340769026927997
2025-06-13,J,-0.02672347839244465
2025-06-13,AL,-0.0503022266679727
2025-06-13,HC,-0.047680945115854086
2025-06-13,JD,-0.0946951981029511
2025-06-16,AU,0.06543435188544394
2025-06-16,SC,0.028306459602521917
2025-06-16,AG,0.033742178130013796
2025-06-16,IM,0.031028507024383388
2025-06-16,IC,0.032301499959603554
2025-06-16,IF,0.0346649772351322
2025-06-16,SN,0.03075885903532104
2025-06-16,JM,0.04044833965150954
2025-06-16,M,0.1304920890467951
2025-06-16,CF,0.07282273842927553
2025-06-16,CU,-0.03777843692515683
2025-06-16,ZN,-0.04545902396131143
2025-06-16,RM,-0.07513827331581024
2025-06-16,I,-0.033322671736270806
2025-06-16,UR,-0.053562095131376
2025-06-16,AL,-0.052092834853656726
2025-06-16,HC,-0.04908036285790966
2025-06-16,MA,-0.03213312881314809
2025-06-16,J,-0.026899135661926376
2025-06-16,JD,-0.09453403674343386
2025-06-17,AU,0.019187215448634363
2025-06-17,SC,0.010943473650506465
2025-06-17,AG,0.013189257253268005
2025-06-17,IM,0.013001604605786782
2025-06-17,IC,0.014063364935989666
2025-06-17,SN,0.012380107249319927
2025-06-17,T,0.3366005836274475
2025-06-17,JM,0.01389095474033139
2025-06-17,OI,0.023641653292960724
2025-06-17,M,0.04310178519575517
2025-06-17,CU,-0.03598969275735167
2025-06-17,I,-0.0328669435226611
2025-06-17,ZN,-0.04410373082297528
2025-06-17,RM,-0.0678800047524157
2025-06-17,MA,-0.034712832871784914
2025-06-17,UR,-0.050228479148640676
2025-06-17,HC,-0.04892990256827792
2025-06-17,AL,-0.05254409646422694
2025-06-17,J,-0.026777040757944452
2025-06-17,LH,-0.10596727633372137
2025-06-18,AU,0.020836882716854636
2025-06-18,AG,0.013696462599939892
2025-06-18,SC,0.008963926656227111
2025-06-18,IM,0.012585045143734706
2025-06-18,IC,0.0144652813930801
2025-06-18,T,0.36294575546500063
2025-06-18,SN,0.01306706529170091
2025-06-18,OI,0.02719768704690292
2025-06-18,JM,0.01387289813362688
2025-06-18,TA,0.012368995552932112
2025-06-18,CU,-0.03131851748139574
2025-06-18,I,-0.03074616944742177
2025-06-18,RM,-0.05890082532877018
2025-06-18,ZN,-0.03932910078047168
2025-06-18,HC,-0.04521619021268104
2025-06-18,MA,-0.030875178855191768
2025-06-18,LH,-0.09351609967897889
2025-06-18,AL,-0.04543616006397516
2025-06-18,UR,-0.044607632601594456
2025-06-18,SR,-0.08005412554951927
2025-06-19,AU,0.03291171364987945
2025-06-19,AG,0.023157991276377785
2025-06-19,SC,0.01590233593573521
2025-06-19,IM,0.023315622777801075
2025-06-19,IC,0.025225537914713374
2025-06-19,TL,0.22078334828844826
2025-06-19,JM,0.023873984597534818
2025-06-19,FU,0.01808869078727601
2025-06-19,M,0.0768822792789642
2025-06-19,OI,0.039858495493269856
2025-06-19,CU,-0.034203346348671275
2025-06-19,RM,-0.05739188625469845
2025-06-19,ZN,-0.041770911553800215
2025-06-19,I,-0.03318735590488057
2025-06-19,AL,-0.04675459030411285
2025-06-19,HC,-0.04794682060630496
2025-06-19,UR,-0.049365312784151016
2025-06-19,LH,-0.08587368730658529
2025-06-19,MA,-0.02907091985492728
2025-06-19,JD,-0.07443516908186812
2025-06-20,AU,0.035222350932673584
2025-06-20,SC,0.01533672050916352
2025-06-20,AG,0.023710594534053824
2025-06-20,IM,0.02344779321200282
2025-06-20,IC,0.025679519538643926
2025-06-20,TL,0.22954809547335395
2025-06-20,JM,0.021879265183037528
2025-06-20,FU,0.01831482947771663
2025-06-20,M,0.08363553485057054
2025-06-20,RU,0.023225296288783556
2025-06-20,CU,-0.034434587799431864
2025-06-20,ZN,-0.04157262989739465
2025-06-20,RM,-0.05664028240382431
2025-06-20,I,-0.03324981805973357
2025-06-20,AL,-0.04700416610590735
2025-06-20,HC,-0.047765111846279525
2025-06-20,LH,-0.0884104627637205
2025-06-20,UR,-0.048460414852034416
2025-06-20,MA,-0.028866863236084662
2025-06-20,JD,-0.07359566303558909
2025-06-23,AU,0.06941498689491166
2025-06-23,SC,0.02633200726463147
2025-06-23,AG,0.036197056811272416
2025-06-23,IM,0.03351630297566847
2025-06-23,IC,0.035003189675895253
2025-06-23,IF,0.03765342134768283
2025-06-23,FU,0.029376723768844662
2025-06-23,JM,0.03880090295524485
2025-06-23,M,0.14246128431776267
2025-06-23,SA,0.05124412398808577
2025-06-23,CU,-0.03627834905350141
2025-06-23,ZN,-0.045286945279456904
2025-06-23,RM,-0.06545998747829396
2025-06-23,AL,-0.047905683726848364
2025-06-23,I,-0.03599529921410986
2025-06-23,HC,-0.04998970981281058
2025-06-23,JD,-0.08511798137846659
2025-06-23,UR,-0.050600269795947304
2025-06-23,P,-0.03720861744732101
2025-06-23,V,-0.04615715681324398
2025-06-24,AU,0.06759677528204781
2025-06-24,SC,0.02545776248357254
2025-06-24,AG,0.03722615705934849
2025-06-24,IM,0.03626338308441908
2025-06-24,IC,0.0371782049071554
2025-06-24,IF,0.04004301547513567
2025-06-24,FU,0.027673944406059057
2025-06-24,SN,0.03534458025320875
2025-06-24,JM,0.04409146777559142
2025-06-24,M,0.1491247092734618
2025-06-24,CU,-0.035259538907354594
2025-06-24,ZN,-0.04207593244756345
2025-06-24,RM,-0.05603629699396348
2025-06-24,AL,-0.04635081104658074
2025-06-24,I,-0.033068123995603375
2025-06-24,UR,-0.04783154764322743
2025-06-24,J,-0.026233652302138137
2025-06-24,JD,-0.0737148206570614
2025-06-24,HC,-0.04703717098243523
2025-06-24,LH,-0.09239210502407211
2025-06-25,AU,0.06185458849218038
2025-06-25,AG,0.03858329770184087
2025-06-25,SC,0.024440056091313726
2025-06-25,IM,0.03666232557701388
2025-06-25,IC,0.038978347996579635
2025-06-25,IF,0.043422026429212605
2025-06-25,FU,0.02728528505113007
2025-06-25,JM,0.04548207661474727
2025-06-25,SN,0.03893346055775252
2025-06-25,A,0.14435853548822905
2025-06-25,CU,-0.03631924847645293
2025-06-25,RM,-0.05486483721149836
2025-06-25,ZN,-0.04477058744157124
2025-06-25,AL,-0.046439821107911824
2025-06-25,UR,-0.04887537816801436
2025-06-25,I,-0.036755496364152596
2025-06-25,JD,-0.0701433926684523
2025-06-25,V,-0.04320018608609737
2025-06-25,MA,-0.02722784362804168
2025-06-25,LH,-0.09140320884780725
2025-06-26,AU,0.09026444534275345
2025-06-26,SC,0.03005073581042288
2025-06-26,AG,0.047182214970979755
2025-06-26,IM,0.042296633019653036
2025-06-26,IC,0.045590245641589845
2025-06-26,IF,0.05099707636779493
2025-06-26,JM,0.04668902598992703
2025-06-26,FU,0.03371497851443386
2025-06-26,SN,0.045625068644085234
2025-06-26,SA,0.06758957569836002
2025-06-26,CU,-0.034708390450128634
2025-06-26,ZN,-0.04283452543988661
2025-06-26,RM,-0.05551826588399735
2025-06-26,AL,-0.0460443108782526
2025-06-26,UR,-0.04741007767961697
2025-06-26,I,-0.03521231551624346
2025-06-26,JD,-0.07193374956074092
2025-06-26,LH,-0.09091770017459058
2025-06-26,MA,-0.026947131757031447
2025-06-26,HC,-0.048473532659511404
2025-06-27,AU,0.09223687173880116
2025-06-27,SC,0.030454513225468903
2025-06-27,AG,0.04909828014963633
2025-06-27,IM,0.04445691663233698
2025-06-27,IC,0.047549785096717
2025-06-27,IF,0.053640366030741744
2025-06-27,JM,0.0471235850031031
2025-06-27,FU,0.03422815728119709
2025-06-27,SN,0.048274408775876694
2025-06-27,J,0.05293711606612104
2025-06-27,CU,-0.034057582229581745
2025-06-27,ZN,-0.04263501451932691
2025-06-27,RM,-0.0541372721903253
2025-06-27,UR,-0.04581305079862186
2025-06-27,I,-0.033485016836146374
2025-06-27,LH,-0.10055071205442173
2025-06-27,AL,-0.04559575274562591
2025-06-27,MA,-0.02625687896482497
2025-06-27,JD,-0.07152590379214417
2025-06-27,HC,-0.04594281586898103
2025-06-30,AU,0.09152844892153507
2025-06-30,AG,0.04643379271967643
2025-06-30,SC,0.032107764761768076
2025-06-30,IC,0.04476709499054948
2025-06-30,IM,0.041347425020368846
2025-06-30,IF,0.05054727175081387
2025-06-30,JM,0.041477747007952356
2025-06-30,SN,0.04428809601217624
2025-06-30,SA,0.06054386051722276
2025-06-30,J,0.04695849829793693
2025-06-30,RM,-0.052477787989816886
2025-06-30,CU,-0.03498602004016884
2025-06-30,UR,-0.04736779011100932
2025-06-30,I,-0.03582203237131252
2025-06-30,ZN,-0.044964756756134726
2025-06-30,AL,-0.0457284398248399
2025-06-30,LH,-0.09713629895180244
2025-06-30,JD,-0.07443804495995503
2025-06-30,MA,-0.02688936476372685
2025-06-30,V,-0.040189464231233485
2025-07-01,AU,0.08575528255562705
2025-07-01,AG,0.04148888430921956
2025-07-01,SC,0.030262063403044943
2025-07-01,IC,0.039999079137327136
2025-07-01,IM,0.03683729474409804
2025-07-01,IF,0.04467150055994591
2025-07-01,JM,0.04086346488464577
2025-07-01,SN,0.04072164522295684
2025-07-01,RB,0.0819608151465857
2025-07-01,SA,0.057439970036549055
2025-07-01,CU,-0.0074127134457446925
2025-07-01,RM,-0.009278645502774685
2025-07-01,UR,-0.00769206685393219
2025-07-01,LH,-0.017669469788678078
2025-07-01,I,-0.007000092616918649
2025-07-01,JD,-0.013724376587053994
2025-07-01,ZN,-0.008710974044467475
2025-07-01,AL,-0.008786355947527196
2025-07-01,V,-0.007274582408135286
2025-07-01,TS,-0.4124507228047678
2025-07-02,AU,0.06910116963206156
2025-07-02,AG,0.03561249554596994
2025-07-02,SC,0.027725951034541767
2025-07-02,IF,0.037846292539406884
2025-07-02,IC,0.03516904251421938
2025-07-02,IM,0.03392293134943841
2025-07-02,JM,0.03693606200218889
2025-07-02,SN,0.03455133310179579
2025-07-02,M,0.13982465377370126
2025-07-02,SA,0.04931006850667611
2025-07-02,CU,-0.007703590624965709
2025-07-02,RM,-0.009822317373880368
2025-07-02,UR,-0.007633849958461504
2025-07-02,LH,-0.014087569649348552
2025-07-02,V,-0.006913473267912723
2025-07-02,I,-0.0067427031321656014
2025-07-02,JD,-0.01455151695803213
2025-07-02,AL,-0.009105028852497567
2025-07-02,ZN,-0.00903579841546928
2025-07-02,TS,-0.4144041517672665
2025-07-03,AG,0.0353454992867608
2025-07-03,AU,0.06885012354371979
2025-07-03,IC,0.03537477834211508
2025-07-03,IM,0.03414338824745096
2025-07-03,SC,0.027723963069769802
2025-07-03,IF,0.03792786089066365
2025-07-03,SN,0.03522607273947636
2025-07-03,JM,0.036438426991534795
2025-07-03,SA,0.050316484777036416
2025-07-03,M,0.1386534021114724
2025-07-03,CU,-0.007098976710874701
2025-07-03,V,-0.006437280269899015
2025-07-03,TS,-0.4211238575894931
2025-07-03,UR,-0.0069737889488340424
2025-07-03,RM,-0.009500383991005995
2025-07-03,I,-0.00610658566623733
2025-07-03,JD,-0.013003908676600907
2025-07-03,AL,-0.008482279554767633
2025-07-03,LH,-0.01306276036318139
2025-07-03,ZN,-0.008210178229105754
2025-07-04,AG,0.042327973271183095
2025-07-04,AU,0.08511566853253881
2025-07-04,IC,0.04093061259700388
2025-07-04,IF,0.04530703413644595
2025-07-04,SC,0.031159589406145567
2025-07-04,IM,0.037780849724907056
2025-07-04,SN,0.04380145619015511
2025-07-04,SA,0.05711053180137523
2025-07-04,HC,0.07702257228679113
2025-07-04,JM,0.03944371205345414
2025-07-04,CU,-0.007105385718779171
2025-07-04,V,-0.006289049622867305
2025-07-04,TS,-0.4236985726932611
2025-07-04,UR,-0.0067661806639486045
2025-07-04,JD,-0.013177811510730825
2025-07-04,AL,-0.008701357687250538
2025-07-04,RM,-0.009875636122758233
2025-07-04,I,-0.0061608632199168815
2025-07-04,RU,-0.005205923827367975
2025-07-04,LH,-0.013019218933119333
2025-07-07,AG,0.04100748483064536
2025-07-07,AU,0.056022371276298465
2025-07-07,SC,0.024048034974300917
2025-07-07,IC,0.05072546343000813
2025-07-07,IF,0.06691546907461021
2025-07-07,IM,0.042605056224797974
2025-07-07,SN,0.03675662731496466
2025-07-07,M,0.084297030285505
2025-07-07,HC,0.06214060706434865
2025-07-07,SA,0.035481855524520614
2025-07-07,CU,-0.0518073884083236
2025-07-07,V,-0.0481414827757409
2025-07-07,JD,-0.0722494480148505
2025-07-07,UR,-0.0525542054023727
2025-07-07,AL,-0.05644431776633213
2025-07-07,RM,-0.062307069431649285
2025-07-07,P,-0.04209446589025692
2025-07-07,I,-0.039524936814576195
2025-07-07,RU,-0.0301714958109863
2025-07-07,ZN,-0.04470518968491154
2025-07-08,AG,0.043215263859609526
2025-07-08,AU,0.058781245390658175
2025-07-08,IC,0.05385894270596428
2025-07-08,IF,0.07568480284642715
2025-07-08,SC,0.02526506835174735
2025-07-08,IM,0.04492460834603034
2025-07-08,SN,0.037986747856238456
2025-07-08,SA,0.036494844626488485
2025-07-08,M,0.09694560077050879
2025-07-08,JM,0.026842875246327398
2025-07-08,CU,-0.008850402452170877
2025-07-08,V,-0.006998458279860318
2025-07-08,UR,-0.006886822865717022
2025-07-08,AL,-0.00915330547782396
2025-07-08,I,-0.006585564615787038
2025-07-08,JD,-0.011375971320784618
2025-07-08,RM,-0.011100281742351434
2025-07-08,P,-0.006965426344327356
2025-07-08,TS,-0.42688641311655673
2025-07-08,RU,-0.005197353784620604
2025-07-09,AG,0.03935844267283648
2025-07-09,AU,0.053616577127706476
2025-07-09,SC,0.02184172762128322
2025-07-09,IF,0.07013469614847986
2025-07-09,IM,0.04152783249750633
2025-07-09,IC,0.05047362823548175
2025-07-09,SN,0.03883254219087672
2025-07-09,JM,0.02851913813228564
2025-07-09,OI,0.06800980550205789
2025-07-09,CF,0.08768560987148566
2025-07-09,CU,-0.049749876681364914
2025-07-09,AL,-0.053806081349414094
2025-07-09,UR,-0.04499243425134329
2025-07-09,I,-0.03301085251511094
2025-07-09,JD,-0.06749388811895167
2025-07-09,V,-0.03983351898553043
2025-07-09,RM,-0.06167923062057707
2025-07-09,LH,-0.07774689275407162
2025-07-09,ZN,-0.041692157726144555
2025-07-09,RU,-0.029995066997491493
2025-07-10,AG,0.04321084160595643
2025-07-10,AU,0.05723052782856921
2025-07-10,IC,0.052758105294237564
2025-07-10,IF,0.07386781097305194
2025-07-10,SC,0.025043233497399127
2025-07-10,IM,0.04509562370140635
2025-07-10,SN,0.03567194718395398
2025-07-10,M,0.08183497739395626
2025-07-10,JM,0.023789739485220198
2025-07-10,HC,0.06149719303624892
2025-07-10,CU,-0.013258688935626059
2025-07-10,UR,-0.006790021757834564
2025-07-10,JD,-0.01017189204791563
2025-07-10,AL,-0.010561149034430008
2025-07-10,I,-0.006267506931561691
2025-07-10,V,-0.006616844192460529
2025-07-10,LH,-0.011034196776238897
2025-07-10,ZN,-0.009405335717722894
2025-07-10,P,-0.007242632946137168
2025-07-10,TS,-0.4186517316600726
2025-07-11,AG,0.015454897852201681
2025-07-11,AU,0.018474274748227864
2025-07-11,IC,0.02521904748351314
2025-07-11,IF,0.03315496186912479
2025-07-11,T,0.3181930649559586
2025-07-11,SC,0.00986081399081446
2025-07-11,SN,0.015170458269953285
2025-07-11,M,0.029888922470225347
2025-07-11,HC,0.02612779700709891
2025-07-11,JM,0.008455761352881883
2025-07-11,CU,-0.07051571624871492
2025-07-11,JD,-0.06411534166625016
2025-07-11,AL,-0.061180995956866026
2025-07-11,UR,-0.04430396525953258
2025-07-11,V,-0.03949513739224257
2025-07-11,I,-0.03310913911771379
2025-07-11,ZN,-0.04963671173164295
2025-07-11,P,-0.03951894937669012
2025-07-11,LH,-0.06660451092451812
2025-07-11,RU,-0.03151953232582875
2025-07-14,AU,0.01794635404379169
2025-07-14,AG,0.016282386161945613
2025-07-14,IC,0.02633346239110025
2025-07-14,IF,0.03409039215176825
2025-07-14,T,0.3230936053521478
2025-07-14,SC,0.008327620731882344
2025-07-14,SN,0.015452956449743847
2025-07-14,SA,0.01310424365799238
2025-07-14,M,0.02963877471884256
2025-07-14,TA,0.015730204340785158
2025-07-14,CU,-0.013153950430065637
2025-07-14,AL,-0.010158895313249042
2025-07-14,JD,-0.010016148733878995
2025-07-14,V,-0.006511487663029903
2025-07-14,I,-0.006204805840158004
2025-07-14,UR,-0.006687190508091782
2025-07-14,P,-0.007215819017792193
2025-07-14,ZN,-0.009217420772821394
2025-07-14,LH,-0.01071874372967985
2025-07-14,TS,-0.42011553799123325
2025-07-15,AU,0.05824404591390786
2025-07-15,AG,0.04520029533591778
2025-07-15,IC,0.05567170174221874
2025-07-15,IF,0.07729516192260849
2025-07-15,IM,0.04640402578722666
2025-07-15,SN,0.03736676295660167
2025-07-15,SC,0.021937768178346556
2025-07-15,TA,0.0399567511902632
2025-07-15,SA,0.034543021340972646
2025-07-15,M,0.08338046563193637
2025-07-15,JD,-0.009617751215635685
2025-07-15,CU,-0.01287562473866991
2025-07-15,V,-0.00630758274238057
2025-07-15,AL,-0.010000911074499696
2025-07-15,I,-0.005944985475186942
2025-07-15,UR,-0.006416754493948751
2025-07-15,LH,-0.01026947435232325
2025-07-15,P,-0.007036128447737217
2025-07-15,ZN,-0.009051794458502085
2025-07-15,TS,-0.4224789930011159
2025-07-16,AG,0.041030432129092624
2025-07-16,AU,0.0548595281390674
2025-07-16,IC,0.05266255680682289
2025-07-16,IF,0.07005757568141692
2025-07-16,IM,0.04522562751647332
2025-07-16,SN,0.03651676528929042
2025-07-16,SC,0.024730605649379577
2025-07-16,HC,0.05938412637774773
2025-07-16,SA,0.030802874024155588
2025-07-16,M,0.08472990838655359
2025-07-16,I,-0.005981341042481958
2025-07-16,JD,-0.010313357862057107
2025-07-16,AL,-0.011302690807567704
2025-07-16,UR,-0.0069218232120969924
2025-07-16,V,-0.006048163454972666
2025-07-16,SR,-0.016695529058871006
2025-07-16,CU,-0.013890030499879493
2025-07-16,LH,-0.010350371153845836
2025-07-16,TS,-0.41504756463593184
2025-07-16,J,-0.00344912827229543
2025-07-17,AG,0.040821016339068504
2025-07-17,AU,0.06267836477453859
2025-07-17,IF,0.06673404125406483
2025-07-17,IC,0.050537985544697586
2025-07-17,IM,0.04337548551164352
2025-07-17,SN,0.038074700835320135
2025-07-17,HC,0.054178072215682695
2025-07-17,SC,0.025467059787802688
2025-07-17,SA,0.029722963795217373
2025-07-17,CF,0.08841030994196405
2025-07-17,JD,-0.010197928098267429
2025-07-17,AL,-0.011319071041973263
2025-07-17,I,-0.005834688784412561
2025-07-17,UR,-0.006860708072318159
2025-07-17,SR,-0.01639885276779911
2025-07-17,LH,-0.010197668728630097
2025-07-17,V,-0.006008030607429806
2025-07-17,TS,-0.4158432785561408
2025-07-17,J,-0.003398245288746631
2025-07-17,CU,-0.013941528054282108
2025-07-18,AG,0.04050715300010206
2025-07-18,AU,0.06281755397336071
2025-07-18,IF,0.06603954953353398
2025-07-18,IC,0.05064390364837799
2025-07-18,IM,0.0436633954900911
2025-07-18,SN,0.037870407877641045
2025-07-18,SC,0.024857383603750324
2025-07-18,SA,0.03055931318807092
2025-07-18,HC,0.053989341082917516
2025-07-18,CF,0.0890519986021543
2025-07-18,AL,-0.011200382391779985
2025-07-18,JD,-0.010124732753404477
2025-07-18,UR,-0.006822098079565864
2025-07-18,I,-0.005825403844427097
2025-07-18,SR,-0.016340511031822567
2025-07-18,V,-0.0059877938164649355
2025-07-18,LH,-0.010063697382807768
2025-07-18,TS,-0.41652819456091733
2025-07-18,J,-0.003383570926106807
2025-07-18,CU,-0.013723615212703114
2025-07-21,AU,0.06434666760249726
2025-07-21,AG,0.04071410723832403
2025-07-21,IM,0.045384968088999764
2025-07-21,IF,0.06459890664910187
2025-07-21,IC,0.05176273983138302
2025-07-21,SN,0.04007119091142621
2025-07-21,HC,0.050171333972370384
2025-07-21,CF,0.09216890656451361
2025-07-21,SC,0.023975154631464088
2025-07-21,SA,0.026806024509919743
2025-07-21,JD,-0.008952856005791708
2025-07-21,I,-0.005914501422586374
2025-07-21,UR,-0.0060235715555382275
2025-07-21,SR,-0.017918346897148905
2025-07-21,AL,-0.011143573974055456
2025-07-21,V,-0.005254169493903824
2025-07-21,LH,-0.009496738078542559
2025-07-21,TS,-0.428254847000401
2025-07-21,FU,-0.003874496753282612
2025-07-21,J,-0.0031668988187493296
2025-07-22,AU,0.06328344667179449
2025-07-22,AG,0.04061243169043521
2025-07-22,IF,0.06340507898625397
2025-07-22,IM,0.04587973510906115
2025-07-22,IC,0.051281528892026446
2025-07-22,SN,0.04185291494061062
2025-07-22,HC,0.04778290327772753
2025-07-22,CF,0.09650764172017477
2025-07-22,SA,0.024393387863811733
2025-07-22,SC,0.025000930848104064
2025-07-22,JD,-0.009065602309390687
2025-07-22,UR,-0.00596304804307101
2025-07-22,SR,-0.018419005490205535
2025-07-22,I,-0.005863213751192428
2025-07-22,AL,-0.011340477652433288
2025-07-22,V,-0.005223795866265957
2025-07-22,LH,-0.009597185100840299
2025-07-22,TS,-0.4275737384265008
2025-07-22,J,-0.003076363843581919
2025-07-22,FU,-0.0038775695165180397
2025-07-23,AU,0.06456220188533947
2025-07-23,AG,0.03864322580138342
2025-07-23,IF,0.05988235798082537
2025-07-23,IC,0.04851938364726766
2025-07-23,IM,0.0438668981426103
2025-07-23,SN,0.04036533155497967
2025-07-23,HC,0.044281831742978374
2025-07-23,CF,0.09095040262447869
2025-07-23,SC,0.023431776771716935
2025-07-23,RB,0.045496589848420164
2025-07-23,JD,-0.05546794159156159
2025-07-23,SR,-0.10456925744217094
2025-07-23,I,-0.031295263452989885
2025-07-23,UR,-0.03603352337688898
2025-07-23,AL,-0.06356338260251057
2025-07-23,V,-0.03168155550731775
2025-07-23,LH,-0.058521367851857437
2025-07-23,FU,-0.023349733258060962
2025-07-23,J,-0.018969808542006764
2025-07-23,CU,-0.07654816637463512
2025-07-24,AU,0.06181653949436172
2025-07-24,AG,0.03767149636081119
2025-07-24,IH,0.0658365843615946
2025-07-24,IF,0.05590494035972068
2025-07-24,SN,0.03884855796633774
2025-07-24,IM,0.04522214577520838
2025-07-24,HC,0.04225275731370464
2025-07-24,SC,0.022619316636452617
2025-07-24,CF,0.08636228381824486
2025-07-24,RB,0.043465377913563585
2025-07-24,JD,-0.060307746620300286
2025-07-24,I,-0.029759023102698554
2025-07-24,UR,-0.03399691655677437
2025-07-24,SR,-0.0995543743659501
2025-07-24,LH,-0.062282718434825066
2025-07-24,AL,-0.06045308635285252
2025-07-24,J,-0.017428251718865518
2025-07-24,V,-0.03048076204036945
2025-07-24,RU,-0.032377002843845114
2025-07-24,CU,-0.07336011796351902
2025-07-25,AU,0.061000071250680854
2025-07-25,AG,0.03760434203474149
2025-07-25,IF,0.05557824142628495
2025-07-25,IC,0.04929611104751994
2025-07-25,IH,0.06536293399556127
2025-07-25,SN,0.03846224615799611
2025-07-25,HC,0.04142964566704776
2025-07-25,SC,0.02236506837139512
2025-07-25,CF,0.08635191533644324
2025-07-25,RB,0.042549424712329274
2025-07-25,I,-0.029939468601564403
2025-07-25,JD,-0.060702770494385445
2025-07-25,UR,-0.03379017621394317
2025-07-25,SR,-0.09979522331056116
2025-07-25,LH,-0.06219488882428069
2025-07-25,AL,-0.060645715045992366
2025-07-25,V,-0.02980721481474678
2025-07-25,J,-0.017301732663244064
2025-07-25,RU,-0.031763522631526334
2025-07-25,CU,-0.07405928739975555
2025-07-28,AU,0.06504980212435135
2025-07-28,AG,0.037651838163282596
2025-07-28,IF,0.061441494518009836
2025-07-28,IH,0.07319808219357686
2025-07-28,IC,0.05362175870132318
2025-07-28,SN,0.03925329375826646
2025-07-28,HC,0.04015336540574334
2025-07-28,SC,0.023262513963400334
2025-07-28,CF,0.09250698405112137
2025-07-28,JM,0.013860867120924686
2025-07-28,JD,-0.008693815672934146
2025-07-28,I,-0.0050265446910298895
2025-07-28,UR,-0.0044437726828196415
2025-07-28,SR,-0.016377349912771347
2025-07-28,LH,-0.008352884764386927
2025-07-28,V,-0.003955698231767463
2025-07-28,RU,-0.004951975901645767
2025-07-28,AL,-0.009442557060073303
2025-07-28,J,-0.0022465196334310873
2025-07-28,TS,-0.43650888144914046
2025-07-29,AU,0.017463362336634338
2025-07-29,AG,0.012808379163032783
2025-07-29,IF,0.02779740204733278
2025-07-29,IH,0.032059716369506025
2025-07-29,SN,0.01643079783984943
2025-07-29,T,0.3245520719199889
2025-07-29,HC,0.014804829284909999
2025-07-29,SC,0.008041765462123004
2025-07-29,A,0.031039127836061498
2025-07-29,RB,0.015002547740561234
2025-07-29,JD,-0.008516738242194946
2025-07-29,I,-0.005317225033546729
2025-07-29,UR,-0.004860525499113659
2025-07-29,SR,-0.018401446756246064
2025-07-29,LH,-0.009009454030610514
2025-07-29,V,-0.004095061238723615
2025-07-29,MA,-0.00374906564173259
2025-07-29,AL,-0.009994980151139822
2025-07-29,J,-0.0023718042373981505
2025-07-29,TS,-0.43368369916929395
2025-07-30,AU,0.018131103447067715
2025-07-30,AG,0.013215538645547248
2025-07-30,IF,0.02994870085004075
2025-07-30,IH,0.034610982887630246
2025-07-30,SN,0.01652312194501563
2025-07-30,T,0.32593371509211205
2025-07-30,SC,0.008359965508386354
2025-07-30,HC,0.016619085484281915
2025-07-30,A,0.0315032130676116
2025-07-30,JM,0.005154573072306462
2025-07-30,JD,-0.016303734966937128
2025-07-30,I,-0.010053631070934932
2025-07-30,UR,-0.009341147827581052
2025-07-30,SR,-0.03265687761603627
2025-07-30,LH,-0.01700362355471194
2025-07-30,RU,-0.009275901044909609
2025-07-30,AL,-0.018692463165622196
2025-07-30,MA,-0.007052489154845661
2025-07-30,J,-0.004501389122201409
2025-07-30,TF,-0.3751187424762198
2025-07-31,AU,0.06274546116297575
2025-07-31,AG,0.0378233285111833
2025-07-31,IF,0.06327284707197624
2025-07-31,IH,0.07812538389695797
2025-07-31,IM,0.05194227636544101
2025-07-31,SN,0.04271317896299223
2025-07-31,SC,0.024789199891223104
2025-07-31,A,0.08636979374413424
2025-07-31,JM,0.013512767581698136
2025-07-31,HC,0.038705762811417986
2025-07-31,JD,-0.060302757828399486
2025-07-31,UR,-0.03579800604111571
2025-07-31,I,-0.03237086657415527
2025-07-31,SR,-0.11064993157725672
2025-07-31,LH,-0.06776732935976745
2025-07-31,AL,-0.06868209875221619
2025-07-31,MA,-0.026589031859445
2025-07-31,RU,-0.03125392060284374
2025-07-31,J,-0.01617481555289574
2025-07-31,ZN,-0.050411241851904695
2025-08-01,AU,0.07567399095363474
2025-08-01,AG,0.04302646258128741
2025-08-01,IF,0.06729595418557278
2025-08-01,IH,0.0818423696007853
2025-08-01,IC,0.060492792039695355
2025-08-01,SN,0.04812923794012432
2025-08-01,SC,0.02916954473928416
2025-08-01,RB,0.03950091979601654
2025-08-01,JM,0.014126205141940183
2025-08-01,HC,0.04074252302165919
2025-08-01,JD,-0.06001187290914295
2025-08-01,UR,-0.03625899758793614
2025-08-01,I,-0.03304295401479969
2025-08-01,LH,-0.06846425235554539
2025-08-01,SR,-0.10733698594579494
2025-08-01,AL,-0.06956776868169799
2025-08-01,MA,-0.02685753857561532
2025-08-01,J,-0.016315939244999682
2025-08-01,RU,-0.031076380735334887
2025-08-01,ZN,-0.051067309949132965
2025-08-04,AU,0.07406859186132883
2025-08-04,AG,0.042866134944576945
2025-08-04,IF,0.06764975557625841
2025-08-04,IH,0.08187290674649542
2025-08-04,IC,0.06020199907891394
2025-08-04,SN,0.04826898136778705
2025-08-04,SC,0.030069780761534062
2025-08-04,RB,0.04002375999265091
2025-08-04,JM,0.013962793280313444
2025-08-04,HC,0.04101529639014104
2025-08-04,JD,-0.007513940827644188
2025-08-04,UR,-0.0048246135598028934
2025-08-04,SR,-0.015600373596027154
2025-08-04,I,-0.005097401588072977
2025-08-04,LH,-0.008681933331881967
2025-08-04,MA,-0.003552447109617606
2025-08-04,AL,-0.009413029393590549
2025-08-04,RU,-0.0045468668244586456
2025-08-04,J,-0.0022165469231887488
2025-08-04,TS,-0.4385528468457152
2025-08-05,AU,0.07578266836324714
2025-08-05,AG,0.04270360098385067
2025-08-05,IF,0.0679452859298276
2025-08-05,IH,0.0811792365938567
2025-08-05,IM,0.05941274570377997
2025-08-05,SC,0.030380971557732315
2025-08-05,RB,0.03856700777894665
2025-08-05,NI,0.050735944888115676
2025-08-05,HC,0.039619348963717854
2025-08-05,JM,0.013673189236925449
2025-08-05,JD,-0.05820011848715138
2025-08-05,UR,-0.03606984379510213
2025-08-05,SR,-0.10781034571860167
2025-08-05,LH,-0.06794713022479078
2025-08-05,I,-0.03331121998241925
2025-08-05,MA,-0.027235404499014154
2025-08-05,AL,-0.07070009632185065
2025-08-05,J,-0.0166453554413643
2025-08-05,RU,-0.0309138527269464
2025-08-05,ZN,-0.05116663280275934
2025-08-06,AU,0.07515737238144217
2025-08-06,AG,0.04205466885990521
2025-08-06,IF,0.06791396633184392
2025-08-06,IH,0.0814869098383698
2025-08-06,IC,0.06176989277060676
2025-08-06,SC,0.03049138769652424
2025-08-06,NI,0.05017156388075182
2025-08-06,HC,0.03937151401661116
2025-08-06,RB,0.038185424097112
2025-08-06,JM,0.013397300126832967
2025-08-06,UR,-0.03538129237695373
2025-08-06,JD,-0.055299782674982347
2025-08-06,SR,-0.11275844828122247
2025-08-06,RM,-0.06803094648547892
2025-08-06,I,-0.03232704030339717
2025-08-06,AL,-0.07064735415011796
2025-08-06,MA,-0.028295461491801482
2025-08-06,J,-0.016519294883992723
2025-08-06,RU,-0.030569316425802393
2025-08-06,ZN,-0.05017106292625078
2025-08-07,AU,0.07845423901672516
2025-08-07,AG,0.04312835278727233
2025-08-07,IF,0.06666102886915638
2025-08-07,IH,0.08027848841086378
2025-08-07,IM,0.05736803093208526
2025-08-07,SC,0.03077535410000255
2025-08-07,HC,0.03998016324247315
2025-08-07,NI,0.05056253650373882
2025-08-07,JM,0.01347155102865048
2025-08-07,RB,0.039320255109032136
2025-08-07,UR,-0.034993160554823426
2025-08-07,JD,-0.05417027199356338
2025-08-07,SR,-0.11604406727619923
2025-08-07,RM,-0.06772219150399258
2025-08-07,AL,-0.06943958555491507
2025-08-07,I,-0.032939030687338625
2025-08-07,MA,-0.028299561456529624
2025-08-07,J,-0.016507174763299902
2025-08-07,RU,-0.030342325119109784
2025-08-07,ZN,-0.04954263109022841
2025-08-08,AU,0.08115295665091639
2025-08-08,AG,0.04261922575521111
2025-08-08,IF,0.06681669754900675
2025-08-08,IH,0.07959418385073364
2025-08-08,IM,0.0577249624171629
2025-08-08,SN,0.047824662396959386
2025-08-08,SC,0.02924884453044937
2025-08-08,JM,0.013494767371780772
2025-08-08,HC,0.041088687507742735
2025-08-08,RB,0.04043501197003698
2025-08-08,UR,-0.004645798425935103
2025-08-08,JD,-0.0074193169574530565
2025-08-08,SR,-0.016910244301102734
2025-08-08,I,-0.005087480134466373
2025-08-08,RM,-0.008383152271977518
2025-08-08,MA,-0.0038235725067396237
2025-08-08,AL,-0.009621426229509606
2025-08-08,J,-0.0022815659485920705
2025-08-08,RU,-0.004426667527706527
2025-08-08,TS,-0.4374007756965174
2025-08-11,AU,0.07422932080011564
2025-08-11,AG,0.04328673303452785
2025-08-11,IF,0.07254191860842724
2025-08-11,IH,0.08494193702263175
2025-08-11,IM,0.061034996248361464
2025-08-11,SC,0.024495097710334927
2025-08-11,SN,0.04905033107868278
2025-08-11,HC,0.04612339122294426
2025-08-11,JM,0.014123088222350356
2025-08-11,FU,0.030173186051623814
2025-08-11,JD,-0.007557845111520996
2025-08-11,UR,-0.004754088025236785
2025-08-11,SR,-0.018277181704359456
2025-08-11,I,-0.005601748644699888
2025-08-11,RM,-0.00832140358631046
2025-08-11,MA,-0.0040063408947689306
2025-08-11,AL,-0.010611580186713794
2025-08-11,J,-0.0023680705541305183
2025-08-11,RU,-0.004807561120827506
2025-08-11,TS,-0.4336941801714317
2025-08-12,AU,0.06363583462201354
2025-08-12,AG,0.03637876790165965
2025-08-12,IH,0.0718906154109727
2025-08-12,IF,0.06133916978323713
2025-08-12,IM,0.053069239591910726
2025-08-12,SC,0.02409654131481939
2025-08-12,SN,0.042085165109355616
2025-08-12,A,0.09654324692661877
2025-08-12,JM,0.011856011368143305
2025-08-12,HC,0.039105407971269136
2025-08-12,UR,-0.03367728248634033
2025-08-12,JD,-0.04890995250635952
2025-08-12,SR,-0.12244358240550501
2025-08-12,MA,-0.026792514245800335
2025-08-12,I,-0.03494447975607291
2025-08-12,RM,-0.06401645517501571
2025-08-12,AL,-0.07088768792079736
2025-08-12,J,-0.016273947130402724
2025-08-12,TA,-0.03160093779558372
2025-08-12,ZN,-0.050453160578122304
2025-08-13,AU,0.07529599813283788
2025-08-13,AG,0.041378559020239146
2025-08-13,IF,0.0684224333335292
2025-08-13,IH,0.08367755568547423
2025-08-13,IM,0.05717802975583921
2025-08-13,SN,0.04880794265851178
2025-08-13,SC,0.02949099704297749
2025-08-13,HC,0.041730689719920104
2025-08-13,RB,0.0410261218676724
2025-08-13,JM,0.01299167278299858
2025-08-13,UR,-0.004756984395323051
2025-08-13,JD,-0.007803818071224027
2025-08-13,SR,-0.019195673829063873
2025-08-13,MA,-0.0043879862377491806
2025-08-13,RM,-0.00853398718113235
2025-08-13,I,-0.006237725532505557
2025-08-13,AL,-0.011593346645841931
2025-08-13,J,-0.002491080508961309
2025-08-13,RU,-0.005048272752640689
2025-08-13,TS,-0.42995112484555803
2025-08-14,AU,0.08429616386860841
2025-08-14,IF,0.0676362991078983
2025-08-14,AG,0.041556564697590385
2025-08-14,IH,0.08205812867753218
2025-08-14,IC,0.06067387336189926
2025-08-14,SC,0.030469631814065666
2025-08-14,SN,0.044834508086830545
2025-08-14,HC,0.0386373434002501
2025-08-14,JM,0.012108074827018393
2025-08-14,RB,0.03772941215830682
2025-08-14,UR,-0.03038766034016119
2025-08-14,JD,-0.04704267512608815
2025-08-14,SR,-0.1273378186458933
2025-08-14,RM,-0.060427024393340134
2025-08-14,MA,-0.028664069239058152
2025-08-14,I,-0.0340052565957662
2025-08-14,J,-0.015450647446517023
2025-08-14,AL,-0.074489794689144
2025-08-14,RU,-0.03043959778055532
2025-08-14,ZN,-0.051755455743476536
2025-08-15,AU,0.07053241589577569
2025-08-15,AG,0.03644867789517229
2025-08-15,IF,0.06315950404317992
2025-08-15,IH,0.08014897813451355
2025-08-15,IC,0.0533896861462099
2025-08-15,SC,0.026369387030492197
2025-08-15,SN,0.04123415979124332
2025-08-15,JM,0.011690565680345568
2025-08-15,RB,0.03809787138655811
2025-08-15,A,0.0789287539965095
2025-08-15,UR,-0.030480090745551736
2025-08-15,JD,-0.04307431031699756
2025-08-15,SR,-0.1316755822290947
2025-08-15,MA,-0.0278353118294028
2025-08-15,I,-0.03485055734405562
2025-08-15,RM,-0.059058811952578304
2025-08-15,AL,-0.07324309011910042
2025-08-15,J,-0.015704419518443168
2025-08-15,TA,-0.03231488867988777
2025-08-15,ZN,-0.05176293726488785
2025-08-18,AU,0.0670443774482954
2025-08-18,IF,0.062613607360082
2025-08-18,AG,0.03518922838104811
2025-08-18,IH,0.07885671966503488
2025-08-18,IC,0.05257412395521653
2025-08-18,SC,0.023699526114461994
2025-08-18,SN,0.04052112823338509
2025-08-18,JM,0.012604544783592977
2025-08-18,A,0.07182519668312687
2025-08-18,OI,0.0550715473757562
2025-08-18,UR,-0.027490763942037557
2025-08-18,JD,-0.041255142117441114
2025-08-18,SR,-0.10545211150124223
2025-08-18,MA,-0.024788277655013527
2025-08-18,I,-0.030847872702924863
2025-08-18,CF,-0.1121153048767613
2025-08-18,AL,-0.06590887198037222
2025-08-18,J,-0.013812027034194072
2025-08-18,TA,-0.030990090563160485
2025-08-18,ZN,-0.047339537626852675
2025-08-19,AU,0.06860355475649323
2025-08-19,IF,0.06258317598742405
2025-08-19,IH,0.07657321015005895
2025-08-19,IM,0.050617262001665615
2025-08-19,AG,0.03496661244480815
2025-08-19,SC,0.023832132789629562
2025-08-19,SN,0.04103786564983706
2025-08-19,JM,0.012786225491788854
2025-08-19,OI,0.05608752056825482
2025-08-19,A,0.07291244016003975
2025-08-19,UR,-0.027568497510239622
2025-08-19,JD,-0.04094174876253836
2025-08-19,MA,-0.024860906450295178
2025-08-19,SR,-0.10546134787116959
2025-08-19,CF,-0.11200311415904685
2025-08-19,I,-0.030841205896627887
2025-08-19,AL,-0.06603758221370613
2025-08-19,J,-0.013882363454561647
2025-08-19,TA,-0.031126938070075154
2025-08-19,ZN,-0.04727629561173955
2025-08-20,AU,0.07913700581886203
2025-08-20,IF,0.059834905047539515
2025-08-20,AG,0.035308717412266814
2025-08-20,IH,0.07376544472369222
2025-08-20,IC,0.04984043512764517
2025-08-20,SC,0.02270200308960808
2025-08-20,SN,0.04094468254586258
2025-08-20,JM,0.012077122229649535
2025-08-20,A,0.07240432336556567
2025-08-20,OI,0.05398536063930837
2025-08-20,UR,-0.028575710352492168
2025-08-20,JD,-0.04519503494901953
2025-08-20,MA,-0.026018906335180413
2025-08-20,SR,-0.11559255835586008
2025-08-20,CF,-0.1113671091407303
2025-08-20,I,-0.031245092375515045
2025-08-20,V,-0.024398857450100214
2025-08-20,J,-0.01404922746598831
2025-08-20,AL,-0.07462866016640238
2025-08-20,RB,-0.028928843408711526
2025-08-21,IF,0.05762019356265502
2025-08-21,AU,0.07365114521745941
2025-08-21,AG,0.033043672171286474
2025-08-21,IC,0.04932258104765877
2025-08-21,IH,0.0705006699158691
2025-08-21,SC,0.022589675029055258
2025-08-21,JM,0.01104096784023652
2025-08-21,NI,0.0483040788081749
2025-08-21,A,0.07304620353893232
2025-08-21,Y,0.06088081286867212
2025-08-21,UR,-0.028490964235204697
2025-08-21,JD,-0.044445600133243966
2025-08-21,MA,-0.0262146143899964
2025-08-21,SR,-0.11624417527014101
2025-08-21,CF,-0.11108411693184121
2025-08-21,I,-0.03134628474836736
2025-08-21,J,-0.014040336927486737
2025-08-21,V,-0.024492067335137323
2025-08-21,AL,-0.0747930564320175
2025-08-21,RB,-0.028848783596563777
2025-08-22,IF,0.0610085307213964
2025-08-22,AU,0.09219686950101223
2025-08-22,IM,0.049058530294899844
2025-08-22,IC,0.05027209332939659
2025-08-22,AG,0.03840355994305671
2025-08-22,SC,0.0248835030602205
2025-08-22,JM,0.013095196749448557
2025-08-22,OI,0.055065211267121404
2025-08-22,Y,0.060628098758935614
2025-08-22,NI,0.055388406374512145
2025-08-22,UR,-0.028468353425507367
2025-08-22,JD,-0.043660615448521914
2025-08-22,MA,-0.02617289082370905
2025-08-22,AL,-0.0749119097506474
2025-08-22,J,-0.014073663600643707
2025-08-22,V,-0.024682384507255246
2025-08-22,CF,-0.11087534129818144
2025-08-22,I,-0.0316189779394653
2025-08-22,SR,-0.11683408768060656
2025-08-22,RB,-0.02870177552546202
2025-08-25,AU,0.09275191145669417
2025-08-25,IF,0.062358415336312555
2025-08-25,AG,0.04039324690739687
2025-08-25,IH,0.0703672608726507
2025-08-25,IM,0.05976930734979595
2025-08-25,SC,0.02420012931309182
2025-08-25,JM,0.0142542976339624
2025-08-25,OI,0.06316415528991642
2025-08-25,FU,0.025281340451276935
2025-08-25,SN,0.047459935388902204
2025-08-25,UR,-0.033022804158325494
2025-08-25,MA,-0.030199577596353708
2025-08-25,JD,-0.049491873002259656
2025-08-25,V,-0.02796296574913922
2025-08-25,I,-0.034738457911402176
2025-08-25,J,-0.015206991537297673
2025-08-25,LH,-0.06296628241148011
2025-08-25,CF,-0.13417612621272976
2025-08-25,AL,-0.07956475872228386
2025-08-25,RB,-0.03267016269872842
2025-08-26,IF,0.06213385133244517
2025-08-26,AU,0.09301491548381637
2025-08-26,IM,0.06050122985783132
2025-08-26,AG,0.03992574445811037
2025-08-26,IH,0.06935862569936882
2025-08-26,SC,0.022279191816485737
2025-08-26,JM,0.01410614523115494
2025-08-26,FU,0.023805493578017298
2025-08-26,Y,0.060903838144414725
2025-08-26,OI,0.05397096439835526
2025-08-26,UR,-0.033047668002119744
2025-08-26,MA,-0.028725278151528515
2025-08-26,JD,-0.049624788960844074
2025-08-26,V,-0.02830779898339002
2025-08-26,I,-0.03529298782920531
2025-08-26,AL,-0.0842661682258876
2025-08-26,SR,-0.13126879734978716
2025-08-26,J,-0.014811417917117268
2025-08-26,LH,-0.0617388094573389
2025-08-26,RB,-0.03291628512278143
2025-08-27,IF,0.06013483240557728
2025-08-27,IM,0.051969362278215754
2025-08-27,IC,0.05345712953039862
2025-08-27,AU,0.09337777254311125
2025-08-27,AG,0.03759468878130735
2025-08-27,SC,0.022657751775092775
2025-08-27,JM,0.014162193242062214
2025-08-27,M,0.07644698456802224
2025-08-27,Y,0.06508382862842141
2025-08-27,FU,0.025115456247791126
2025-08-27,UR,-0.033291968654384094
2025-08-27,JD,-0.048753944706106764
2025-08-27,MA,-0.028374431198724282
2025-08-27,AL,-0.08417242984726536
2025-08-27,SR,-0.13382818896004686
2025-08-27,I,-0.03505475355671255
2025-08-27,V,-0.028112144913380738
2025-08-27,J,-0.01483778355211989
2025-08-27,LH,-0.060646937172795894
2025-08-27,RB,-0.03292741743846356
2025-08-28,IF,0.058634795897390346
2025-08-28,AU,0.09162552570696193
2025-08-28,IM,0.05346464282780582
2025-08-28,AG,0.03747380796419732
2025-08-28,IC,0.05326243877786234
2025-08-28,SC,0.023107536236581794
2025-08-28,JM,0.013985031841273107
2025-08-28,M,0.07724087011395799
2025-08-28,Y,0.06565726317111291
2025-08-28,FU,0.025548087462856417
2025-08-28,UR,-0.0333243122711767
2025-08-28,JD,-0.04927483108807074
2025-08-28,MA,-0.02845336344916554
2025-08-28,I,-0.03559431135648919
2025-08-28,J,-0.014775060585715791
2025-08-28,V,-0.02800767756183238
2025-08-28,AL,-0.08452222195985165
2025-08-28,SR,-0.13249644454990225
2025-08-28,LH,-0.06047391428554777
2025-08-28,RB,-0.033077862892248025
2025-08-29,IF,0.06213966350990547
2025-08-29,IM,0.06096374470030247
2025-08-29,AU,0.0956760496028835
2025-08-29,IC,0.05849434376770829
2025-08-29,AG,0.04129657620163748
2025-08-29,SC,0.02854969604007084
2025-08-29,JM,0.01397481461568855
2025-08-29,M,0.0839740730619161
2025-08-29,FU,0.03194145399964975
2025-08-29,SA,0.022989584500237525
2025-08-29,UR,-0.03323265643638281
2025-08-29,J,-0.014732199875143438
2025-08-29,V,-0.027635142135982654
2025-08-29,AL,-0.08538466210639317
2025-08-29,JD,-0.048757036938962175
2025-08-29,SR,-0.13336989059916204
2025-08-29,I,-0.03556403484731054
2025-08-29,MA,-0.028334800166756716
2025-08-29,LH,-0.06022362462656221
2025-08-29,RB,-0.03276595226734422
2025-09-01,IM,0.06167661813379696
2025-09-01,IF,0.0630981212662083
2025-09-01,IC,0.0591707694440796
2025-09-01,AU,0.09197077468431876
2025-09-01,AG,0.03972481461816439
2025-09-01,SC,0.029080630808876407
2025-09-01,JM,0.014301853716657003
2025-09-01,M,0.0853184254800593
2025-09-01,SA,0.023415116725377032
2025-09-01,FU,0.03224287512246224
2025-09-01,UR,-0.033357163874021024
2025-09-01,J,-0.014577101496401172
2025-09-01,AL,-0.08472690318934623
2025-09-01,V,-0.027746401873349227
2025-09-01,SR,-0.13428987493474837
2025-09-01,JD,-0.048767360764141114
2025-09-01,I,-0.034463833058857106
2025-09-01,MA,-0.028700731042915335
2025-09-01,LH,-0.06102742628180966
2025-09-01,RB,-0.032343203484410804
2025-09-02,IF,0.05135037443143887
2025-09-02,IM,0.05131005363667514
2025-09-02,IH,0.05885323120576374
2025-09-02,AU,0.08334523597654882
2025-09-02,AG,0.03443356489586295
2025-09-02,M,0.07200424891263718
2025-09-02,SC,0.02864628000935486
2025-09-02,JM,0.013146198333519389
2025-09-02,P,0.051577773397080445
2025-09-02,SN,0.05533303920111857
2025-09-02,UR,-0.004280015507335615
2025-09-02,SR,-0.018070238794636706
2025-09-02,J,-0.0019848253565799556
2025-09-02,I,-0.004783365467700923
2025-09-02,AL,-0.010734952211398861
2025-09-02,V,-0.0038083867410498937
2025-09-02,MA,-0.003700966006036124
2025-09-02,JD,-0.00644537487300169
2025-09-02,TS,-0.44150778520330647
2025-09-02,RB,-0.004684089838953784
2025-09-03,IM,0.047964409676157366
2025-09-03,IF,0.0526059281704524
2025-09-03,IC,0.046953311232021545
2025-09-03,AU,0.0884946805107429
2025-09-03,AG,0.034966767917535474
2025-09-03,SC,0.030253619041831072
2025-09-03,JM,0.013798360461287936
2025-09-03,M,0.07349243527423026
2025-09-03,SN,0.06113274894697876
2025-09-03,P,0.05033773876876228
2025-09-03,UR,-0.004420702299939385
2025-09-03,J,-0.002134632160973367
2025-09-03,SR,-0.01851265870118302
2025-09-03,AL,-0.011566063094691813
2025-09-03,I,-0.005086672395562837
2025-09-03,MA,-0.0039485611222699266
2025-09-03,V,-0.004092150913283824
2025-09-03,JD,-0.0060559202382621455
2025-09-03,LH,-0.007570872197716226
2025-09-03,TS,-0.43661176687611747
2025-09-04,IF,0.05117994101993796
2025-09-04,IM,0.051005330670865906
2025-09-04,IH,0.057867669716021225
2025-09-04,AU,0.0884657798415515
2025-09-04,AG,0.03596696233129815
2025-09-04,SC,0.027833314053528607
2025-09-04,JM,0.013727030370279248
2025-09-04,M,0.07756497323998673
2025-09-04,P,0.052452708341196856
2025-09-04,RU,0.04393629041533376
2025-09-04,UR,-0.02774402040170411
2025-09-04,J,-0.013031501904471405
2025-09-04,SR,-0.107055601267295
2025-09-04,AL,-0.07342511301197305
2025-09-04,V,-0.02500320171913602
2025-09-04,MA,-0.027618947403343586
2025-09-04,I,-0.02856687694792195
2025-09-04,LH,-0.05192553302231098
2025-09-04,CF,-0.09588347818118399
2025-09-04,ZN,-0.04974572614065985
2025-09-05,IF,0.049442055706933996
2025-09-05,IM,0.048116951810354684
2025-09-05,IH,0.05775544991682509
2025-09-05,AU,0.0954773030177811
2025-09-05,AG,0.04358032346187187
2025-09-05,SC,0.029805065437986517
2025-09-05,JM,0.013380768091186292
2025-09-05,P,0.053042143620656006
2025-09-05,RU,0.040685606978365
2025-09-05,SN,0.06871433195803948
2025-09-05,UR,-0.02950986142098939
2025-09-05,J,-0.01371631236276558
2025-09-05,SR,-0.1278308074336322
2025-09-05,V,-0.027055034221437544
2025-09-05,AL,-0.07817075842746025
2025-09-05,MA,-0.027767204954712896
2025-09-05,I,-0.0318322230438965
2025-09-05,RM,-0.05984588947647668
2025-09-05,LH,-0.05310338013393834
2025-09-05,ZN,-0.05116852852469059
2025-09-08,IM,0.04392316688677702
2025-09-08,IF,0.044982442093423954
2025-09-08,IH,0.052767575393429585
2025-09-08,AU,0.08318934020285924
2025-09-08,AG,0.0394902404310864
2025-09-08,SC,0.028557854888169722
2025-09-08,JM,0.013508484782396964
2025-09-08,M,0.076860738503271
2025-09-08,P,0.05012704818289132
2025-09-08,SN,0.06659310863569477
2025-09-08,UR,-0.029992358585412236
2025-09-08,J,-0.013811413185835952
2025-09-08,SR,-0.13470824714291668
2025-09-08,V,-0.02706328590712882
2025-09-08,AL,-0.08704447463393614
2025-09-08,I,-0.03216313545218103
2025-09-08,MA,-0.027079556630171205
2025-09-08,HC,-0.03141964707570465
2025-09-08,LH,-0.0552782217618745
2025-09-08,RM,-0.06143965962483884
2025-09-09,IM,0.04272338979277581
2025-09-09,IF,0.0471944360833882
2025-09-09,IC,0.04032222369540083
2025-09-09,AU,0.08817304559143355
2025-09-09,AG,0.041211491956960694
2025-09-09,SC,0.029420720887478415
2025-09-09,JM,0.013680769120028958
2025-09-09,M,0.07750805827878021
2025-09-09,P,0.051656541954487406
2025-09-09,SN,0.06810932263926602
2025-09-09,UR,-0.029018617804911273
2025-09-09,SR,-0.1345505762277925
2025-09-09,V,-0.028053163960842446
2025-09-09,J,-0.014526716977260655
2025-09-09,AL,-0.08920544872247835
2025-09-09,I,-0.033246053291084716
2025-09-09,MA,-0.025938368612670303
2025-09-09,OI,-0.05552401190051197
2025-09-09,RM,-0.057823045023892725
2025-09-09,HC,-0.032113997478555055
2025-09-10,IM,0.04952048509101813
2025-09-10,IF,0.0486391506610718
2025-09-10,IH,0.056446353707209115
2025-09-10,AU,0.08317795015214777
2025-09-10,AG,0.04181326849546364
2025-09-10,SC,0.02632205150389391
2025-09-10,JM,0.01434345488880441
2025-09-10,M,0.08092324494155667
2025-09-10,FU,0.028249759908123197
2025-09-10,SN,0.07056428065071126
2025-09-10,UR,-0.029619668178657667
2025-09-10,V,-0.02761448067045691
2025-09-10,J,-0.01413502972646117
2025-09-10,SR,-0.1287424764339526
2025-09-10,AL,-0.09089975370272722
2025-09-10,I,-0.03383558583827765
2025-09-10,OI,-0.06079647243173447
2025-09-10,MA,-0.026268557979959774
2025-09-10,HC,-0.03274052320101511
2025-09-10,LH,-0.05534745183675744
2025-09-11,IM,0.0414859420232698
2025-09-11,IF,0.042982044677115895
2025-09-11,AU,0.08799641241868489
2025-09-11,IH,0.052425753610522464
2025-09-11,AG,0.040315927438989756
2025-09-11,SC,0.028982031895492776
2025-09-11,JM,0.013512174350307207
2025-09-11,M,0.07545223324754159
2025-09-11,SN,0.0682147289302628
2025-09-11,P,0.048632751407812855
2025-09-11,UR,-0.004154747493472296
2025-09-11,V,-0.004171794526624294
2025-09-11,SR,-0.01856674780774566
2025-09-11,J,-0.002155618589562997
2025-09-11,MA,-0.003888733365830444
2025-09-11,I,-0.005259505488692398
2025-09-11,AL,-0.012124916038697071
2025-09-11,HC,-0.005252934119258492
2025-09-11,TS,-0.43659083749385613
2025-09-11,OI,-0.007834165076260224
2025-09-12,IF,0.04236606581909987
2025-09-12,IM,0.041095300658007775
2025-09-12,IH,0.05164556305079895
2025-09-12,AU,0.08971705196610955
2025-09-12,AG,0.040012541513096585
2025-09-12,SC,0.030226875039757566
2025-09-12,SN,0.06773001807555316
2025-09-12,M,0.07472257500817474
2025-09-12,JM,0.013474873420910093
2025-09-12,P,0.049009135448491725
2025-09-12,UR,-0.004548805493408589
2025-09-12,V,-0.00455075278826865
2025-09-12,SR,-0.019298192437641394
2025-09-12,I,-0.005802108458960631
2025-09-12,J,-0.002299024915366627
2025-09-12,MA,-0.004641307710234599
2025-09-12,AL,-0.013031925460604613
2025-09-12,LH,-0.007919188770266768
2025-09-12,TS,-0.4293579748795221
2025-09-12,OI,-0.008550719085725998
2025-09-15,IF,0.04490887786064873
2025-09-15,IM,0.04620331435074038
2025-09-15,AU,0.0887047054573445
2025-09-15,IH,0.05398121106415541
2025-09-15,AG,0.042532024988072924
2025-09-15,SC,0.028461116578132894
2025-09-15,JM,0.014430465536406957
2025-09-15,M,0.07879770088155197
2025-09-15,FU,0.031042750975975624
2025-09-15,SN,0.07093783230697058
2025-09-15,UR,-0.004830531356697517
2025-09-15,SR,-0.019089198050941107
2025-09-15,AL,-0.012814804870190984
2025-09-15,V,-0.004444084212598421
2025-09-15,J,-0.0022606949510129417
2025-09-15,I,-0.005767823916684831
2025-09-15,MA,-0.004896235790366606
2025-09-15,OI,-0.0090549585342852
2025-09-15,LH,-0.00781738389768009
2025-09-15,TS,-0.42902428441954227
2025-09-16,AU,0.08837267369741696
2025-09-16,IF,0.04535390032110827
2025-09-16,AG,0.04229658978942007
2025-09-16,IM,0.04580304762597687
2025-09-16,IH,0.054428673716391776
2025-09-16,SC,0.02865474916947499
2025-09-16,JM,0.01426314767273423
2025-09-16,M,0.07786738071961971
2025-09-16,SN,0.07184218250316463
2025-09-16,FU,0.031117654784692524
2025-09-16,UR,-0.005160827540003623
2025-09-16,SR,-0.02043912738432521
2025-09-16,AL,-0.01309061174403203
2025-09-16,MA,-0.004996125277607461
2025-09-16,LH,-0.007993010618467425
2025-09-16,J,-0.0021666181934122753
2025-09-16,I,-0.005439260059513906
2025-09-16,V,-0.004299730163703278
2025-09-16,RM,-0.007974476879703164
2025-09-16,TS,-0.42844021213923167
2025-09-17,IF,0.04548513128569775
2025-09-17,AU,0.08653832482526116
2025-09-17,AG,0.04293942001863153
2025-09-17,IM,0.045927275407664794
2025-09-17,IH,0.05403245270844533
2025-09-17,SC,0.030664337313550186
2025-09-17,JM,0.014110671662272698
2025-09-17,M,0.07568719217145112
2025-09-17,FU,0.032115120770944625
2025-09-17,SN,0.07250007383608079
2025-09-17,UR,-0.032513668306147554
2025-09-17,SR,-0.13046383567886957
2025-09-17,MA,-0.03137742386576182
2025-09-17,AL,-0.0912957088196526
2025-09-17,J,-0.013445267415603857
2025-09-17,LH,-0.053846716682412275
2025-09-17,I,-0.03173281762586999
2025-09-17,V,-0.026883212586872474
2025-09-17,RM,-0.05756156594996181
2025-09-17,HC,-0.03087978306884803
2025-09-18,IM,0.041567766359730036
2025-09-18,IF,0.04285703204278972
2025-09-18,AU,0.08165938488697837
2025-09-18,IH,0.05103615926120319
2025-09-18,AG,0.042681499332158354
2025-09-18,SC,0.033204609208462486
2025-09-18,JM,0.013530782588197565
2025-09-18,M,0.07300122619568736
2025-09-18,P,0.05206167856022001
2025-09-18,SN,0.06839986156457291
2025-09-18,UR,-0.03268350972210061
2025-09-18,SR,-0.11748160025710562
2025-09-18,AL,-0.08185069213212086
2025-09-18,J,-0.013447877504731762
2025-09-18,MA,-0.031965015831199144
2025-09-18,RM,-0.056496343980838304
2025-09-18,LH,-0.050520009652361864
2025-09-18,I,-0.031050478858986846
2025-09-18,HC,-0.030626873816475438
2025-09-18,ZN,-0.05387759824407955
2025-09-19,IM,0.04407498516476834
2025-09-19,IF,0.04779594243834103
2025-09-19,AU,0.09124438366259448
2025-09-19,IC,0.04144373325413812
2025-09-19,AG,0.04759058931510275
2025-09-19,SC,0.0359835100565231
2025-09-19,JM,0.013952517283571785
2025-09-19,M,0.0790069046610954
2025-09-19,P,0.054596185406185584
2025-09-19,RU,0.0443112487576795
2025-09-19,UR,-0.032832188381110454
2025-09-19,AL,-0.08162231011845919
2025-09-19,SR,-0.12024747676199243
2025-09-19,J,-0.01334723338775648
2025-09-19,RM,-0.054683569513615526
2025-09-19,MA,-0.03158591016948126
2025-09-19,LH,-0.05064719235644096
2025-09-19,I,-0.03083181559773715
2025-09-19,ZN,-0.05371261312503056
2025-09-19,HC,-0.030489690588376018
2025-09-22,IF,0.045278573973310234
2025-09-22,AU,0.08184631766782115
2025-09-22,IM,0.04209587809694672
2025-09-22,AG,0.043388047858566293
2025-09-22,IC,0.03959605698568885
2025-09-22,SC,0.03662615635760877
2025-09-22,JM,0.014191242759470512
2025-09-22,M,0.07334470202430872
2025-09-22,P,0.053025358211425136
2025-09-22,SN,0.07060766606485357
2025-09-22,UR,-0.03321823998133695
2025-09-22,SR,-0.11773270221108
2025-09-22,AL,-0.0842990697888301
2025-09-22,J,-0.013577907397097019
2025-09-22,MA,-0.029382602707482736
2025-09-22,RM,-0.05680059135103681
2025-09-22,HC,-0.03089214261626669
2025-09-22,I,-0.03185683288877687
2025-09-22,TA,-0.045650311793996735
2025-09-22,ZN,-0.0565895992640961
2025-09-23,IF,0.04519240283873321
2025-09-23,AU,0.09344325745934026
2025-09-23,IM,0.0394343833500324
2025-09-23,AG,0.04488366466629511
2025-09-23,IC,0.0383079692260609
2025-09-23,SC,0.04562884244100657
2025-09-23,JM,0.014847851369363157
2025-09-23,M,0.06128925707358338
2025-09-23,SN,0.0664898866871621
2025-09-23,P,0.05048248488842287
2025-09-23,UR,-0.033707975121998274
2025-09-23,AL,-0.08245842971970534
2025-09-23,SR,-0.12138901325482705
2025-09-23,MA,-0.03554174072551689
2025-09-23,RM,-0.05069538549336565
2025-09-23,J,-0.013757308069719502
2025-09-23,I,-0.03093007388566401
2025-09-23,HC,-0.030205083740397355
2025-09-23,ZN,-0.05136649323525254
2025-09-23,LH,-0.04994849675355338
2025-09-24,IF,0.04589545867601756
2025-09-24,AU,0.09335202598134619
2025-09-24,IM,0.038684420860713775
2025-09-24,AG,0.045564084757868266
2025-09-24,IC,0.03695034734940111
2025-09-24,SC,0.04455935739127756
2025-09-24,M,0.062472093033477304
2025-09-24,JM,0.015239377885712026
2025-09-24,P,0.05080721594220857
2025-09-24,SN,0.0664756181219776
2025-09-24,UR,-0.03392388640607714
2025-09-24,SR,-0.11475554742235997
2025-09-24,AL,-0.08437338663320794
2025-09-24,RM,-0.05175757823180591
2025-09-24,MA,-0.03368407131492506
2025-09-24,J,-0.013898898683597985
2025-09-24,I,-0.03146186435803463
2025-09-24,HC,-0.02969060569493949
2025-09-24,TA,-0.053908834203850925
2025-09-24,ZN,-0.052545327051200914
2025-09-25,AU,0.0894997135155412
2025-09-25,IF,0.04375418067335279
2025-09-25,AG,0.04336730419083872
2025-09-25,IM,0.03997330752718291
2025-09-25,IH,0.052244767726362974
2025-09-25,SC,0.04191771945237842
2025-09-25,SN,0.06329833635088272
2025-09-25,P,0.04967926104989781
2025-09-25,M,0.06141634123353345
2025-09-25,JM,0.014849068280028896
2025-09-25,UR,-0.03392907583880147
2025-09-25,AL,-0.08452120853897245
2025-09-25,MA,-0.03398540926667079
2025-09-25,SR,-0.11788418058527639
2025-09-25,RM,-0.04980247078845609
2025-09-25,J,-0.013859640651656912
2025-09-25,I,-0.03165019580380004
2025-09-25,TA,-0.052277583784528535
2025-09-25,HC,-0.0299528051748088
2025-09-25,ZN,-0.05213742956702845
2025-09-26,AG,0.04116657163467701
2025-09-26,AU,0.08640445560325909
2025-09-26,IF,0.041217809421685445
2025-09-26,IH,0.05002201031170653
2025-09-26,IM,0.036999811109989865
2025-09-26,SC,0.039617954162118274
2025-09-26,SN,0.058571107621534085
2025-09-26,P,0.046545409000068656
2025-09-26,M,0.05647449386510013
2025-09-26,RU,0.042980377269861
2025-09-26,UR,-0.03165752360912623
2025-09-26,AL,-0.08613921764900886
2025-09-26,MA,-0.03295136197355706
2025-09-26,SR,-0.10664025081540184
2025-09-26,RM,-0.04483835937852421
2025-09-26,I,-0.02856012248635331
2025-09-26,HC,-0.02787661832235499
2025-09-26,CF,-0.07924078608252536
2025-09-26,J,-0.012849498796004229
2025-09-26,TA,-0.0492462608871439
2025-09-29,AU,0.08343290450907943
2025-09-29,AG,0.03775820361494342
2025-09-29,IF,0.03885995021756421
2025-09-29,IH,0.04810698151730752
2025-09-29,SC,0.03818251789382921
2025-09-29,IM,0.03413263123565974
2025-09-29,A,0.07651607284012568
2025-09-29,P,0.04525399421812561
2025-09-29,SN,0.05688362279823033
2025-09-29,RU,0.0408731211551349
2025-09-29,UR,-0.03162695957608177
2025-09-29,SR,-0.10706479132027896
2025-09-29,MA,-0.03300060910173266
2025-09-29,TA,-0.04940824615908486
2025-09-29,CF,-0.07885373982254665
2025-09-29,RM,-0.04501418980449101
2025-09-29,AL,-0.08609274910295033
2025-09-29,I,-0.028428384721849175
2025-09-29,HC,-0.02776790646212394
2025-09-29,J,-0.012742423928860698
2025-09-30,AU,0.08131022923882637
2025-09-30,AG,0.03821840035072099
2025-09-30,IF,0.03914789556714795
2025-09-30,IC,0.03352697348613645
2025-09-30,IH,0.048097462521085106
2025-09-30,SC,0.03504722671545622
2025-09-30,A,0.07277066575311915
2025-09-30,SN,0.05783955789108146
2025-09-30,P,0.045974386207758344
2025-09-30,JD,0.04806720226866801
2025-09-30,UR,-0.005226173994817981
2025-09-30,SR,-0.01707876728228981
2025-09-30,TA,-0.008191635341596991
2025-09-30,MA,-0.005849213349836672
2025-09-30,AL,-0.013206693514269788
2025-09-30,I,-0.004905698906475415
2025-09-30,HC,-0.004911732451375572
2025-09-30,RM,-0.006233685571425866
2025-09-30,CF,-0.01151609484583721
2025-09-30,TS,-0.42288030474207466
2025-10-09,AU,0.06729000457694052
2025-10-09,AG,0.04284423803284048
2025-10-09,IF,0.04271720688983896
2025-10-09,IC,0.03424705363566641
2025-10-09,IM,0.0381255695319995
2025-10-09,SC,0.04988427010645763
2025-10-09,A,0.07375363047928239
2025-10-09,P,0.04146169961530484
2025-10-09,SN,0.05322772128606925
2025-10-09,M,0.05644860584560002
2025-10-09,UR,-0.005691388622631674
2025-10-09,SR,-0.01672392999467163
2025-10-09,TA,-0.008121057310502802
2025-10-09,I,-0.0054547247823787635
2025-10-09,CF,-0.011444388892368876
2025-10-09,TS,-0.42245200412249306
2025-10-09,V,-0.0048479441593265865
2025-10-09,Y,-0.008277195276375666
2025-10-09,AL,-0.011954107388843812
2025-10-09,HC,-0.005033259450407191
2025-10-10,AG,0.043100097511306557
2025-10-10,AU,0.06352466791841871
2025-10-10,IF,0.041184043298962074
2025-10-10,IC,0.0338872147375657
2025-10-10,IM,0.038461303670659044
2025-10-10,SC,0.04962155011260539
2025-10-10,P,0.04131566414275261
2025-10-10,CU,0.05560204095976332
2025-10-10,A,0.07576639816293236
2025-10-10,M,0.05753701948503414
2025-10-10,UR,-0.03292800887721764
2025-10-10,TA,-0.04694935075437253
2025-10-10,SR,-0.10805261210353653
2025-10-10,I,-0.03186852559122849
2025-10-10,AL,-0.0825703101713963
2025-10-10,CF,-0.07682323293125988
2025-10-10,RM,-0.044897117348677656
2025-10-10,HC,-0.028550417141010184
2025-10-10,MA,-0.034346302566035845
2025-10-10,J,-0.013014122515264945
2025-10-13,AG,0.042661943141648735
2025-10-13,AU,0.06242629431816021
2025-10-13,IF,0.04064041897399325
2025-10-13,IC,0.033389869773059494
2025-10-13,IM,0.037866757651713476
2025-10-13,SC,0.051811509732253944
2025-10-13,P,0.041494977217588665
2025-10-13,CU,0.05520339154140046
2025-10-13,A,0.07691021497580758
2025-10-13,M,0.05759462267437421
2025-10-13,UR,-0.03520423094557984
2025-10-13,SR,-0.11705252087788591
2025-10-13,TA,-0.0491329417943403
2025-10-13,I,-0.0347904219632294
2025-10-13,HC,-0.029324525594782488
2025-10-13,RM,-0.04490605266606737
2025-10-13,AL,-0.08468068550773168
2025-10-13,MA,-0.03627073418524623
2025-10-13,Y,-0.05501168780855345
2025-10-13,J,-0.013626198656583322
2025-10-14,AG,0.04455406862697712
2025-10-14,AU,0.06888207466655034
2025-10-14,IF,0.04081792376254983
2025-10-14,IC,0.032449294952565905
2025-10-14,IM,0.037871137168663936
2025-10-14,SC,0.052188361552720976
2025-10-14,CU,0.05585627673484093
2025-10-14,P,0.04258337823342836
2025-10-14,A,0.08219305713487614
2025-10-14,RU,0.042604427166826435
2025-10-14,UR,-0.03747935594016931
2025-10-14,SR,-0.10830274808583311
2025-10-14,RM,-0.04433061866215419
2025-10-14,TA,-0.04945441587697839
2025-10-14,HC,-0.03104225336755381
2025-10-14,I,-0.03312573056692712
2025-10-14,MA,-0.03475760623299041
2025-10-14,AL,-0.08932375569451396
2025-10-14,J,-0.014843678070538536
2025-10-14,Y,-0.05733983750234116
2025-10-15,AG,0.04252762734888476
2025-10-15,AU,0.06695258786240718
2025-10-15,IC,0.03258528564778919
2025-10-15,IF,0.04091409676952125
2025-10-15,IM,0.03767321494432674
2025-10-15,SC,0.05448455485371413
2025-10-15,CU,0.05496796045551299
2025-10-15,P,0.044412470631105
2025-10-15,A,0.08191760005977064
2025-10-15,RU,0.04356460142696812
2025-10-15,UR,-0.005923683195501114
2025-10-15,SR,-0.01603402383265906
2025-10-15,TA,-0.00799328729943907
2025-10-15,HC,-0.005418884382511881
2025-10-15,RM,-0.0058097015511105665
2025-10-15,I,-0.0055115054442246465
2025-10-15,TS,-0.42578187354591185
2025-10-15,MA,-0.005987416709061969
2025-10-15,Y,-0.008238827226812729
2025-10-15,AL,-0.01330079681276708
2025-10-16,AG,0.04037300738254133
2025-10-16,AU,0.06274258138650798
2025-10-16,IC,0.03178817382832613
2025-10-16,IF,0.04049679787305447
2025-10-16,IM,0.03661624665944075
2025-10-16,SC,0.05457306622134059
2025-10-16,CU,0.05264183868583184
2025-10-16,P,0.04391937184264811
2025-10-16,A,0.07730418920933617
2025-10-16,M,0.05954472691097258
2025-10-16,UR,-0.005580669463766407
2025-10-16,TA,-0.007578703261173662
2025-10-16,SR,-0.015088646640294004
2025-10-16,TS,-0.4224914017456721
2025-10-16,HC,-0.005405395217091761
2025-10-16,RM,-0.006259465193937845
2025-10-16,I,-0.005284706296056309
2025-10-16,CF,-0.014412010825065043
2025-10-16,MA,-0.005613335406679548
2025-10-16,AL,-0.012285665950263255
2025-10-17,AG,0.04122871268216966
2025-10-17,AU,0.06412001353303062
2025-10-17,IC,0.030531958443317693
2025-10-17,IF,0.039151676084157525
2025-10-17,IM,0.035191042347119894
2025-10-17,SC,0.05628326432214475
2025-10-17,CU,0.052061598289017456
2025-10-17,P,0.0454340244641181
2025-10-17,A,0.07677879597027683
2025-10-17,M,0.05921891386464743
2025-10-17,UR,-0.005105519846018785
2025-10-17,TA,-0.007104604450090562
2025-10-17,SR,-0.01533104107883654
2025-10-17,HC,-0.0051055274457918725
2025-10-17,CF,-0.01423907399115857
2025-10-17,RM,-0.005944772003815551
2025-10-17,TS,-0.43474541722185733
2025-10-17,I,-0.005098743284919726
2025-10-17,MA,-0.005078527002538328
2025-10-17,J,-0.00224677367497271
2025-10-20,AG,0.041285506855742095
2025-10-20,AU,0.06526103218782345
2025-10-20,IC,0.03136781652825151
2025-10-20,IF,0.03991362428642641
2025-10-20,IM,0.0364138188926868
2025-10-20,SC,0.05671864520312895
2025-10-20,CU,0.05552282166570161
2025-10-20,A,0.08389059701733756
2025-10-20,P,0.045410865746025625
2025-10-20,RU,0.044215271616875995
2025-10-20,UR,-0.00678457837983353
2025-10-20,TA,-0.007923209901993307
2025-10-20,TS,-0.42222393068295594
2025-10-20,RM,-0.006200641808071673
2025-10-20,CF,-0.012609832950920797
2025-10-20,SR,-0.01574317615794445
2025-10-20,HC,-0.005706543925505262
2025-10-20,I,-0.005951692410424598
2025-10-20,AL,-0.014112412835729931
2025-10-20,SA,-0.0027439809466204656
2025-10-21,AG,0.04216418492443881
2025-10-21,AU,0.06214012199830657
2025-10-21,IC,0.031072144665271428
2025-10-21,IF,0.039685068209261945
2025-10-21,SC,0.05587474902922833
2025-10-21,IM,0.035999020788009074
2025-10-21,CU,0.056114530150537675
2025-10-21,P,0.04622814595161056
2025-10-21,A,0.08778845634669354
2025-10-21,RU,0.04293357793664206
2025-10-21,UR,-0.006090430290242587
2025-10-21,TA,-0.0075506002852329095
2025-10-21,CF,-0.013070639687564865
2025-10-21,RM,-0.0063719574501075555
2025-10-21,TS,-0.43043599298702917
2025-10-21,HC,-0.005943610929880796
2025-10-21,SR,-0.01594062645494882
2025-10-21,I,-0.0062656690512275836
2025-10-21,V,-0.005680619809738993
2025-10-21,J,-0.0026498530540267112
2025-10-22,AG,0.04084692200930255
2025-10-22,AU,0.05649297925326188
2025-10-22,IC,0.03117178400785992
2025-10-22,IF,0.0400206839247454
2025-10-22,SC,0.058407932117974105
2025-10-22,IM,0.03625056534576916
2025-10-22,CU,0.057495748833784735
2025-10-22,P,0.04569706672901436
2025-10-22,A,0.08981505779371585
2025-10-22,RU,0.04380125998457206
2025-10-22,UR,-0.006153198045492654
2025-10-22,TA,-0.007083773582973303
2025-10-22,HC,-0.005829183885973305
2025-10-22,CF,-0.012799947925235552
2025-10-22,RM,-0.006109240909093528
2025-10-22,TS,-0.43216159980019686
2025-10-22,I,-0.0062142669345408375
2025-10-22,J,-0.002511278407303683
2025-10-22,SR,-0.015387982792493635
2025-10-22,V,-0.005749527716696679
2025-10-23,AG,0.04065409834818834
2025-10-23,AU,0.05714011902240058
2025-10-23,IC,0.031765500648694746
2025-10-23,SC,0.05671742608656613
2025-10-23,IF,0.040516051511907666
2025-10-23,CU,0.05748310882278984
2025-10-23,IM,0.03712536889041094
2025-10-23,A,0.08694860092270908
2025-10-23,P,0.047013465122395855
2025-10-23,RU,0.04463626062393689
2025-10-23,UR,-0.006827350380227036
2025-10-23,TA,-0.008855903475625529
2025-10-23,TS,-0.3313320193695048
2025-10-23,CF,-0.014130469360770248
2025-10-23,HC,-0.006603746024037637
2025-10-23,RM,-0.006097545094906118
2025-10-23,I,-0.006536514788247677
2025-10-23,Y,-0.007366449412734943
2025-10-23,TF,-0.10888710632561939
2025-10-23,SA,-0.0033628957683266365
2025-10-24,AG,0.04117360133716252
2025-10-24,AU,0.05764823360511478
2025-10-24,IC,0.03161233441246696
2025-10-24,SC,0.05607730438788811
2025-10-24,IF,0.040506657273580965
2025-10-24,IM,0.036857027227159944
2025-10-24,CU,0.056381591792569255
2025-10-24,A,0.08756716051564194
2025-10-24,P,0.04785686597500833
2025-10-24,RU,0.04431922347340722
2025-10-24,UR,-0.005859208524378211
2025-10-24,TA,-0.007109242333963823
2025-10-24,TS,-0.43536272122224495
2025-10-24,CF,-0.012050024052602899
2025-10-24,HC,-0.005812783637049431
2025-10-24,RM,-0.005634804933229978
2025-10-24,I,-0.005650241873021766
2025-10-24,J,-0.0023236928652611336
2025-10-24,V,-0.006002213565701132
2025-10-24,SR,-0.014195066992546626
2025-10-27,AG,0.041850109148810447
2025-10-27,AU,0.05665858070124807
2025-10-27,IC,0.03042870773919261
2025-10-27,SC,0.05582585678030401
2025-10-27,CU,0.054810132949459536
2025-10-27,IF,0.03885662901428513
2025-10-27,IM,0.03573787218562734
2025-10-27,P,0.045778583562893674
2025-10-27,A,0.0928942914146388
2025-10-27,RU,0.047159236503540335
2025-10-27,UR,-0.008804802951828694
2025-10-27,TA,-0.00922697845071166
2025-10-27,TS,-0.3134804239964293
2025-10-27,CF,-0.014851625197931928
2025-10-27,HC,-0.00809437260040105
2025-10-27,RM,-0.006770606641020284
2025-10-27,SR,-0.018268539356209004
2025-10-27,I,-0.00665172917348315
2025-10-27,J,-0.003584003030577867
2025-10-27,TF,-0.11026691860140701
2025-10-28,AG,0.04015119657856086
2025-10-28,AU,0.05213865572121675
2025-10-28,IF,0.03936337836233231
2025-10-28,SC,0.05499556472732501
2025-10-28,IC,0.030793757618652957
2025-10-28,IM,0.036564795846009315
2025-10-28,CU,0.052873320793877916
2025-10-28,A,0.0997465535444294
2025-10-28,P,0.045029861000955386
2025-10-28,RU,0.048342915806640116
2025-10-28,UR,-0.009389461167406266
2025-10-28,TA,-0.009438844617076959
2025-10-28,TS,-0.4111578423251273
2025-10-28,CF,-0.015454404053879973
2025-10-28,RM,-0.006848456197905197
2025-10-28,HC,-0.008470058684876986
2025-10-28,SR,-0.018378460275137478
2025-10-28,J,-0.003731866455878994
2025-10-28,I,-0.0070730591469118
2025-10-28,V,-0.010057547075798942
2025-10-29,AG,0.03912373182910487
2025-10-29,AU,0.05227554993925256
2025-10-29,SC,0.05633377708659553
2025-10-29,CU,0.051176279826226176
2025-10-29,IF,0.03916380132304889
2025-10-29,IC,0.03034920118704666
2025-10-29,IM,0.03624565289261745
2025-10-29,A,0.1013965786529661
2025-10-29,P,0.046962979622320676
2025-10-29,RU,0.046972447640821105
2025-10-29,UR,-0.010910464568188238
2025-10-29,TA,-0.011075958698528817
2025-10-29,TS,-0.3965867390601946
2025-10-29,RM,-0.008548369775874419
2025-10-29,CF,-0.01809712931527184
2025-10-29,SR,-0.021926745774394085
2025-10-29,HC,-0.009561691955127934
2025-10-29,I,-0.008053326636609239
2025-10-29,J,-0.004176913604733703
2025-10-29,V,-0.011062660611077156
2025-10-30,AG,0.03982611485190535
2025-10-30,AU,0.051920621051974314
2025-10-30,CU,0.05109199040759867
2025-10-30,SC,0.05387410201376639
2025-10-30,IF,0.03999161741376562
2025-10-30,IC,0.03017373154493278
2025-10-30,IM,0.03575822482704675
2025-10-30,RU,0.04863307907406399
2025-10-30,A,0.10165053605581183
2025-10-30,P,0.04707998275913431
2025-10-30,UR,-0.01170278576906022
2025-10-30,TA,-0.011327184224973306
2025-10-30,TS,-0.3891229925632581
2025-10-30,RM,-0.009284926900593826
2025-10-30,CF,-0.019446722841867912
2025-10-30,I,-0.008429520553931605
2025-10-30,J,-0.004601703313632693
2025-10-30,HC,-0.011077818164299045
2025-10-30,SR,-0.022092198708079727
2025-10-30,V,-0.012914146960303654
2025-10-31,AU,0.05219531554011653
2025-10-31,AG,0.04068722623148586
2025-10-31,CU,0.04998798179903458
2025-10-31,IF,0.03976415722269244
2025-10-31,SC,0.0542649042648936
2025-10-31,IM,0.035751250888860255
2025-10-31,IC,0.030076390892059556
2025-10-31,A,0.10209491754531423
2025-10-31,RU,0.04858345187753373
2025-10-31,P,0.046594403738009146
2025-10-31,UR,-0.01107940246119631
2025-10-31,TS,-0.2866691291664337
2025-10-31,TA,-0.01159642047184609
2025-10-31,RM,-0.008681255064088683
2025-10-31,CF,-0.018702521157859933
2025-10-31,I,-0.007696892596761893
2025-10-31,J,-0.0046487063944522285
2025-10-31,TF,-0.11855784509620591
2025-10-31,HC,-0.010538502770265041
2025-10-31,SR,-0.021829324820890162
2025-11-03,AU,0.04966390905069228
2025-11-03,AG,0.03699060060765629
2025-11-03,IM,0.03430278703829093
2025-11-03,CU,0.047610193622281846
2025-11-03,IF,0.03731445889467483
2025-11-03,IH,0.04840475764393488
2025-11-03,SC,0.051114980690507454
2025-11-03,A,0.08599921587642052
2025-11-03,P,0.0446457187839633
2025-11-03,M,0.06395337779157761
2025-11-03,UR,-0.011805627383101445
2025-11-03,TS,-0.2819500322768289
2025-11-03,TA,-0.011225277598977948
2025-11-03,TF,-0.11691867669821064
2025-11-03,RM,-0.008324352389658635
2025-11-03,RB,-0.011013232085708547
2025-11-03,CF,-0.019306226360594515
2025-11-03,SR,-0.02172665508971457
2025-11-03,I,-0.00741715217499522
2025-11-03,HC,-0.010312767942209419
2025-11-04,AU,0.04954277352572346
2025-11-04,AG,0.036071939715221144
2025-11-04,CU,0.045930334022643245
2025-11-04,IM,0.033845646529704274
2025-11-04,SC,0.05079602690696619
2025-11-04,IH,0.049471273191510574
2025-11-04,IF,0.037316385779133605
2025-11-04,A,0.08580800266257425
2025-11-04,P,0.046527328779894815
2025-11-04,M,0.06469028888662845
2025-11-04,UR,-0.013448969121002803
2025-11-04,TA,-0.011925058638676244
2025-11-04,TS,-0.29359210154739046
2025-11-04,RB,-0.010939615901671147
2025-11-04,RM,-0.00854862948218478
2025-11-04,CF,-0.01932048929332377
2025-11-04,J,-0.004321896100408114
2025-11-04,TF,-0.11646207294724414
2025-11-04,Y,-0.011008696585708277
2025-11-04,HC,-0.010432470382390207
2025-11-05,AU,0.05573356315798585
2025-11-05,AG,0.03872577859141692
2025-11-05,SC,0.05012380600765009
2025-11-05,CU,0.048068531119617
2025-11-05,IH,0.05102503281756705
2025-11-05,IF,0.038719030149413365
2025-11-05,IM,0.036095181543359896
2025-11-05,A,0.08826134026049771
2025-11-05,M,0.06686370180800447
2025-11-05,JM,0.02638403454448762
2025-11-05,UR,-0.012407824105038302
2025-11-05,TA,-0.011589634703828207
2025-11-05,TS,-0.3003027038812837
2025-11-05,CF,-0.01859550191791701
2025-11-05,RM,-0.009434270983736281
2025-11-05,RB,-0.010557235471991507
2025-11-05,TF,-0.11994387229279439
2025-11-05,J,-0.0041086808897770515
2025-11-05,I,-0.007397595720010721
2025-11-05,SA,-0.005662680033622845
2025-11-06,AU,0.05058101010453315
2025-11-06,AG,0.03632836477182231
2025-11-06,SC,0.05222639973994992
2025-11-06,CU,0.04674356542026237
2025-11-06,IM,0.034145276712895065
2025-11-06,IH,0.04954386576029672
2025-11-06,IF,0.037371338773683094
2025-11-06,A,0.08256587918870054
2025-11-06,M,0.06421607570654515
2025-11-06,P,0.046278223821311665
2025-11-06,UR,-0.012097143497309282
2025-11-06,TS,-0.29771162888854125
2025-11-06,TA,-0.010766281874642927
2025-11-06,RB,-0.010282248326788451
2025-11-06,CF,-0.018674514740370737
2025-11-06,J,-0.003920457723208416
2025-11-06,RM,-0.009185563935466823
2025-11-06,TF,-0.12191470505695948
2025-11-06,HC,-0.009953478040309476
2025-11-06,SA,-0.005493977916403067
2025-11-07,AU,0.05213881170665368
2025-11-07,AG,0.03681704623507557
2025-11-07,SC,0.05039115729835925
2025-11-07,IM,0.03383258987366492
2025-11-07,IF,0.036207732982024246
2025-11-07,IH,0.04832296784650082
2025-11-07,CU,0.045770620384199455
2025-11-07,A,0.08482227376306374
2025-11-07,RU,0.0466490571353855
2025-11-07,M,0.06504774277507273
2025-11-07,UR,-0.012250424672165817
2025-11-07,TS,-0.29335881767886807
2025-11-07,RB,-0.011584889105540168
2025-11-07,TA,-0.011340760066737572
2025-11-07,RM,-0.009078536922472461
2025-11-07,J,-0.004336201046912372
2025-11-07,HC,-0.011294654235878823
2025-11-07,CF,-0.020827044880169353
2025-11-07,TF,-0.11880678256100403
2025-11-07,JD,-0.007121888830251404
2025-11-10,AU,0.057149819122007374
2025-11-10,AG,0.040771498254956906
2025-11-10,SC,0.04788368250311376
2025-11-10,IM,0.0358249085491082
2025-11-10,IC,0.02951393210574015
2025-11-10,IF,0.03869901655813992
2025-11-10,CU,0.05008785674578193
2025-11-10,A,0.104776121572001
2025-11-10,FU,0.04710683309320447
2025-11-10,RU,0.04818633149594634
2025-11-10,UR,-0.01309509882327517
2025-11-10,TS,-0.2839627377951816
2025-11-10,TA,-0.011233700415471077
2025-11-10,CF,-0.02144015034687323
2025-11-10,TF,-0.1157781886030037
2025-11-10,RM,-0.008907103216069655
2025-11-10,RB,-0.012337973324599074
2025-11-10,NI,-0.013770184175396652
2025-11-10,HC,-0.011847112731251724
2025-11-10,JD,-0.007627750568878122
2025-11-11,AU,0.05729542740794696
2025-11-11,SC,0.0478726266687871
2025-11-11,AG,0.04083708176169915
2025-11-11,IM,0.03576452158307943
2025-11-11,IC,0.029415934433354864
2025-11-11,CU,0.05008148603084755
2025-11-11,IF,0.03850562506745028
2025-11-11,A,0.10505098239511965
2025-11-11,FU,0.04698093885420541
2025-11-11,RU,0.04819537579750958
2025-11-11,UR,-0.012874478016102605
2025-11-11,TS,-0.29164812583154376
2025-11-11,TA,-0.01065354334347053
2025-11-11,CF,-0.019828327843902063
2025-11-11,RM,-0.008600728717091092
2025-11-11,RB,-0.010896688079094746
2025-11-11,HC,-0.010651970327287687
2025-11-11,NI,-0.012635039067817011
2025-11-11,J,-0.004095034185463139
2025-11-11,TF,-0.1181160645882274
2025-11-12,AU,0.0531611961877301
2025-11-12,AG,0.03836272378764206
2025-11-12,IM,0.034924197881733884
2025-11-12,SC,0.043962632695581205
2025-11-12,IC,0.028661762998075463
2025-11-12,SN,0.0578233214505853
2025-11-12,IH,0.048182947174827954
2025-11-12,A,0.10714371888246071
2025-11-12,RU,0.044558662061622754
2025-11-12,FU,0.043218836879740576
2025-11-12,UR,-0.014771689346366598
2025-11-12,TA,-0.01171487434399549
2025-11-12,TS,-0.39037518210146216
2025-11-12,RB,-0.011815846841711341
2025-11-12,CF,-0.022177009342108662
2025-11-12,RM,-0.009121292815602982
2025-11-12,NI,-0.014334577625308336
2025-11-12,J,-0.004494141494419693
2025-11-12,Y,-0.012479269442020153
2025-11-12,I,-0.008716116647004626
2025-11-13,AU,0.04928656880763851
2025-11-13,AG,0.033840721766290625
2025-11-13,IM,0.032841537659782774
2025-11-13,SC,0.050769482942106745
2025-11-13,IC,0.02739974633330156
2025-11-13,SN,0.05372577164905044
2025-11-13,IH,0.04629675250714818
2025-11-13,A,0.09674396573864633
2025-11-13,RU,0.04307359158487131
2025-11-13,M,0.06602186101116353
2025-11-13,UR,-0.014882500122205636
2025-11-13,TA,-0.012217820309801966
2025-11-13,RB,-0.012054849591046201
2025-11-13,I,-0.009427266628951035
2025-11-13,TS,-0.37539389329767553
2025-11-13,NI,-0.01612938620636403
2025-11-13,CF,-0.022955795418088266
2025-11-13,HC,-0.01192579626248614
2025-11-13,JD,-0.010052588810189476
2025-11-13,Y,-0.014960103353191688
2025-11-14,AU,0.04890915373525299
2025-11-14,AG,0.03315561416020198
2025-11-14,IM,0.03308748708813614
2025-11-14,SC,0.051577500281745035
2025-11-14,SN,0.05193175467323657
2025-11-14,IC,0.027485649748863125
2025-11-14,IH,0.04583472748703782
2025-11-14,A,0.0986470208571921
2025-11-14,RU,0.04360594867483895
2025-11-14,M,0.06576514329349534
2025-11-14,UR,-0.014927453960830202
2025-11-14,TA,-0.012366487270426756
2025-11-14,RB,-0.012207661046255522
2025-11-14,NI,-0.015550244931318387
2025-11-14,TS,-0.37562480151705013
2025-11-14,CF,-0.022858765758062834
2025-11-14,HC,-0.012062814576734152
2025-11-14,I,-0.00946083759912731
2025-11-14,Y,-0.014873119894964768
2025-11-14,JD,-0.010067813445229924
2025-11-17,AU,0.04845041459467926
2025-11-17,AG,0.03272920834226549
2025-11-17,IM,0.034680538720075586
2025-11-17,SN,0.054093502198711854
2025-11-17,SC,0.05432078070363695
2025-11-17,IC,0.0285668004505745
2025-11-17,IF,0.03662005558246786
2025-11-17,RU,0.04657495707292447
2025-11-17,A,0.09892403286215862
2025-11-17,M,0.06503970947250544
2025-11-17,UR,-0.05406368282440006
2025-11-17,TA,-0.04657346525498485
2025-11-17,RB,-0.04474118210916135
2025-11-17,NI,-0.06220387062637415
2025-11-17,J,-0.01644066444224196
2025-11-17,I,-0.037589642307848926
2025-11-17,CF,-0.08524858942850752
2025-11-17,JD,-0.039306360970910295
2025-11-17,Y,-0.0584079445295939
2025-11-17,V,-0.05542459750597703
2025-11-18,AU,0.030457746114774264
2025-11-18,AG,0.021756471952543426
2025-11-18,SN,0.0379052905845607
2025-11-18,SC,0.04150000103660865
2025-11-18,IM,0.028715872935393464
2025-11-18,IC,0.023992192315164956
2025-11-18,TL,0.16101698074805615
2025-11-18,M,0.043700770805382975
2025-11-18,A,0.06346080049671814
2025-11-18,OI,0.04749387301079729
2025-11-18,UR,-0.05848643170019699
2025-11-18,TA,-0.046593009204925866
2025-11-18,RB,-0.0450786978013446
2025-11-18,I,-0.03843230929022536
2025-11-18,J,-0.015962145257480496
2025-11-18,JD,-0.03853739568642276
2025-11-18,Y,-0.060642743034356586
2025-11-18,V,-0.05198303325403729
2025-11-18,CF,-0.08506591709572082
2025-11-18,NI,-0.05921831767528924
2025-11-19,AU,0.04509610631490286
2025-11-19,AG,0.030403710631553484
2025-11-19,SN,0.05209641334386117
2025-11-19,IM,0.034384730495275066
2025-11-19,SC,0.054182696990821004
2025-11-19,IC,0.028354239352629786
2025-11-19,IF,0.03615387065722777
2025-11-19,A,0.09142055122595352
2025-11-19,M,0.06143750112836848
2025-11-19,OI,0.06647017985940688
2025-11-19,UR,-0.05931058287118175
2025-11-19,TA,-0.04207414349839296
2025-11-19,I,-0.03459242607456666
2025-11-19,RB,-0.04112000930374112
2025-11-19,JD,-0.03713670022849383
2025-11-19,Y,-0.05842808837002701
2025-11-19,NI,-0.05611862809241628
2025-11-19,CF,-0.08005308221401779
2025-11-19,HC,-0.04156439918092869
2025-11-19,V,-0.049601940166233906
2025-11-20,AU,0.030426397661405095
2025-11-20,AG,0.021960554284392416
2025-11-20,SN,0.039112844238629665
2025-11-20,SC,0.04091164670437346
2025-11-20,IM,0.03024044588941002
2025-11-20,IC,0.02491037758796472
2025-11-20,TL,0.16637446738290174
2025-11-20,A,0.06449323056080328
2025-11-20,P,0.03302334613464375
2025-11-20,M,0.04854668955547589
2025-11-20,UR,-0.0621073281864341
2025-11-20,TA,-0.04003967089949411
2025-11-20,I,-0.034301631498070875
2025-11-20,SR,-0.0832814546779768
2025-11-20,Y,-0.051682061742421966
2025-11-20,RB,-0.0391444457482019
2025-11-20,J,-0.015124820371318128
2025-11-20,CF,-0.07604424181382144
2025-11-20,V,-0.048207624521330344
2025-11-20,NI,-0.05006672054093031
2025-11-21,AU,0.030604497593406232
2025-11-21,AG,0.02109323803671203
2025-11-21,SN,0.03996070117439601
2025-11-21,SC,0.04023219778189846
2025-11-21,IM,0.028650543577927897
2025-11-21,A,0.06678880131048649
2025-11-21,TL,0.16483097075986353
2025-11-21,IC,0.024139466775763188
2025-11-21,P,0.033648823759648144
2025-11-21,M,0.05005075922989796
2025-11-21,UR,-0.058694615619956966
2025-11-21,TA,-0.04172223203115362
2025-11-21,SR,-0.09494576583090603
2025-11-21,I,-0.03925870493616387
2025-11-21,Y,-0.06014522157533484
2025-11-21,RB,-0.04588885646998263
2025-11-21,V,-0.05000302439172446
2025-11-21,JD,-0.039014040426317495
2025-11-21,J,-0.016496560679550562
2025-11-21,NI,-0.05383097803890952
2025-11-24,AG,0.020246874334497077
2025-11-24,SN,0.0341958391670062
2025-11-24,AU,0.028000025349882936
2025-11-24,IF,0.029914853507515597
2025-11-24,SC,0.03552374051351369
2025-11-24,A,0.06594234755868963
2025-11-24,TL,0.16172676324845756
2025-11-24,IM,0.026429584317748053
2025-11-24,P,0.02997877087113226
2025-11-24,HC,0.06804120113155696
2025-11-24,UR,-0.015261740883812025
2025-11-24,TA,-0.010924815436196998
2025-11-24,SR,-0.02540440174364494
2025-11-24,I,-0.010190241924769953
2025-11-24,V,-0.012821268864425294
2025-11-24,RB,-0.011865449735367541
2025-11-24,JD,-0.00973256052503309
2025-11-24,Y,-0.01644122356045206
2025-11-24,JM,-0.0039037543064489866
2025-11-24,TS,-0.3834545430198491
2025-11-25,AG,0.02018342193639397
2025-11-25,SN,0.03417601329380973
2025-11-25,AU,0.027890865006760666
2025-11-25,A,0.06620619984259955
2025-11-25,SC,0.035419791791732234
2025-11-25,IF,0.029915565482820573
2025-11-25,TL,0.1615692981457893
2025-11-25,IM,0.026341423104477974
2025-11-25,P,0.03010894353435154
2025-11-25,HC,0.06818847786126443
2025-11-25,UR,-0.06073794809328213
2025-11-25,TA,-0.03940968260677868
2025-11-25,SR,-0.09866360796554029
2025-11-25,I,-0.04179778149029931
2025-11-25,V,-0.049264214558793915
2025-11-25,RB,-0.044203641602297436
2025-11-25,JD,-0.0373156196699713
2025-11-25,Y,-0.06065927745961752
2025-11-25,J,-0.017359408076973365
2025-11-25,NI,-0.05058881847644603
2025-11-26,AG,0.020516565057256325
2025-11-26,SN,0.0334959248331345
2025-11-26,AU,0.02812325440643347
2025-11-26,A,0.06875001040333123
2025-11-26,SC,0.037664948588754146
2025-11-26,IF,0.030670336540020618
2025-11-26,TL,0.15460967670435488
2025-11-26,IM,0.026949979291053566
2025-11-26,P,0.030089372167837823
2025-11-26,HC,0.06912993200782351
2025-11-26,UR,-0.014776587451271514
2025-11-26,TA,-0.01054439158678142
2025-11-26,SR,-0.026919891290905888
2025-11-26,I,-0.0102735188945356
2025-11-26,Y,-0.01662984869447297
2025-11-26,RB,-0.011671654970292343
2025-11-26,V,-0.013071627424620407
2025-11-26,JD,-0.009480100532976715
2025-11-26,J,-0.004927684287341384
2025-11-26,TS,-0.38170469486680175
2025-11-27,AG,0.020209494856754138
2025-11-27,AU,0.0284263577157966
2025-11-27,SN,0.03240816584082592
2025-11-27,SC,0.03736424420412879
2025-11-27,A,0.06846704215928627
2025-11-27,IF,0.031069195452925677
2025-11-27,IM,0.027100807272184273
2025-11-27,TL,0.15465817174460778
2025-11-27,P,0.029611970037511044
2025-11-27,HC,0.0706845507159795
2025-11-27,UR,-0.014566640101326264
2025-11-27,TA,-0.011025068705498594
2025-11-27,I,-0.010373068580933616
2025-11-27,SR,-0.02637689317075485
2025-11-27,RB,-0.011877077459509217
2025-11-27,Y,-0.016221168637493982
2025-11-27,JD,-0.009291244788257737
2025-11-27,V,-0.012890780108484599
2025-11-27,J,-0.005044876630581624
2025-11-27,TS,-0.38233318181715953
2025-11-28,AG,0.0217100242199893
2025-11-28,AU,0.030808540918627784
2025-11-28,SN,0.037502748623397905
2025-11-28,SC,0.040377929529684546
2025-11-28,A,0.07337844151017596
2025-11-28,IM,0.029588976573488163
2025-11-28,IF,0.033644994033931605
2025-11-28,TL,0.17936866759107847
2025-11-28,P,0.03170306446486975
2025-11-28,JM,0.02191661253475657
2025-11-28,UR,-0.016028209868908995
2025-11-28,TA,-0.01062075744017585
2025-11-28,SR,-0.023745722524733604
2025-11-28,I,-0.009862186686672833
2025-11-28,RB,-0.011259639052920035
2025-11-28,V,-0.013013486701102077
2025-11-28,M,-0.013303682312829567
2025-11-28,Y,-0.013326650129722433
2025-11-28,J,-0.005105108014405941
2025-11-28,TS,-0.3837345572685287
2025-12-01,AG,0.019481434479579406
2025-12-01,SN,0.03272893866877757
2025-12-01,AU,0.02865428287731491
2025-12-01,SC,0.03670768813333205
2025-12-01,A,0.06922854088401215
2025-12-01,P,0.029178565231844332
2025-12-01,IF,0.031152351039746434
2025-12-01,IM,0.02703755929091952
2025-12-01,TL,0.15796085643573954
2025-12-01,HC,0.06786978295873411
2025-12-01,UR,-0.016761131718103613
2025-12-01,TA,-0.010529780201058466
2025-12-01,SR,-0.02389028067957635
2025-12-01,I,-0.010946628404807136
2025-12-01,V,-0.01305495426723923
2025-12-01,Y,-0.013400064470732357
2025-12-01,RB,-0.011916723962750257
2025-12-01,J,-0.005086253880289544
2025-12-01,RM,-0.010186908613715667
2025-12-01,TS,-0.38422727380172733
2025-12-02,AG,0.01971684797328994
2025-12-02,SN,0.03256513516318809
2025-12-02,AU,0.027789399723427716
2025-12-02,SC,0.03831869751840698
2025-12-02,A,0.07192391361317373
2025-12-02,IF,0.031122617266006583
2025-12-02,P,0.029352889833629593
2025-12-02,TL,0.17258704963321386
2025-12-02,IH,0.04157808047974966
2025-12-02,RU,0.03504536879591385
2025-12-02,UR,-0.03628138991662751
2025-12-02,SR,-0.051680991434958086
2025-12-02,I,-0.022817764210321445
2025-12-02,TA,-0.022617294967454293
2025-12-02,V,-0.027645604014082992
2025-12-02,Y,-0.026843449589832816
2025-12-02,RB,-0.024525386029614914
2025-12-02,J,-0.010691562390608447
2025-12-02,RM,-0.021271658618389675
2025-12-02,T,-0.2556248988281098
2025-12-03,AG,0.019767302826128045
2025-12-03,AU,0.027705864740294708
2025-12-03,SN,0.03279943537852698
2025-12-03,SC,0.03809445221878048
2025-12-03,IF,0.031172466407847647
2025-12-03,TL,0.1721516201544532
2025-12-03,A,0.07225188259701402
2025-12-03,IH,0.04178736703029176
2025-12-03,P,0.029429245812146388
2025-12-03,RU,0.03484036283451674
2025-12-03,UR,-0.03241728324933853
2025-12-03,I,-0.023519212067766825
2025-12-03,SR,-0.056636301896847485
2025-12-03,V,-0.026847662619528413
2025-12-03,J,-0.010940861696010022
2025-12-03,RB,-0.025791597557302842
2025-12-03,Y,-0.03233580482341078
2025-12-03,TA,-0.022533251542725865
2025-12-03,JD,-0.019996683849313884
2025-12-03,T,-0.2489813406977554
2025-12-04,AG,0.01086837154274398
2025-12-04,AU,0.01530224374711526
2025-12-04,SN,0.018800867261000966
2025-12-04,SC,0.02253497514768441
2025-12-04,IF,0.019594625438284278
2025-12-04,TF,0.27133083278829995
2025-12-04,TL,0.06845455158374214
2025-12-04,A,0.037613775004490944
2025-12-04,P,0.01600623650092903
2025-12-04,RU,0.01949352098570904
2025-12-04,UR,-0.0680565608332187
2025-12-04,I,-0.04397865575733116
2025-12-04,J,-0.02059461550454529
2025-12-04,SR,-0.09454840769575074
2025-12-04,V,-0.0516654447566844
2025-12-04,Y,-0.053325318975661465
2025-12-04,RB,-0.04854313484879009
2025-12-04,M,-0.05412395106759957
2025-12-04,TA,-0.04156579962961955
2025-12-04,IC,-0.023598110930799002
2025-12-05,AG,0.010966647912884722
2025-12-05,SN,0.019169657512913166
2025-12-05,AU,0.01588467683213909
2025-12-05,SC,0.022238833701663775
2025-12-05,A,0.03834122115025964
2025-12-05,IF,0.020481944303777526
2025-12-05,TF,0.251758778962591
2025-12-05,P,0.016438653035876525
2025-12-05,TL,0.06609050811002382
2025-12-05,HC,0.0386290784778707
2025-12-05,UR,-0.06150078864052024
2025-12-05,I,-0.04591255763948456
2025-12-05,J,-0.01983902931526692
2025-12-05,TA,-0.04168290552622559
2025-12-05,Y,-0.06752428915123472
2025-12-05,V,-0.04921965891462579
2025-12-05,RB,-0.050763594258576315
2025-12-05,JD,-0.03780625895408291
2025-12-05,CF,-0.09662199415378735
2025-12-05,IC,-0.029128923446195606
2025-12-08,AG,0.005004702895053922
2025-12-08,SN,0.008679970914193877
2025-12-08,AU,0.0075644234310785295
2025-12-08,A,0.01850550493288247
2025-12-08,SC,0.010206589496439803
2025-12-08,IF,0.008631564826518983
2025-12-08,TF,0.11557041569823073
2025-12-08,P,0.007774550363388506
2025-12-08,TS,0.300597136827169
2025-12-08,HC,0.017465140615044162
2025-12-08,I,-0.038893593879701954
2025-12-08,UR,-0.061166739427097286
2025-12-08,TA,-0.03702372474680937
2025-12-08,J,-0.017923089847985827
2025-12-08,Y,-0.05623310410023899
2025-12-08,SR,-0.08663919811083115
2025-12-08,V,-0.04623444590044985
2025-12-08,CF,-0.08769267635992675
2025-12-08,RB,-0.04292803763251447
2025-12-08,IC,-0.025265389994444307
2025-12-09,AG,0.004897205300642886
2025-12-09,AU,0.0072147857719912075
2025-12-09,SN,0.008376344104696109
2025-12-09,A,0.01790178084953497
2025-12-09,SC,0.008052200205681898
2025-12-09,TF,0.11718463572685128
2025-12-09,IF,0.00807746550971298
2025-12-09,P,0.007583231636771528
2025-12-09,TS,0.31296387198947384
2025-12-09,FU,0.007748478904643296
2025-12-09,J,-0.02056510999660594
2025-12-09,I,-0.04775878127707917
2025-12-09,UR,-0.06196951755573571
2025-12-09,SR,-0.1057142506805249
2025-12-09,SA,-0.0260066644560009
2025-12-09,V,-0.04911633663954456
2025-12-09,JD,-0.03985864450887013
2025-12-09,Y,-0.06878382276142403
2025-12-09,RB,-0.05145106797869302
2025-12-09,IC,-0.028775804145521663
2025-12-10,AG,0.010322566199392072
2025-12-10,AU,0.015691806585220715
2025-12-10,SN,0.017406256076211473
2025-12-10,A,0.03748018668353539
2025-12-10,P,0.018203716992636076
2025-12-10,SC,0.01819519200157935
2025-12-10,TF,0.27048211410954975
2025-12-10,IF,0.020199853414162344
2025-12-10,FU,0.017063372988221866
2025-12-10,TL,0.07495493494949099
2025-12-10,UR,-0.03273271109501609
2025-12-10,J,-0.010185519930058317
2025-12-10,I,-0.021989577434268777
2025-12-10,SR,-0.05329918911065786
2025-12-10,Y,-0.03428759221108584
2025-12-10,V,-0.024066420028242802
2025-12-10,SA,-0.013532493430622758
2025-12-10,JD,-0.020180506905358744
2025-12-10,RB,-0.02454878395483127
2025-12-10,T,-0.2651772058998575
2025-12-11,AG,0.009300443934107642
2025-12-11,AU,0.014737582881966511
2025-12-11,A,0.03851150531180554
2025-12-11,SC,0.016393822420335817
2025-12-11,SN,0.01546601679607542
2025-12-11,TF,0.33329855050112855
2025-12-11,IF,0.017244247372068054
2025-12-11,P,0.017523509503285274
2025-12-11,FU,0.01509355126154525
2025-12-11,IH,0.02243077001768198
2025-12-11,UR,-0.03224981518818331
2025-12-11,I,-0.02085200815855455
2025-12-11,J,-0.010144691596971012
2025-12-11,SA,-0.013568227144666118
2025-12-11,V,-0.02392447891416864
2025-12-11,JD,-0.020180806079318783
2025-12-11,Y,-0.035128804692564713
2025-12-11,RB,-0.02338719548424067
2025-12-11,SR,-0.05417088374472221
2025-12-11,T,-0.26639308899661
2025-12-12,AG,0.009144084254265522
2025-12-12,AU,0.014694685329395295
2025-12-12,SN,0.014859083133262821
2025-12-12,A,0.038287337815619576
2025-12-12,SC,0.016821373342832964
2025-12-12,IF,0.017294327546775463
2025-12-12,TF,0.33328131870047417
2025-12-12,P,0.017597087635056144
2025-12-12,IH,0.022529202503405503
2025-12-12,FU,0.015491499738912545
2025-12-12,UR,-0.03324006487675871
2025-12-12,I,-0.02236990565531568
2025-12-12,Y,-0.03393166529811399
2025-12-12,JD,-0.01955002307218773
2025-12-12,J,-0.010294903381500853
2025-12-12,V,-0.024859868276489526
2025-12-12,SA,-0.01516912279997691
2025-12-12,RB,-0.024672028209981257
2025-12-12,RM,-0.022036169188769588
2025-12-12,T,-0.2938762492409057
2025-12-15,AG,0.009626676735603858
2025-12-15,AU,0.015131651130140951
2025-12-15,A,0.03593438337958311
2025-12-15,SC,0.01859494906111219
2025-12-15,SN,0.015781691398308515
2025-12-15,TF,0.2798239723728693
2025-12-15,IF,0.020949459511841836
2025-12-15,P,0.018254474357858683
2025-12-15,FU,0.018046812880654194
2025-12-15,TL,0.06785592917202733
2025-12-15,J,-0.010596799256432607
2025-12-15,UR,-0.0338544584918199
2025-12-15,Y,-0.03477187699918724
2025-12-15,JD,-0.02061904166749751
2025-12-15,RM,-0.020448977950402156
2025-12-15,I,-0.021349374278409026
2025-12-15,SA,-0.01450177989580073
2025-12-15,V,-0.023305194871127012
2025-12-15,RB,-0.02364564741311547
2025-12-15,T,-0.29690684917620835
2025-12-16,AG,0.004096207041183484
2025-12-16,AU,0.006651778278060924
2025-12-16,SC,0.008170162174192863
2025-12-16,TF,0.12724541550038185
2025-12-16,IF,0.008251066632940878
2025-12-16,A,0.015531114958106171
2025-12-16,SN,0.0062752933215787475
2025-12-16,FU,0.0075004248197145995
2025-12-16,P,0.008311358052775965
2025-12-16,TS,0.30796717922106454
2025-12-16,UR,-0.06364944696250142
2025-12-16,J,-0.022819349620943594
2025-12-16,RM,-0.04449614102877599
2025-12-16,I,-0.04911726199288769
2025-12-16,V,-0.04778708969278343
2025-12-16,JD,-0.038075396958963025
2025-12-16,SA,-0.028890461007737744
2025-12-16,SR,-0.11143950527573324
2025-12-16,RB,-0.05335187864944518
2025-12-16,IM,-0.04037346881022862
2025-12-17,AG,0.008499726935831425
2025-12-17,AU,0.01481217337550563
2025-12-17,SC,0.016012256835583858
2025-12-17,IF,0.015072778012093366
2025-12-17,A,0.033449388631385635
2025-12-17,TF,0.328521697035319
2025-12-17,NI,0.01821242987655084
2025-12-17,FU,0.013915040698256661
2025-12-17,HC,0.03153460561117575
2025-12-17,IH,0.019969902988297848
2025-12-17,RM,-0.04585368037043772
2025-12-17,J,-0.025902932417552375
2025-12-17,UR,-0.0712792804167879
2025-12-17,SA,-0.03464945629209614
2025-12-17,JD,-0.042897941281031124
2025-12-17,V,-0.05460173529517378
2025-12-17,RB,-0.06172257057628587
2025-12-17,M,-0.058742787964898964
2025-12-17,I,-0.05422556350713111
2025-12-17,IM,-0.05012405187860507
2025-12-18,AG,0.008338831289884954
2025-12-18,AU,0.015459174496613022
2025-12-18,SC,0.016519253532626305
2025-12-18,IF,0.01580310490045888
2025-12-18,A,0.03350132188013129
2025-12-18,SN,0.012501518418402528
2025-12-18,HC,0.03250635766516354
2025-12-18,TF,0.3301343843127204
2025-12-18,IH,0.02124273823474297
2025-12-18,FU,0.013993315269256162
2025-12-18,UR,-0.07105428840540222
2025-12-18,SA,-0.034372875784890775
2025-12-18,RM,-0.045173801081925175
2025-12-18,V,-0.05580115545621783
2025-12-18,J,-0.024546422161008257
2025-12-18,JD,-0.04303882962137443
2025-12-18,I,-0.05343743832555391
2025-12-18,M,-0.06021806333854826
2025-12-18,RB,-0.06034415350562132
2025-12-18,IM,-0.05201297231945781
2025-12-19,AG,0.008350148651735917
2025-12-19,AU,0.015458486831417623
2025-12-19,SC,0.016572422780490398
2025-12-19,A,0.033388427377534106
2025-12-19,SN,0.012362388604732554
2025-12-19,IF,0.01572374198620851
2025-12-19,HC,0.03241599453233353
2025-12-19,IH,0.02116198781171203
2025-12-19,TF,0.3305503482724812
2025-12-19,FU,0.014016053151354164
2025-12-19,UR,-0.06890710267441409
2025-12-19,RB,-0.060985027894024955
2025-12-19,V,-0.05554447072332723
2025-12-19,J,-0.024792535456427345
2025-12-19,RM,-0.04655977575110615
2025-12-19,SA,-0.03430716217473855
2025-12-19,M,-0.06027151127191137
2025-12-19,JD,-0.04231580128024443
2025-12-19,I,-0.0543329931290315
2025-12-19,IM,-0.05198361964477443
2025-12-22,AG,0.008181446276605019
2025-12-22,AU,0.014130041976879023
2025-12-22,SN,0.012992917614511582
2025-12-22,A,0.03206256134273624
2025-12-22,SC,0.019546376668595482
2025-12-22,HC,0.034371075699305184
2025-12-22,TL,0.06004939803262472
2025-12-22,IH,0.025479987937685987
2025-12-22,TF,0.2762009436422431
2025-12-22,P,0.016985250808813666
2025-12-22,RB,-0.06089800768599813
2025-12-22,V,-0.055846472807649726
2025-12-22,UR,-0.0688999464954065
2025-12-22,J,-0.02476944955261126
2025-12-22,SA,-0.03448136986678953
2025-12-22,RM,-0.04641177997651962
2025-12-22,JD,-0.04234377662550556
2025-12-22,M,-0.0602702186469498
2025-12-22,I,-0.054315859731761215
2025-12-22,IM,-0.051763118610808664
2025-12-23,AG,0.007974224501409343
2025-12-23,AU,0.013052723058307576
2025-12-23,SN,0.012984878614099795
2025-12-23,A,0.033273373446650246
2025-12-23,SC,0.019849425354935554
2025-12-23,TL,0.05930524038375691
2025-12-23,IH,0.024261044063830377
2025-12-23,P,0.01870232829154498
2025-12-23,TF,0.2744970397500334
2025-12-23,HC,0.03609972253543177
2025-12-23,RB,-0.04959007620096201
2025-12-23,UR,-0.06530344276233892
2025-12-23,V,-0.047366670305129026
2025-12-23,SA,-0.029284397966377634
2025-12-23,RM,-0.04158904373703233
2025-12-23,J,-0.02017606054104914
2025-12-23,Y,-0.09716219494276683
2025-12-23,I,-0.042623630252560926
2025-12-23,M,-0.06148131466893542
2025-12-23,IM,-0.04542316862284778
2025-12-24,AG,0.007186384018299442
2025-12-24,AU,0.013172976748187855
2025-12-24,SN,0.012441167781344839
2025-12-24,SC,0.018667295327288003
2025-12-24,A,0.03484409331343931
2025-12-24,TF,0.3273037357728774
2025-12-24,IH,0.020919558183843567
2025-12-24,IC,0.011780412523611965
2025-12-24,HC,0.03485808708688614
2025-12-24,P,0.01882628924422143
2025-12-24,RB,-0.046466560748950635
2025-12-24,V,-0.04337858487752072
2025-12-24,UR,-0.06281899614571765
2025-12-24,SA,-0.028714865063904704
2025-12-24,Y,-0.0908689112327651
2025-12-24,SR,-0.08269546159838348
2025-12-24,RM,-0.043494330512493115
2025-12-24,J,-0.019775300231948352
2025-12-24,IM,-0.04007076736493102
2025-12-24,I,-0.04171622222338529
2025-12-25,AG,0.007282797279990415
2025-12-25,AU,0.01415633956197545
2025-12-25,SC,0.017571748287802492
2025-12-25,SN,0.012754534080399494
2025-12-25,A,0.03597248484040692
2025-12-25,TF,0.32576978594195577
2025-12-25,IF,0.01509065875706801
2025-12-25,IH,0.02054405185169365
2025-12-25,HC,0.03260621000498772
2025-12-25,TA,0.01825138939372005
2025-12-25,SA,-0.02711585125561711
2025-12-25,RB,-0.048519059667645435
2025-12-25,V,-0.043005173414310933
2025-12-25,J,-0.019036078141263662
2025-12-25,Y,-0.09359082220207798
2025-12-25,SR,-0.0827575387424736
2025-12-25,IM,-0.03998944280201115
2025-12-25,M,-0.07083696331343257
2025-12-25,UR,-0.06074346539630733
2025-12-25,JM,-0.014405605064860242
2025-12-26,AG,0.01865280618556869
2025-12-26,AU,0.03971033865996513
2025-12-26,SN,0.03499639489040221
2025-12-26,SC,0.045041663250308804
2025-12-26,A,0.10075173463616079
2025-12-26,IF,0.03813416916612953
2025-12-26,IC,0.029292151513711333
2025-12-26,IH,0.05228223371101453
2025-12-26,TA,0.046470989077935586
2025-12-26,HC,0.09466751890880337
2025-12-26,RB,-0.053699312146467955
2025-12-26,SA,-0.030256204408162318
2025-12-26,V,-0.04214449803361306
2025-12-26,Y,-0.11484112856021031
2025-12-26,J,-0.02217084912306655
2025-12-26,UR,-0.05847992394711837
2025-12-26,RM,-0.048054274985190715
2025-12-26,JD,-0.03891489581843682
2025-12-26,I,-0.048245970054775954
2025-12-26,IM,-0.04319294292295797
2025-12-29,AG,0.014851143623914584
2025-12-29,AU,0.030511149659132923
2025-12-29,SN,0.027417574541155496
2025-12-29,SC,0.03794294422364754
2025-12-29,A,0.07839268305327796
2025-12-29,TL,0.14009570335844546
2025-12-29,IF,0.03465360927835198
2025-12-29,IC,0.026122572989070916
2025-12-29,HC,0.07582585467273854
2025-12-29,TA,0.03418676460026466
2025-12-29,SA,-0.029274982855966424
2025-12-29,RB,-0.05260247305069691
2025-12-29,Y,-0.09841948922808004
2025-12-29,RM,-0.04107888343184115
2025-12-29,V,-0.04332702678999612
2025-12-29,J,-0.021627551658006765
2025-12-29,IM,-0.043911681871339946
2025-12-29,M,-0.06137042824701858
2025-12-29,I,-0.04432285420386661
2025-12-29,UR,-0.0640646286631875
2025-12-30,AG,0.014449933687814453
2025-12-30,SN,0.025593637508247714
2025-12-30,AU,0.0283553086402787
2025-12-30,SC,0.037058557752781954
2025-12-30,IF,0.032813202701248136
2025-12-30,A,0.07585039812973111
2025-12-30,IH,0.04375676583075239
2025-12-30,TL,0.13267825007574047
2025-12-30,HC,0.07640662442842812
2025-12-30,TA,0.03303732124497699
2025-12-30,Y,-0.09576985517583449
2025-12-30,SA,-0.028468445346085357
2025-12-30,M,-0.06233693474874131
2025-12-30,IM,-0.043824924415120266
2025-12-30,RM,-0.040870338682610946
2025-12-30,UR,-0.06341289810498275
2025-12-30,RB,-0.05390888176808031
2025-12-30,V,-0.0437028381946955
2025-12-30,I,-0.0462577280165622
2025-12-30,J,-0.02144715554728689
2025-12-31,AG,0.01392141332029841
2025-12-31,SN,0.025661567406509
2025-12-31,AU,0.02905520149816654
2025-12-31,SC,0.033732473299236
2025-12-31,IH,0.04454875492167843
2025-12-31,TL,0.13908183796334203
2025-12-31,A,0.07538783943371304
2025-12-31,IF,0.033741478105776566
2025-12-31,HC,0.07609915095820385
2025-12-31,FU,0.028770283093076197
2025-12-31,SA,-0.028648792701058138
2025-12-31,M,-0.061129370744881686
2025-12-31,Y,-0.09604500243522149
2025-12-31,UR,-0.06430714162864763
2025-12-31,J,-0.021358485362470866
2025-12-31,IM,-0.04390741018875922
2025-12-31,RM,-0.04017152874367136
2025-12-31,RB,-0.05373373256072242
2025-12-31,V,-0.0440505266266623
2025-12-31,I,-0.04664800900790486
2026-01-05,AG,0.013397682501675034
2026-01-05,SN,0.024697031563487164
2026-01-05,AU,0.028935687971017383
2026-01-05,SC,0.03495574122177885
2026-01-05,IH,0.041997998965077915
2026-01-05,HC,0.0782503890386007
2026-01-05,A,0.0756433453771631
2026-01-05,TL,0.14031293933146344
2026-01-05,IF,0.03277984247055001
2026-01-05,FU,0.029029341559186336
2026-01-05,SA,-0.028717590711344138
2026-01-05,M,-0.061247938047638575
2026-01-05,RM,-0.040280482732126796
2026-01-05,Y,-0.09630618162371846
2026-01-05,J,-0.0214224579861728
2026-01-05,RB,-0.05395711863249361
2026-01-05,V,-0.04420831945197136
2026-01-05,UR,-0.06401341585740795
2026-01-05,IM,-0.04325866168104919
2026-01-05,I,-0.04658783327607715
2026-01-06,AG,0.018766728680410058
2026-01-06,SN,0.036847804126394795
2026-01-06,AU,0.047673768500283174
2026-01-06,SC,0.05343385262302709
2026-01-06,IH,0.05534383318669631
2026-01-06,IF,0.04496623911360726
2026-01-06,A,0.1150457552981866
2026-01-06,IC,0.03397222617421258
2026-01-06,FU,0.04206590891672353
2026-01-06,MA,0.05188388338045854
2026-01-06,RM,-0.02150774641209206
2026-01-06,SA,-0.013941403390259807
2026-01-06,RB,-0.025123561420389875
2026-01-06,Y,-0.03980473047427573
2026-01-06,CF,-0.039901944184761735
2026-01-06,UR,-0.03468088473745949
2026-01-06,I,-0.021515824544646952
2026-01-06,JM,-0.007697021068276418
2026-01-06,T,-0.2775134586003743
2026-01-06,IM,-0.018313425167463617
2026-01-07,AG,0.01699619179857873
2026-01-07,SN,0.029035592430897015
2026-01-07,AU,0.03852603534923312
2026-01-07,SC,0.052845339489026304
2026-01-07,A,0.09067179756582545
2026-01-07,P,0.05399980525057633
2026-01-07,IH,0.049953923606811834
2026-01-07,IC,0.029779441794594925
2026-01-07,IF,0.03953261520772017
2026-01-07,HC,0.09865925750673603
2026-01-07,UR,-0.02597411116478376
2026-01-07,RM,-0.01570937243833568
2026-01-07,SA,-0.007726512337835445
2026-01-07,Y,-0.02914513277815077
2026-01-07,RB,-0.015370750461293155
2026-01-07,CF,-0.027488007997921105
2026-01-07,I,-0.012758160810884293
2026-01-07,T,-0.15280941059861058
2026-01-07,TF,-0.2071431670545391
2026-01-07,J,-0.005875374357646149
2026-01-08,AG,0.01435515595203541
2026-01-08,SN,0.029128231648867138
2026-01-08,AU,0.042077736667309656
2026-01-08,SC,0.04406806946951634
2026-01-08,A,0.08422681436232496
2026-01-08,IH,0.04850823847442241
2026-01-08,MA,0.039340781569706204
2026-01-08,P,0.06254215580077988
2026-01-08,HC,0.09675268545424415
2026-01-08,IF,0.03900013060079384
2026-01-08,UR,-0.022389267741599585
2026-01-08,RM,-0.014252503473392273
2026-01-08,SA,-0.007830169397585907
2026-01-08,Y,-0.030702033042658918
2026-01-08,CF,-0.022818592050812676
2026-01-08,T,-0.15518897238166818
2026-01-08,TF,-0.2051890106925191
2026-01-08,RB,-0.016314398092398555
2026-01-08,I,-0.012073174140707167
2026-01-08,IM,-0.01324187898665759
2026-01-09,AG,0.01413799341052366
2026-01-09,SN,0.028398854035056553
2026-01-09,AU,0.04235641654007489
2026-01-09,SC,0.041507353621667846
2026-01-09,A,0.08635027047307614
2026-01-09,IH,0.05043675443565142
2026-01-09,P,0.06275887420967222
2026-01-09,MA,0.036164804922765324
2026-01-09,HC,0.09746555393252522
2026-01-09,IF,0.040423124418986794
2026-01-09,UR,-0.013608806736884707
2026-01-09,RM,-0.009342656575179078
2026-01-09,TF,-0.10348734464355189
2026-01-09,SA,-0.004778284468309918
2026-01-09,Y,-0.021050999658088595
2026-01-09,T,-0.07883515905435563
2026-01-09,JD,-0.008772810465192371
2026-01-09,RB,-0.009743828511801866
2026-01-09,TS,-0.2429774949098811
2026-01-09,I,-0.0074026149767548515
2026-01-12,AG,0.016912207515237473
2026-01-12,SN,0.03345806837284536
2026-01-12,NI,0.027244385577857903
2026-01-12,SC,0.05070640218134962
2026-01-12,A,0.10999502559574038
2026-01-12,P,0.07956314261674871
2026-01-12,IC,0.03296465552852475
2026-01-12,MA,0.04496131315529629
2026-01-12,IH,0.06541950212745462
2026-01-12,IM,0.03877529732894495
2026-01-12,RM,-0.008930646596423241
2026-01-12,TF,-0.10282112380139952
2026-01-12,Y,-0.0191905228370002
2026-01-12,UR,-0.01432396019945527
2026-01-12,T,-0.07828249129463169
2026-01-12,RB,-0.009001113031361956
2026-01-12,TS,-0.24249326822763229
2026-01-12,CF,-0.013494968947763449
2026-01-12,I,-0.0069704244951333885
2026-01-12,SA,-0.004491480569198951
2026-01-13,AG,0.01764887525737041
2026-01-13,SN,0.035611542837957505
2026-01-13,NI,0.026512538803545746
2026-01-13,SC,0.05172301635575469
2026-01-13,P,0.07977756085129231
2026-01-13,A,0.10374683610344726
2026-01-13,IC,0.035716244728534394
2026-01-13,LH,0.060822421715843164
2026-01-13,IM,0.041358364819343484
2026-01-13,MA,0.047082598526911
2026-01-13,RM,-0.00930906531381643
2026-01-13,TF,-0.10154918408414276
2026-01-13,UR,-0.014725610248501638
2026-01-13,Y,-0.019495111022510527
2026-01-13,RB,-0.009132732704941054
2026-01-13,T,-0.07783663233056852
2026-01-13,CF,-0.013898829028204792
2026-01-13,TS,-0.24204928478638008
2026-01-13,I,-0.00755841618744678
2026-01-13,SA,-0.004445134293487385
2026-01-14,AG,0.01589567580248458
2026-01-14,SN,0.028304922234878793
2026-01-14,NI,0.025420028837901308
2026-01-14,P,0.07642615032758736
2026-01-14,SC,0.04975018328460859
2026-01-14,A,0.10541459889324278
2026-01-14,IH,0.0627685834569457
2026-01-14,IF,0.04844968169188616
2026-01-14,LH,0.05456074720639029
2026-01-14,IC,0.03300942826407441
2026-01-14,RB,-0.010605723720489724
2026-01-14,RM,-0.010450186747966127
2026-01-14,TF,-0.10135908517888674
2026-01-14,CF,-0.01516712392919689
2026-01-14,SR,-0.01668645392293951
2026-01-14,UR,-0.013750648866958289
2026-01-14,T,-0.07602921875455763
2026-01-14,RU,-0.007845529690886113
2026-01-14,I,-0.00851260202862806
2026-01-14,TS,-0.239593427159491
2026-01-15,AG,0.015878514722172752
2026-01-15,SN,0.02879497642299005
2026-01-15,NI,0.025214532128016585
2026-01-15,P,0.07720052765650308
2026-01-15,IF,0.050437001949534356
2026-01-15,SC,0.04993915784428321
2026-01-15,IH,0.06399211206498037
2026-01-15,A,0.10872131276866549
2026-01-15,IC,0.034175935137318085
2026-01-15,MA,0.045645929305535966
2026-01-15,RM,-0.009475933005980089
2026-01-15,RB,-0.009325852726180486
2026-01-15,Y,-0.018839148291111402
2026-01-15,TF,-0.10217949502331
2026-01-15,UR,-0.013233995646448863
2026-01-15,CF,-0.013414994460007039
2026-01-15,SA,-0.0043314681166811905
2026-01-15,T,-0.07713738277250592
2026-01-15,I,-0.00748970837458266
2026-01-15,TS,-0.24457202158319236
2026-01-16,AG,0.013642444756170593
2026-01-16,SN,0.024437295498667758
2026-01-16,AU,0.04249892469767842
2026-01-16,P,0.07123795133237926
2026-01-16,IH,0.06081929967790172
2026-01-16,SC,0.04768129675198947
2026-01-16,IF,0.04948939220891746
2026-01-16,IC,0.03378092348779219
2026-01-16,A,0.11133924780576282
2026-01-16,MA,0.04507322378274038
2026-01-16,Y,-0.03511532754208762
2026-01-16,RM,-0.018425492111867316
2026-01-16,RB,-0.016741902580612582
2026-01-16,UR,-0.023314936992662388
2026-01-16,CF,-0.024982991777665452
2026-01-16,I,-0.013781409728781217
2026-01-16,SA,-0.008017828250033542
2026-01-16,RU,-0.014657707931095157
2026-01-16,HC,-0.019315093798509885
2026-01-16,TF,-0.32564730928668484
2026-01-19,AG,0.013269038388013419
2026-01-19,SN,0.023142416673833488
2026-01-19,AU,0.04132703704662739
2026-01-19,P,0.07000299669039332
2026-01-19,IF,0.04829507303766676
2026-01-19,SC,0.04617334797714734
2026-01-19,IH,0.05907536622208172
2026-01-19,IC,0.03316392397680077
2026-01-19,A,0.10719774765333816
2026-01-19,V,0.05835305233409761
2026-01-19,Y,-0.019322832554042747
2026-01-19,RM,-0.009860215397066207
2026-01-19,RB,-0.008927054888085244
2026-01-19,UR,-0.01212572925928638
2026-01-19,HC,-0.01047781421221092
2026-01-19,CF,-0.013678971538989872
2026-01-19,SA,-0.004428719487087527
2026-01-19,I,-0.007035981853218587
2026-01-19,RU,-0.007969698967778075
2026-01-19,TS,-0.4061729818422344
2026-01-20,AG,0.013194561931667936
2026-01-20,SN,0.02281194725207863
2026-01-20,AU,0.04228029378750298
2026-01-20,P,0.0685552047769955
2026-01-20,SC,0.04631394998328213
2026-01-20,IF,0.04937914440859039
2026-01-20,IH,0.06001824699271482
2026-01-20,IC,0.03370598688435722
2026-01-20,A,0.10561118785082121
2026-01-20,V,0.05812947613198918
2026-01-20,Y,-0.016230609400891688
2026-01-20,RM,-0.009648418999005117
2026-01-20,RB,-0.008948689410387433
2026-01-20,UR,-0.01231674268881675
2026-01-20,I,-0.007018352612257632
2026-01-20,HC,-0.010480445567535381
2026-01-20,OI,-0.010616458508505431
2026-01-20,SA,-0.004550845390885866
2026-01-20,RU,-0.008124191017526977
2026-01-20,TS,-0.41206524640418773
2026-01-21,AG,0.01480452587392569
2026-01-21,SN,0.02361337695227267
2026-01-21,AU,0.047158262372939665
2026-01-21,P,0.07214307018752313
2026-01-21,SC,0.04695866884780532
2026-01-21,IF,0.052705512155891865
2026-01-21,IH,0.0653196655850502
2026-01-21,IC,0.03473896013010541
2026-01-21,A,0.11409063745975219
2026-01-21,JM,0.028467320434733805
2026-01-21,Y,-0.0302318766156358
2026-01-21,RM,-0.0182258434913354
2026-01-21,UR,-0.023246885316481048
2026-01-21,RB,-0.01717540981648738
2026-01-21,HC,-0.020043227098140975
2026-01-21,I,-0.013190810659270684
2026-01-21,OI,-0.020175080849040353
2026-01-21,SA,-0.008763016405529794
2026-01-21,RU,-0.015270513907103213
2026-01-21,TF,-0.33367733584097536
2026-01-22,AG,0.014708348046897983
2026-01-22,SN,0.02327947846385119
2026-01-22,NI,0.021818649852194148
2026-01-22,P,0.07310278270055516
2026-01-22,SC,0.04794737541298754
2026-01-22,IF,0.05211813828301951
2026-01-22,A,0.10453961650982085
2026-01-22,IM,0.04053483950268676
2026-01-22,IH,0.06548470366682203
2026-01-22,V,0.056466067561164755
2026-01-22,Y,-0.016213990258659456
2026-01-22,RB,-0.009717027431365278
2026-01-22,RM,-0.009840414966655246
2026-01-22,HC,-0.011330222100616962
2026-01-22,UR,-0.01329143106349923
2026-01-22,I,-0.007519945618348162
2026-01-22,TA,-0.007480051722178796
2026-01-22,OI,-0.010560727859617949
2026-01-22,TS,-0.40563011632609014
2026-01-22,RU,-0.008416072652968773
2026-01-23,AG,0.014103838705076043
2026-01-23,SN,0.022186658902583117
2026-01-23,NI,0.02203385716729561
2026-01-23,P,0.07211690007453285
2026-01-23,IF,0.05121276029892293
2026-01-23,SC,0.049473443537163826
2026-01-23,A,0.1031054019554252
2026-01-23,IM,0.03855942398344501
2026-01-23,IH,0.06639167528462471
2026-01-23,LH,0.060816040090930674
2026-01-23,RB,-0.009484137043543384
2026-01-23,HC,-0.010992201950436006
2026-01-23,Y,-0.01882117023085893
2026-01-23,I,-0.007341691507322521
2026-01-23,UR,-0.012846475704529894
2026-01-23,RM,-0.010042940504136073
2026-01-23,TA,-0.006778177781958506
2026-01-23,CF,-0.01359001982840471
2026-01-23,TS,-0.40235594716564665
2026-01-23,RU,-0.00774723828316331
2026-01-26,AG,0.014710600203623844
2026-01-26,SN,0.023951214041619703
2026-01-26,P,0.07608240553916291
2026-01-26,NI,0.023678211369996125
2026-01-26,A,0.10727327466422559
2026-01-26,IF,0.057914934486905906
2026-01-26,IM,0.04086306428988489
2026-01-26,IC,0.035499685269458646
2026-01-26,SC,0.05213823280852854
2026-01-26,LH,0.06788837732659389
2026-01-26,RB,-0.009780525681870263
2026-01-26,HC,-0.011215858113544813
2026-01-26,RM,-0.010059198541903918
2026-01-26,I,-0.007572081635813803
2026-01-26,Y,-0.017730881838700596
2026-01-26,TS,-0.283791726875951
2026-01-26,TA,-0.006835451105379807
2026-01-26,SR,-0.016099682983905936
2026-01-26,UR,-0.01198332442100211
2026-01-26,TF,-0.12493126880192776
2026-01-27,AG,0.014929048202637072
2026-01-27,SN,0.023795188684467977
2026-01-27,NI,0.023903493142194542
2026-01-27,P,0.07784952586759825
2026-01-27,IM,0.040331513822111885
2026-01-27,A,0.1038391782823513
2026-01-27,IF,0.0576010970400557
2026-01-27,IC,0.035347823370391836
2026-01-27,SC,0.05268337227186647
2026-01-27,LH,0.06971975931632496
2026-01-27,HC,-0.010511009451417551
2026-01-27,RB,-0.00894362052542416
2026-01-27,TS,-0.28987119746239504
2026-01-27,I,-0.007340524677528404
2026-01-27,UR,-0.011029223938243592
2026-01-27,TF,-0.12370673793982194
2026-01-27,Y,-0.01615131395833738
2026-01-27,RM,-0.010563282431398601
2026-01-27,SR,-0.015887297403129323
2026-01-27,TA,-0.005995792212304065
2026-01-28,AG,0.015704332194268054
2026-01-28,SN,0.025739560146258944
2026-01-28,NI,0.026546428795874842
2026-01-28,P,0.08214112377833953
2026-01-28,IM,0.0452935193637674
2026-01-28,IC,0.03941969945329694
2026-01-28,IF,0.0656618483880819
2026-01-28,SC,0.048358026005727674
2026-01-28,A,0.11395949281487958
2026-01-28,FU,0.037175969059505105
2026-01-28,HC,-0.010120077371248466
2026-01-28,RB,-0.008485518323399869
2026-01-28,TS,-0.3065767644297063
2026-01-28,UR,-0.009992877609933467
2026-01-28,I,-0.0069737631072992615
2026-01-28,SR,-0.014159496223145428
2026-01-28,TF,-0.11622038818282399
2026-01-28,RM,-0.009006568750991279
2026-01-28,Y,-0.013313636184107
2026-01-28,TA,-0.005150909817344956
2026-01-29,AG,0.015601097673502297
2026-01-29,SN,0.02645734396963262
2026-01-29,P,0.08169896321669826
2026-01-29,NI,0.026526091389845848
2026-01-29,IM,0.047578420368381585
2026-01-29,IC,0.04198470483097527
2026-01-29,IF,0.06547965299132517
2026-01-29,A,0.11057176813708033
2026-01-29,SC,0.047132326863531034
2026-01-29,FU,0.03696963055902768
2026-01-29,HC,-0.010050034687927915
2026-01-29,RB,-0.008410111655829068
2026-01-29,UR,-0.010066065532642934
2026-01-29,TS,-0.2716785588732039
2026-01-29,I,-0.0063769062799740135
2026-01-29,TF,-0.09303746096703057
2026-01-29,RM,-0.00890916668007386
2026-01-29,T,-0.06558298517049516
2026-01-29,SR,-0.012767674215703843
2026-01-29,Y,-0.013121035937118684
2026-01-30,AG,0.013889373902743347
2026-01-30,P,0.07695951689616204
2026-01-30,SN,0.022302259211344596
2026-01-30,NI,0.02329398118022403
2026-01-30,A,0.09679423626203197
2026-01-30,IM,0.04405340676431336
2026-01-30,SC,0.05165680166407445
2026-01-30,IF,0.061412245381284425
2026-01-30,IC,0.03891720596741191
2026-01-30,JD,0.07072097277040988
2026-01-30,HC,-0.011413244655738895
2026-01-30,RB,-0.009386270367504947
2026-01-30,TS,-0.27064681786969275
2026-01-30,TF,-0.09455414990345708
2026-01-30,T,-0.06804842392586849
2026-01-30,SR,-0.013102330988257728
2026-01-30,UR,-0.010420246145683067
2026-01-30,RM,-0.008218218043763782
2026-01-30,TA,-0.00508615689841953
2026-01-30,CF,-0.009124141201613858
2026-02-02,AG,0.012903603301294343
2026-02-02,AU,0.022386539556960128
2026-02-02,P,0.06965258928751786
2026-02-02,SN,0.023637886206441115
2026-02-02,A,0.11674481088407482
2026-02-02,IM,0.040333163508892725
2026-02-02,SC,0.044313493636397326
2026-02-02,IF,0.05815186642549219
2026-02-02,IC,0.035057505437848475
2026-02-02,JD,0.07681854175508106
2026-02-02,RB,-0.008865146303941576
2026-02-02,HC,-0.010733247761640264
2026-02-02,UR,-0.010322293309057939
2026-02-02,RM,-0.008376980520501894
2026-02-02,CF,-0.008853097633720539
2026-02-02,TA,-0.0044975803890407616
2026-02-02,Y,-0.010393491552461455
2026-02-02,TS,-0.27457173231357257
2026-02-02,T,-0.06849024068382671
2026-02-02,TF,-0.09489618953223629
2026-02-03,AU,0.021141876726811493
2026-02-03,P,0.0693365708331331
2026-02-03,AG,0.013475850271235861
2026-02-03,SN,0.024014538147766995
2026-02-03,A,0.11885393667326524
2026-02-03,IM,0.039456989365263186
2026-02-03,SC,0.04455368645434725
2026-02-03,IC,0.03430789695203788
2026-02-03,IF,0.05764508046032622
2026-02-03,JD,0.07721357411581273
2026-02-03,UR,-0.00955953500683259
2026-02-03,HC,-0.010590258911977119
2026-02-03,RB,-0.008729129347582397
2026-02-03,TS,-0.27696929775823476
2026-02-03,RM,-0.008817831631580208
2026-02-03,Y,-0.010800845530423792
2026-02-03,TF,-0.09241787636982089
2026-02-03,T,-0.06410438258714694
2026-02-03,SR,-0.012056756269542564
2026-02-03,V,-0.005954086586858689
2026-02-04,AU,0.020323996577588828
2026-02-04,P,0.06788980272714086
2026-02-04,AG,0.012806011876573103
2026-02-04,SN,0.023397490635784467
2026-02-04,A,0.12343654512264735
2026-02-04,IM,0.03921681162795305
2026-02-04,IC,0.03400815046805054
2026-02-04,SC,0.042407253377607965
2026-02-04,IF,0.056448040241705744
2026-02-04,JD,0.08006589734494811
2026-02-04,HC,-0.010614247025810358
2026-02-04,RB,-0.008773302361085294
2026-02-04,UR,-0.009594801893461522
2026-02-04,TS,-0.27807369143036914
2026-02-04,SR,-0.012063072926536498
2026-02-04,RM,-0.008458184632832473
2026-02-04,TF,-0.09303798619653268
2026-02-04,CF,-0.009215084574939605
2026-02-04,T,-0.06468186266458437
2026-02-04,V,-0.0054877662938479874
2026-02-05,AU,0.019926375515167592
2026-02-05,AG,0.011552902919497478
2026-02-05,SN,0.021600835011078633
2026-02-05,P,0.06817311951235144
2026-02-05,A,0.12773805962643928
2026-02-05,IM,0.03855674162883369
2026-02-05,SC,0.04333069805755209
2026-02-05,IC,0.03358451936281456
2026-02-05,IF,0.05880042020020356
2026-02-05,JD,0.07673632816606164
2026-02-05,HC,-0.010391316725970282
2026-02-05,RB,-0.008513513123944124
2026-02-05,UR,-0.00906170981375407
2026-02-05,TS,-0.28340852625236235
2026-02-05,MA,-0.005006283444511868
2026-02-05,RM,-0.007683370119684343
2026-02-05,CF,-0.00852125425986785
2026-02-05,Y,-0.00954397936630586
2026-02-05,TF,-0.09254391974617227
2026-02-05,T,-0.06532612714742696
2026-02-06,AU,0.019736290125867174
2026-02-06,AG,0.011298169439608704
2026-02-06,P,0.06846625205117729
2026-02-06,SN,0.021367942433013317
2026-02-06,A,0.12857186124780956
2026-02-06,SC,0.04330680621950435
2026-02-06,IM,0.03826100150357864
2026-02-06,IC,0.033572916504896536
2026-02-06,IF,0.05842505768770236
2026-02-06,JD,0.0769937027868421
2026-02-06,RB,-0.006702307697681747
2026-02-06,HC,-0.00826426857620043
2026-02-06,MA,-0.004231759701856029
2026-02-06,RM,-0.006135140539244354
2026-02-06,Y,-0.008897088219061227
2026-02-06,UR,-0.007470472594975188
2026-02-06,CF,-0.007379514180773339
2026-02-06,TS,-0.44063961885940917
2026-02-06,V,-0.004788561361966366
2026-02-06,I,-0.005491268268832178
2026-02-09,AU,0.01961923367669382
2026-02-09,AG,0.010936483002873563
2026-02-09,P,0.06986132842014546
2026-02-09,SN,0.0203771764671889
2026-02-09,A,0.12941240186018688
2026-02-09,SC,0.045037025008322136
2026-02-09,IM,0.037186208956954465
2026-02-09,IF,0.05680036713397181
2026-02-09,IC,0.0333107629799782
2026-02-09,JD,0.07745901249368478
2026-02-09,HC,-0.008408140882696313
2026-02-09,RB,-0.0068182540862050155
2026-02-09,MA,-0.004297162007129555
2026-02-09,RM,-0.006198504383819102
2026-02-09,Y,-0.009014602860240964
2026-02-09,V,-0.004842678939122387
2026-02-09,CF,-0.007482272309707421
2026-02-09,TS,-0.4398779043495232
2026-02-09,UR,-0.0075034928972159175
2026-02-09,I,-0.005556987284340218
2026-02-10,AU,0.02117267806482443
2026-02-10,AG,0.012519977701312773
2026-02-10,P,0.07775054108724067
2026-02-10,SN,0.02333303633187067
2026-02-10,A,0.1374287442343293
2026-02-10,SC,0.04475011209113034
2026-02-10,IF,0.06389378603728477
2026-02-10,IM,0.04353384261105522
2026-02-10,IC,0.03827966845665166
2026-02-10,FU,0.03733761338430014
2026-02-10,HC,-0.008327789848702114
2026-02-10,RB,-0.0068370507484461635
2026-02-10,MA,-0.004317144232197284
2026-02-10,Y,-0.008833762328163798
2026-02-10,V,-0.004854167978505045
2026-02-10,TS,-0.43986772040789157
2026-02-10,CF,-0.0074485864524120125
2026-02-10,RM,-0.006276732521532575
2026-02-10,UR,-0.007725541425277498
2026-02-10,I,-0.005511504056871958
2026-02-11,AG,0.01023997463847561
2026-02-11,AU,0.01888477782000183
2026-02-11,SN,0.018915184051464744
2026-02-11,P,0.06591790019743234
2026-02-11,SC,0.042142160091557614
2026-02-11,A,0.1166257889332948
2026-02-11,IM,0.0350942678190892
2026-02-11,IC,0.030903833371306144
2026-02-11,IF,0.05192081794533117
2026-02-11,LH,0.10935529513204649
2026-02-11,HC,-0.008933954773823204
2026-02-11,RB,-0.007300456446627466
2026-02-11,TS,-0.4328618947084877
2026-02-11,CF,-0.007937262905330356
2026-02-11,Y,-0.009249228307069896
2026-02-11,V,-0.005053617154879121
2026-02-11,MA,-0.004547127554908324
2026-02-11,UR,-0.007929810834316552
2026-02-11,SR,-0.010210246843830383
2026-02-11,I,-0.005976400470727036
2026-02-12,AG,0.012622967155870288
2026-02-12,AU,0.02130578642657374
2026-02-12,SN,0.023480584045752678
2026-02-12,SC,0.045709911990014715
2026-02-12,P,0.07897590452471837
2026-02-12,A,0.13387558070703778
2026-02-12,IC,0.038267577202344055
2026-02-12,FU,0.03777119966006747
2026-02-12,IM,0.04357780398075107
2026-02-12,IF,0.06441268430686987
2026-02-12,HC,-0.009930255038438706
2026-02-12,TS,-0.3305223212416356
2026-02-12,RB,-0.008219017266362066
2026-02-12,UR,-0.008434107685130778
2026-02-12,V,-0.005044584785896969
2026-02-12,MA,-0.0047900472911560745
2026-02-12,Y,-0.009266124498464997
2026-02-12,CF,-0.007903414339174061
2026-02-12,M,-0.009410980745860041
2026-02-12,TF,-0.1064791471078807
2026-02-13,AG,0.011011168068187686
2026-02-13,AU,0.020274826518917256
2026-02-13,SN,0.019778778005254048
2026-02-13,SC,0.038072589829442206
2026-02-13,P,0.06944632419815765
2026-02-13,A,0.12053424939868206
2026-02-13,IC,0.03418949657572427
2026-02-13,FU,0.03163793315682261
2026-02-13,IM,0.039264664939242876
2026-02-13,LH,0.11578996930956931
2026-02-13,HC,-0.00883033099739242
2026-02-13,RB,-0.007289037845477866
2026-02-13,TS,-0.43820974464325135
2026-02-13,Y,-0.008396399185875647
2026-02-13,UR,-0.008166320370907422
2026-02-13,V,-0.00505234821231906
2026-02-13,MA,-0.004405188869793285
2026-02-13,OI,-0.006012535301206581
2026-02-13,CF,-0.007968990397617394
2026-02-13,I,-0.005669104176158952
2026-02-24,AG,0.009763432666996858
2026-02-24,AU,0.01828570866175985
2026-02-24,SN,0.017310808856661777
2026-02-24,SC,0.032666088320935094
2026-02-24,IC,0.032985569560426635
2026-02-24,P,0.06960168347523535
2026-02-24,A,0.12781329798165286
2026-02-24,FU,0.028871971268163817
2026-02-24,IM,0.03792126354313555
2026-02-24,LH,0.1247801756650322
2026-02-24,HC,-0.011646651875563054
2026-02-24,RB,-0.009687019280390506
2026-02-24,TS,-0.32909919357186607
2026-02-24,Y,-0.008655711843516947
2026-02-24,UR,-0.008488478655895432
2026-02-24,OI,-0.0057909630916825605
2026-02-24,TF,-0.10997314914703839
2026-02-24,MA,-0.004375070763914635
2026-02-24,V,-0.0052646601960606235
2026-02-24,CF,-0.007019101574071817
2026-02-25,AU,0.019825586684211305
2026-02-25,AG,0.011278323362167459
2026-02-25,SC,0.03704609151531732
2026-02-25,SN,0.0190291809988975
2026-02-25,IC,0.0378766504488693
2026-02-25,P,0.07852973069001502
2026-02-25,IM,0.04326427037625554
2026-02-25,A,0.1510290904320384
2026-02-25,FU,0.03484566919187283
2026-02-25,IH,0.06727540630035532
2026-02-25,HC,-0.008657578881964837
2026-02-25,RB,-0.007241376287056125
2026-02-25,TS,-0.44153347993029535
2026-02-25,M,-0.008097660133624745
2026-02-25,I,-0.005396623757539315
2026-02-25,Y,-0.00737957177773987
2026-02-25,V,-0.004835109625814248
2026-02-25,UR,-0.007415859004358519
2026-02-25,MA,-0.004245778555976347
2026-02-25,OI,-0.005196962045630626
2026-02-26,AU,0.019853028522123135
2026-02-26,AG,0.011264921208024652
2026-02-26,SC,0.036991244994317
2026-02-26,SN,0.019073885207325454
2026-02-26,P,0.07760918885420372
2026-02-26,IC,0.037893056608602926
2026-02-26,A,0.1518748570830078
2026-02-26,IM,0.04343725453752947
2026-02-26,FU,0.035173101205740194
2026-02-26,IH,0.0668294617791257
2026-02-26,HC,-0.008195523922571578
2026-02-26,RB,-0.006981825533175501
2026-02-26,TS,-0.44470924531313055
2026-02-26,I,-0.005220031425556472
2026-02-26,M,-0.007895681953004014
2026-02-26,OI,-0.005478185524555987
2026-02-26,MA,-0.004315294152037574
2026-02-26,V,-0.00448969237781816
2026-02-26,RM,-0.005294379332936737
2026-02-26,UR,-0.007420140465213442
2026-02-27,AU,0.019917831114860313
2026-02-27,AG,0.011289357555837322
2026-02-27,SC,0.036998275809080744
2026-02-27,SN,0.018429512015623015
2026-02-27,IC,0.037895366163526095
2026-02-27,P,0.07786938625892924
2026-02-27,IM,0.043527213377771726
2026-02-27,IH,0.06663959965508501
2026-02-27,FU,0.03561595111241253
2026-02-27,A,0.15181750693687404
2026-02-27,HC,-0.0077615122556526465
2026-02-27,RB,-0.006624908104414466
2026-02-27,I,-0.005109954178009126
2026-02-27,M,-0.007633639215333623
2026-02-27,TS,-0.44600865811329987
2026-02-27,SA,-0.002974844909433687
2026-02-27,UR,-0.00785071366646198
2026-02-27,RM,-0.005340867815109445
2026-02-27,OI,-0.006039085734336618
2026-02-27,V,-0.004655816007948522
2026-03-02,AU,0.019661484055446075
2026-03-02,AG,0.011255551388940934
2026-03-02,SC,0.033779685286661934
2026-03-02,SN,0.018821447658516736
2026-03-02,IC,0.03852021580478491
2026-03-02,P,0.07679077138520785
2026-03-02,A,0.1554059719364276
2026-03-02,IM,0.04481206204483938
2026-03-02,FU,0.03289583881951709
2026-03-02,IH,0.06805697161965743
2026-03-02,HC,-0.008290705297300008
2026-03-02,RB,-0.007185024337672839
2026-03-02,TS,-0.44715770986956666
2026-03-02,I,-0.00552210198143649
2026-03-02,V,-0.004321316566613322
2026-03-02,Y,-0.007713283174531444
2026-03-02,M,-0.008514911534634685
2026-03-02,MA,-0.0034026398903287906
2026-03-02,OI,-0.004868827846430965
2026-03-02,SA,-0.0030234795014847824
2026-03-03,AU,0.01924598521099845
2026-03-03,AG,0.00991712608048639
2026-03-03,SC,0.03365628359506245
2026-03-03,SN,0.01562534637619007
2026-03-03,P,0.07124526685271851
2026-03-03,FU,0.031042791175164154
2026-03-03,A,0.12762739952325008
2026-03-03,IC,0.033017145646581626
2026-03-03,IM,0.0385619516668914
2026-03-03,LH,0.12006070387265695
2026-03-03,HC,-0.010214356997987527
2026-03-03,RB,-0.008867367928720003
2026-03-03,TS,-0.32601786566769225
2026-03-03,OI,-0.005570627857452993
2026-03-03,Y,-0.00881414017013481
2026-03-03,V,-0.0048757800025866814
2026-03-03,TF,-0.11768425203125536
2026-03-03,CF,-0.0077829901304003616
2026-03-03,I,-0.006728017821725063
2026-03-03,TA,-0.0034446013920449168
2026-03-04,AG,0.010397953823492389
2026-03-04,AU,0.021167131988640467
2026-03-04,SC,0.028817563175151783
2026-03-04,P,0.07579268588351701
2026-03-04,A,0.12195886621917514
2026-03-04,SN,0.015841897327442133
2026-03-04,FU,0.027327143140525652
2026-03-04,IC,0.03470046193650883
2026-03-04,LH,0.12333616849376441
2026-03-04,IM,0.04066012801178214
2026-03-04,HC,-0.00967990562149636
2026-03-04,RB,-0.0084941602101012
2026-03-04,Y,-0.008945751342481528
2026-03-04,TS,-0.3277574413972158
2026-03-04,OI,-0.0054420564978085164
2026-03-04,V,-0.0048550767547089905
2026-03-04,TF,-0.11782881898459222
2026-03-04,TA,-0.0035923536751971915
2026-03-04,RM,-0.006860465872544297
2026-03-04,I,-0.006543969643853907
2026-03-05,AG,0.010323591046480401
2026-03-05,AU,0.021001643031633686
2026-03-05,SC,0.028486292957991398
2026-03-05,FU,0.02699567590088864
2026-03-05,IC,0.03421305448764406
2026-03-05,P,0.07631711854160185
2026-03-05,A,0.1225537040228169
2026-03-05,SN,0.015527542364615038
2026-03-05,IM,0.040212605693056215
2026-03-05,LH,0.12436877195327181
2026-03-05,HC,-0.008979975116369185
2026-03-05,RB,-0.007877797651978324
2026-03-05,TS,-0.3201673223719961
2026-03-05,V,-0.004637745257984827
2026-03-05,I,-0.006284504590612506
2026-03-05,RM,-0.006248781984764757
2026-03-05,OI,-0.005249786900097699
2026-03-05,TF,-0.12868845418019378
2026-03-05,Y,-0.008572366028977308
2026-03-05,TA,-0.003293265917025456
2026-03-06,AU,0.02135050296509812
2026-03-06,SC,0.03126189108850797
2026-03-06,AG,0.011391092623001918
2026-03-06,A,0.14584255349105976
2026-03-06,FU,0.03063703195184025
2026-03-06,P,0.0817242442979073
2026-03-06,IC,0.03899577419570859
2026-03-06,IM,0.0458037928496698
2026-03-06,SN,0.01803407812864218
2026-03-06,IH,0.07495903840856415
2026-03-06,HC,-0.008483672295840418
2026-03-06,RB,-0.007411097705703731
2026-03-06,OI,-0.005611561302432947
2026-03-06,I,-0.005351782462390813
2026-03-06,V,-0.0038311413526839738
2026-03-06,TF,-0.12868269575820226
2026-03-06,TS,-0.3210055583327316
2026-03-06,RM,-0.00521661570134824
2026-03-06,UR,-0.007349290420694068
2026-03-06,CF,-0.007056584667971861
2026-03-09,SC,0.02698562385781507
2026-03-09,AU,0.02499308923684318
2026-03-09,AG,0.013195289839179518
2026-03-09,A,0.12905817432851904
2026-03-09,FU,0.02792957662714301
2026-03-09,IC,0.04501756280022298
2026-03-09,P,0.0701049585884583
2026-03-09,IM,0.05167703194567979
2026-03-09,SN,0.020962936756383752
2026-03-09,IH,0.09007575601975538
2026-03-09,HC,-0.01861038223433334
2026-03-09,RB,-0.017484581598511795
2026-03-09,I,-0.01193278534323053
2026-03-09,M,-0.015059689212360372
2026-03-09,UR,-0.015096747457483779
2026-03-09,OI,-0.011944358226997931
2026-03-09,RM,-0.010848903304624385
2026-03-09,TF,-0.3365916881505407
2026-03-09,V,-0.008149173385893556
2026-03-09,TL,-0.054281691086023584
2026-03-10,SC,0.02478250208530451
2026-03-10,AU,0.025743955724160723
2026-03-10,AG,0.014630060170513342
2026-03-10,IC,0.046312322516473964
2026-03-10,A,0.12381283728692632
2026-03-10,FU,0.02861103938190265
2026-03-10,IM,0.05298118920909441
2026-03-10,P,0.06908098012430962
2026-03-10,IF,0.08721687076020292
2026-03-10,NI,0.02682824274111153
2026-03-10,HC,-0.01585808886441331
2026-03-10,RB,-0.014662314337439636
2026-03-10,I,-0.00988658957317127
2026-03-10,M,-0.01232829606062743
2026-03-10,OI,-0.009892216255555268
2026-03-10,UR,-0.011168138721832697
2026-03-10,TF,-0.4052024869926552
2026-03-10,RM,-0.009230240568706373
2026-03-10,SA,-0.005649235482958814
2026-03-10,V,-0.006122393142640061
2026-03-11,AU,0.023751935814431822
2026-03-11,SC,0.02322011059215963
2026-03-11,AG,0.012684300399552446
2026-03-11,IH,0.08329737692336726
2026-03-11,FU,0.026963806432931326
2026-03-11,IC,0.0459740983507207
2026-03-11,IF,0.07820980937567518
2026-03-11,A,0.1209688383055239
2026-03-11,SN,0.020744761429703055
2026-03-11,P,0.06418496237593467
2026-03-11,I,-0.009768801082820279
2026-03-11,RB,-0.014419754027230683
2026-03-11,HC,-0.01590622551528687
2026-03-11,M,-0.011102425409791226
2026-03-11,UR,-0.01040825167407957
2026-03-11,SA,-0.005672635089572671
2026-03-11,RM,-0.00891245489366689
2026-03-11,JD,-0.014976992787247633
2026-03-11,TF,-0.3990484691782408
2026-03-11,RU,-0.009783990342063342
2026-03-12,AU,0.006023008485862498
2026-03-12,SC,0.006192325855377908
2026-03-12,AG,0.003064380079506195
2026-03-12,SR,0.03423118013155357
2026-03-12,IH,0.021369934164863404
2026-03-12,SN,0.005036398956544163
2026-03-12,T,0.37738334938959506
2026-03-12,IC,0.01188791298242264
2026-03-12,CF,0.027513174781433003
2026-03-12,FU,0.007298335172841547
2026-03-12,I,-0.011221764906560084
2026-03-12,M,-0.01148037722345076
2026-03-12,J,-0.0050438993199737
2026-03-12,UR,-0.01067448755200642
2026-03-12,RB,-0.016100160411102734
2026-03-12,JD,-0.015926508942193
2026-03-12,SA,-0.005604642413547532
2026-03-12,RM,-0.00893502250069375
2026-03-12,TF,-0.41098220978671446
2026-03-12,MA,-0.004030926943757554
2026-03-13,AU,0.006125445750867143
2026-03-13,AG,0.002968448574600125
2026-03-13,SR,0.034203037172564975
2026-03-13,SC,0.006835342725945418
2026-03-13,SN,0.004950848785059401
2026-03-13,T,0.3672143272710186
2026-03-13,IH,0.01960831203131314
2026-03-13,CF,0.024779856799460234
2026-03-13,V,0.01481078738659983
2026-03-13,IF,0.01850359350257116
2026-03-13,I,-0.011269023244472282
2026-03-13,JD,-0.016909032705647916
2026-03-13,J,-0.005173000763131435
2026-03-13,UR,-0.010831072377329122
2026-03-13,M,-0.011818884039954004
2026-03-13,JM,-0.004093321419624761
2026-03-13,SA,-0.005693166627500535
2026-03-13,MA,-0.004249883351892557
2026-03-13,LH,-0.016764010425809772
2026-03-13,TF,-0.4131986050446376
2026-03-16,AU,0.022390617565491062
2026-03-16,AG,0.01099673178947064
2026-03-16,SN,0.017747974516829003
2026-03-16,SR,0.12340331837413654
2026-03-16,SC,0.026383762775119876
2026-03-16,IH,0.07351788462072487
2026-03-16,CF,0.08886352037349093
2026-03-16,IC,0.03825413589385764
2026-03-16,V,0.055481686607286015
2026-03-16,IM,0.042960367483593456
2026-03-16,I,-0.011647022990218709
2026-03-16,J,-0.0055335161821757385
2026-03-16,JD,-0.018429741492947273
2026-03-16,UR,-0.011560299099878352
2026-03-16,JM,-0.004404837120227701
2026-03-16,M,-0.011486088664950598
2026-03-16,SA,-0.005895869751149553
2026-03-16,LH,-0.015418917911510836
2026-03-16,MA,-0.004476423281134001
2026-03-16,TF,-0.41114728350580726
2026-03-17,AU,0.005939520110679772
2026-03-17,AG,0.0029008355924279245
2026-03-17,SN,0.004662170502654849
2026-03-17,SR,0.036599799550158116
2026-03-17,SC,0.008023317346565131
2026-03-17,IH,0.020902980022218683
2026-03-17,CF,0.02547691051622954
2026-03-17,IC,0.010835447237687567
2026-03-17,T,0.371786027838685
2026-03-17,RU,0.012872991282693355
2026-03-17,J,-0.005489369234373418
2026-03-17,I,-0.01191443348012999
2026-03-17,JD,-0.01759534529852065
2026-03-17,UR,-0.011243774191892219
2026-03-17,JM,-0.0043866059786362025
2026-03-17,M,-0.011516628993118047
2026-03-17,SA,-0.005840184058615128
2026-03-17,MA,-0.004464143890464395
2026-03-17,LH,-0.015232166248692992
2026-03-17,TF,-0.4123173486255569
2026-03-18,AU,0.005146823423964988
2026-03-18,NI,0.005448124885162096
2026-03-18,AG,0.0026958214365662503
2026-03-18,IH,0.017941613426837803
2026-03-18,SC,0.005676288273999681
2026-03-18,SR,0.027116952230667447
2026-03-18,IF,0.016828280683681827
2026-03-18,T,0.37233184256778734
2026-03-18,A,0.02652679180129083
2026-03-18,CF,0.020287461270041794
2026-03-18,I,-0.011810317138657286
2026-03-18,UR,-0.011004989585036644
2026-03-18,J,-0.0054442308638845555
2026-03-18,JD,-0.017430527082194044
2026-03-18,M,-0.011116335701259467
2026-03-18,JM,-0.004286406397840689
2026-03-18,LH,-0.01477626696947621
2026-03-18,SA,-0.00566793489677422
2026-03-18,TF,-0.41399847810547374
2026-03-18,MA,-0.004464513259403085
2026-03-19,AU,0.021121067402715035
2026-03-19,AG,0.010971767238290605
2026-03-19,NI,0.02219641447578209
2026-03-19,SR,0.11718079262484085
2026-03-19,SC,0.024197886634091576
2026-03-19,IH,0.0714355095896018
2026-03-19,IF,0.06526068825377977
2026-03-19,IC,0.03946626487394012
2026-03-19,CF,0.07929383712212919
2026-03-19,V,0.04887577178482895
2026-03-19,J,-0.005705876378372668
2026-03-19,I,-0.012090708683894674
2026-03-19,JD,-0.017344505710650843
2026-03-19,UR,-0.01112831500391262
2026-03-19,M,-0.011018979355159771
2026-03-19,JM,-0.004493368156471119
2026-03-19,LH,-0.014682051554428335
2026-03-19,SA,-0.005738824138290639
2026-03-19,TF,-0.41350679548499936
2026-03-19,MA,-0.00429057553381997
2026-03-20,AU,0.02240038506333052
2026-03-20,AG,0.011060376148174615
2026-03-20,SN,0.017401699477164335
2026-03-20,SC,0.02372621187922261
2026-03-20,SR,0.11694446985596975
2026-03-20,IH,0.07833232391730706
2026-03-20,IC,0.03846501097924706
2026-03-20,IM,0.04273055853335705
2026-03-20,V,0.0503758219573205
2026-03-20,A,0.09856314218890659
2026-03-20,JD,-0.01712830090919503
2026-03-20,J,-0.00576115963834069
2026-03-20,I,-0.011399762777176503
2026-03-20,UR,-0.010699651680584751
2026-03-20,LH,-0.013393529503925899
2026-03-20,RB,-0.01659188386249321
2026-03-20,M,-0.010661549096716188
2026-03-20,SA,-0.005675873069455342
2026-03-20,TF,-0.40499418549120475
2026-03-20,FU,-0.00369410397090762
2026-03-23,AG,0.010286518504005339
2026-03-23,AU,0.020320195445486605
2026-03-23,SN,0.017390544169690325
2026-03-23,SC,0.02517990271574215
2026-03-23,SR,0.12306564876412716
2026-03-23,IC,0.03810602686253163
2026-03-23,IF,0.06323548847523763
2026-03-23,IH,0.06691715558212948
2026-03-23,V,0.05324347103319929
2026-03-23,CF,0.08225504844785034
2026-03-23,JD,-0.016265292219803846
2026-03-23,I,-0.011169724386168742
2026-03-23,J,-0.005217953658861497
2026-03-23,UR,-0.010005677949623919
2026-03-23,RB,-0.015777011711892074
2026-03-23,LH,-0.013609303187689133
2026-03-23,M,-0.010712262337889652
2026-03-23,TF,-0.40845295585346497
2026-03-23,SA,-0.0053014571562125315
2026-03-23,FU,-0.003488361538393699
2026-03-24,AU,0.0018326672956152854
2026-03-24,AG,0.0009579364959116149
2026-03-24,SN,0.0015668392404592445
2026-03-24,SC,0.0017109967086484314
2026-03-24,SR,0.010286887513596622
2026-03-24,IF,0.0060582232778071355
2026-03-24,V,0.004174763118722912
2026-03-24,IH,0.006268381716117464
2026-03-24,A,0.007976669799044158
2026-03-24,TS,0.45916663483407716
2026-03-24,JD,-0.016152548962764496
2026-03-24,I,-0.013747429753278152
2026-03-24,UR,-0.012225110562155602
2026-03-24,J,-0.005481131270400793
2026-03-24,LH,-0.01569830530208639
2026-03-24,JM,-0.004188383415995493
2026-03-24,M,-0.012002469019674458
2026-03-24,SA,-0.00581882926217244
2026-03-24,TL,-0.06526363850968725
2026-03-24,TF,-0.34942215394178494
2026-03-25,AU,0.0018163981686350643
2026-03-25,AG,0.0009713168604401487
2026-03-25,SN,0.0015494727643572252
2026-03-25,IH,0.006233256282894891
2026-03-25,SR,0.011117920361292173
2026-03-25,IF,0.006046734257581058
2026-03-25,SC,0.0016969644608470986
2026-03-25,A,0.007905447594868047
2026-03-25,TS,0.4584963553478785
2026-03-25,V,0.004166133901205765
2026-03-25,JD,-0.01745954038766848
2026-03-25,UR,-0.012329021816837038
2026-03-25,I,-0.013093527631215738
2026-03-25,LH,-0.01592173300857791
2026-03-25,J,-0.005428014316229746
2026-03-25,JM,-0.004173944741444969
2026-03-25,M,-0.01152833452918672
2026-03-25,SA,-0.005909175999755442
2026-03-25,TL,-0.06508279067920772
2026-03-25,TF,-0.3490739168898762
2026-03-26,AU,0.0017207344939015616
2026-03-26,AG,0.0009340484875045958
2026-03-26,SN,0.0014697225049084856
2026-03-26,SC,0.001857004018101829
2026-03-26,IF,0.005825874718137955
2026-03-26,V,0.004272800405532441
2026-03-26,IH,0.006072312341508601
2026-03-26,TS,0.4652553071965828
2026-03-26,RU,0.004312315356497328
2026-03-26,A,0.008279880477324362
2026-03-26,JD,-0.016102503096609194
2026-03-26,I,-0.012953111734504908
2026-03-26,UR,-0.012536248345072902
2026-03-26,J,-0.0056433874323768085
2026-03-26,JM,-0.004339415679972218
2026-03-26,LH,-0.01683010988263936
2026-03-26,SA,-0.006176504688816707
2026-03-26,M,-0.01163693855469515
2026-03-26,TL,-0.06608931558546326
2026-03-26,TF,-0.3476924649998495
2026-03-27,AU,0.0016511955179279141
2026-03-27,AG,0.0009117827241736406
2026-03-27,SN,0.0014095933735933722
2026-03-27,RU,0.004146211054848676
2026-03-27,IH,0.005908822841239279
2026-03-27,V,0.004181200393238502
2026-03-27,SC,0.0017680955265175667
2026-03-27,TS,0.46649078331268723
2026-03-27,IF,0.005650763809883997
2026-03-27,A,0.007881551445889852
2026-03-27,JD,-0.044999921761135875
2026-03-27,I,-0.035127806295686965
2026-03-27,UR,-0.03069796684600526
2026-03-27,J,-0.014598400250783664
2026-03-27,JM,-0.01125355288459749
2026-03-27,LH,-0.050526233598984456
2026-03-27,SA,-0.01602060167003719
2026-03-27,M,-0.03141663188381252
2026-03-27,FU,-0.009514847849390025
2026-03-27,TL,-0.25584403695956653
2026-03-30,AU,0.0015246231568288476
2026-03-30,AG,0.0008656374315198827
2026-03-30,SN,0.0013188227661016995
2026-03-30,RU,0.003932802725531845
2026-03-30,P,0.004293251233898024
2026-03-30,SC,0.0015561032954804618
2026-03-30,V,0.004059426100936349
2026-03-30,IM,0.0034072919518416886
2026-03-30,TS,0.47311672508743446
2026-03-30,IH,0.005925316250426704
2026-03-30,JD,-0.014568615025350156
2026-03-30,I,-0.010449662589024805
2026-03-30,LH,-0.014620032560874446
2026-03-30,UR,-0.01066127939690977
2026-03-30,J,-0.0049940102377281055
2026-03-30,JM,-0.0038353870714508916
2026-03-30,SA,-0.005816541830480972
2026-03-30,M,-0.01069530994410632
2026-03-30,TF,-0.3573200625953975
2026-03-30,TL,-0.06703909874867699
2026-03-31,AU,0.027853264697798624
2026-03-31,AG,0.015003415223495227
2026-03-31,SN,0.022489441435300937
2026-03-31,P,0.06862150492237658
2026-03-31,SC,0.02684572008347253
2026-03-31,RU,0.06187749273018907
2026-03-31,V,0.057133045757111686
2026-03-31,A,0.11653368320570225
2026-03-31,IM,0.054604564414721654
2026-03-31,IC,0.04903786752983145
2026-03-31,RB,-0.013998403936412392
2026-03-31,TF,-0.217825014854939
2026-03-31,UR,-0.010162114449674098
2026-03-31,I,-0.008880849813428581
2026-03-31,JD,-0.012111739044795131
2026-03-31,J,-0.0049503829078697435
2026-03-31,TL,-0.04544720390382326
2026-03-31,LH,-0.011455481245380924
2026-03-31,M,-0.009446922118394702
2026-03-31,T,-0.16572188772528226
2026-04-01,P,0.06931266942732667
2026-04-01,AU,0.028012628094878263
2026-04-01,AG,0.015214877375958178
2026-04-01,SN,0.02252349588742637
2026-04-01,A,0.1157529249047787
2026-04-01,SC,0.02604307956909484
2026-04-01,RU,0.06209210004182123
2026-04-01,V,0.0570383973643206
2026-04-01,IC,0.049187417910277545
2026-04-01,IM,0.05482240942411764
2026-04-01,RB,-0.015438853631120302
2026-04-01,TF,-0.21383393563104902
2026-04-01,UR,-0.009163801569362192
2026-04-01,TL,-0.04994257371621949
2026-04-01,J,-0.004826141590122366
2026-04-01,I,-0.009354529978510183
2026-04-01,JD,-0.012432166007561463
2026-04-01,T,-0.15805201711628097
2026-04-01,M,-0.009775833660244418
2026-04-01,SR,-0.017180147099529544
2026-04-02,AU,0.028121223839295696
2026-04-02,AG,0.015277935607314858
2026-04-02,SN,0.022602056345233556
2026-04-02,SC,0.02573014230839018
2026-04-02,P,0.06926284939149595
2026-04-02,RU,0.061766250972851704
2026-04-02,V,0.05633961976889063
2026-04-02,A,0.11653448721213511
2026-04-02,IC,0.04936196583435644
2026-04-02,IM,0.05500346872003584
2026-04-02,RB,-0.015717968202827816
2026-04-02,TF,-0.2120776326148283
2026-04-02,UR,-0.009704448206071433
2026-04-02,J,-0.005093172516149126
2026-04-02,I,-0.009710861617437692
2026-04-02,TL,-0.05014514014387861
2026-04-02,JD,-0.012835128618408187
2026-04-02,LH,-0.011913496908386244
2026-04-02,T,-0.1548285583055739
2026-04-02,SR,-0.017973592866438643
2026-04-03,P,0.07011918994597584
2026-04-03,AG,0.01791460364125378
2026-04-03,AU,0.03215835203951982
2026-04-03,SC,0.02320348341225974
2026-04-03,SN,0.026994597123837102
2026-04-03,A,0.12260840262448212
2026-04-03,FU,0.02653849203025978
2026-04-03,V,0.05808882843005489
2026-04-03,IM,0.06455368277096812
2026-04-03,IC,0.05782036798138886
2026-04-03,RB,-0.01563230700611322
2026-04-03,TF,-0.21457085980390872
2026-04-03,TL,-0.049384378265525476
2026-04-03,UR,-0.009261010513008313
2026-04-03,J,-0.004780056800278311
2026-04-03,I,-0.009770723168142736
2026-04-03,Y,-0.009492571177985546
2026-04-03,OI,-0.007781556544572787
2026-04-03,SR,-0.016748994321704708
2026-04-03,T,-0.16257754239876024
2026-04-07,SC,0.022745330291048225
2026-04-07,AG,0.018174521357154413
2026-04-07,P,0.0677263398784514
2026-04-07,AU,0.03148264979644412
2026-04-07,SN,0.02713436752458395
2026-04-07,A,0.12191957956491498
2026-04-07,FU,0.026165096097410794
2026-04-07,V,0.05964335434976041
2026-04-07,IM,0.06536280031872323
2026-04-07,IC,0.05964596082150849
2026-04-07,RB,-0.014563869100019635
2026-04-07,TF,-0.2170937620742057
2026-04-07,TL,-0.046473140909213034
2026-04-07,UR,-0.008652474021213222
2026-04-07,OI,-0.007350642036082237
2026-04-07,T,-0.15948721593292517
2026-04-07,Y,-0.008882312368138351
2026-04-07,SR,-0.016700939032960084
2026-04-07,HC,-0.016425911047182037
2026-04-07,J,-0.004369733478060455
2026-04-08,AG,0.018340942061188532
2026-04-08,AU,0.03323123331485919
2026-04-08,P,0.060612351103120944
2026-04-08,SC,0.019693148537706987
2026-04-08,SN,0.029010254653024106
2026-04-08,A,0.10739696791760135
2026-04-08,FU,0.022322718998074417
2026-04-08,V,0.05147044088265537
2026-04-08,IM,0.07866124694052874
2026-04-08,RM,0.07926069559124033
2026-04-08,TF,-0.2080739304760622
2026-04-08,RB,-0.016684536617129944
2026-04-08,TL,-0.04806146191271778
2026-04-08,T,-0.1589127784763368
2026-04-08,UR,-0.008542900048215016
2026-04-08,OI,-0.006795840040152366
2026-04-08,Y,-0.008227822134320153
2026-04-08,SR,-0.016114235715660726
2026-04-08,HC,-0.019238115494310138
2026-04-08,I,-0.009348379085094866
2026-04-09,P,0.057143789160202844
2026-04-09,AU,0.02667434758279398
2026-04-09,AG,0.01556946797006561
2026-04-09,SN,0.024644830681463586
2026-04-09,A,0.10440366977927763
2026-04-09,SC,0.019592805965202943
2026-04-09,FU,0.0220819151848592
2026-04-09,V,0.053915056434052006
2026-04-09,IM,0.06137045709313785
2026-04-09,IH,0.11460366014894437
2026-04-09,RB,-0.01743537608686626
2026-04-09,TF,-0.21680643375235711
2026-04-09,I,-0.009632301937208142
2026-04-09,CF,-0.015228279865914707
2026-04-09,J,-0.005410327718082204
2026-04-09,UR,-0.008279424065786124
2026-04-09,SR,-0.015686131348779296
2026-04-09,T,-0.1590949731491918
2026-04-09,TL,-0.045207997583702836
2026-04-09,OI,-0.007218754492111523
2026-04-10,AG,0.01709983353948773
2026-04-10,P,0.058863297658122704
2026-04-10,AU,0.03073453903863874
2026-04-10,A,0.1021377330814379
2026-04-10,SC,0.018578731491352966
2026-04-10,SN,0.025544937356919012
2026-04-10,FU,0.01996351191398446
2026-04-10,MA,0.029511197045903482
2026-04-10,IM,0.0701894341069857
2026-04-10,LH,0.12737678476716724
2026-04-10,RB,-0.015223340650455396
2026-04-10,TF,-0.2314885855326227
2026-04-10,CF,-0.012982581269938046
2026-04-10,SR,-0.013164118261838843
2026-04-10,I,-0.007760048698159425
2026-04-10,Y,-0.0072738171764234714
2026-04-10,HC,-0.018251050551565482
2026-04-10,UR,-0.007156577998694282
2026-04-10,T,-0.17993856028217947
2026-04-10,ZN,-0.006761319578122882
2026-04-13,AG,0.019698397634375284
2026-04-13,P,0.07054646022804291
2026-04-13,AU,0.031496634035314476
2026-04-13,SC,0.023111354737690413
2026-04-13,A,0.12344605084891946
2026-04-13,SN,0.029915728986322446
2026-04-13,FU,0.024657291692866384
2026-04-13,MA,0.034715195973358225
2026-04-13,IM,0.07543101091529558
2026-04-13,IC,0.06698187494781484
2026-04-13,RB,-0.015756810138887502
2026-04-13,TF,-0.2313463760027203
2026-04-13,CF,-0.013511118752156792
2026-04-13,SR,-0.012911304942325157
2026-04-13,HC,-0.01831800779953297
2026-04-13,T,-0.18469038431730536
2026-04-13,UR,-0.007061169898857573
2026-04-13,I,-0.007971541101992935
2026-04-13,TA,-0.002541569358604793
2026-04-13,OI,-0.00589171768761663
2026-04-14,AG,0.019571776294386417
2026-04-14,P,0.07009025390710273
2026-04-14,AU,0.03133181548069491
2026-04-14,A,0.12406011339956943
2026-04-14,SC,0.02298448920444355
2026-04-14,SN,0.02967794794480778
2026-04-14,FU,0.024646060513038682
2026-04-14,MA,0.03469631783971438
2026-04-14,IM,0.07593605754870396
2026-04-14,IC,0.06700516786753821
2026-04-14,RB,-0.01582134557187057
2026-04-14,TF,-0.2320807993397283
2026-04-14,CF,-0.01387629549955926
2026-04-14,UR,-0.007244090410311991
2026-04-14,HC,-0.018430142710162887
2026-04-14,SR,-0.013615245829771052
2026-04-14,I,-0.007904693835593005
2026-04-14,RM,-0.005958591294487003
2026-04-14,TA,-0.0026966335755110125
2026-04-14,T,-0.1823721619330049
2026-04-15,P,0.004097852283907583
2026-04-15,AG,0.0014279736516196193
2026-04-15,AU,0.0024396364376987373
2026-04-15,A,0.00718432679947526
2026-04-15,SN,0.002118820601931801
2026-04-15,FU,0.0012708404897299765
2026-04-15,SC,0.001145820898170338
2026-04-15,MA,0.0018317189233170166
2026-04-15,LH,0.008952926899413705
2026-04-15,TS,0.469530083014736
2026-04-15,RB,-0.01692885012918051
2026-04-15,RM,-0.006754268243307739
2026-04-15,I,-0.008953229693773698
2026-04-15,CF,-0.015244794976079041
2026-04-15,TF,-0.40029692523988103
2026-04-15,HC,-0.01966324007339507
2026-04-15,UR,-0.008384600225199927
2026-04-15,TA,-0.0030318306611715816
2026-04-15,SR,-0.015119347889874348
2026-04-15,SA,-0.005622912868137093
2026-04-16,AG,0.017526999403644383
2026-04-16,P,0.06367175909197881
2026-04-16,A,0.11236645530569941
2026-04-16,AU,0.027647485662754614
2026-04-16,SN,0.028677051894340732
2026-04-16,SC,0.02066563036077751
2026-04-16,FU,0.02318365952004698
2026-04-16,IF,0.11236739512583732
2026-04-16,MA,0.03198213249695686
2026-04-16,IC,0.061911431137963394
2026-04-16,RB,-0.015327698114721303
2026-04-16,HC,-0.01712962623764618
2026-04-16,TF,-0.22568306645809236
2026-04-16,RM,-0.006335305211030483
2026-04-16,CF,-0.012699313311154528
2026-04-16,I,-0.007380153407196005
2026-04-16,SR,-0.013333487985189907
2026-04-16,T,-0.19207788420442864
2026-04-16,UR,-0.007215033352971226
2026-04-16,TA,-0.002818431717569246
2026-04-17,P,0.061320178051939164
2026-04-17,A,0.0950265222293845
2026-04-17,AG,0.014460618000752877
2026-04-17,AU,0.02401194142927789
2026-04-17,SN,0.022802760872744774
2026-04-17,SC,0.020972063193513583
2026-04-17,IM,0.050635233562460254
2026-04-17,FU,0.023529974080536184
2026-04-17,IF,0.08564930722866482
2026-04-17,LH,0.10159140135072593
2026-04-17,RB,-0.016692850988506844
2026-04-17,I,-0.008630622547105624
2026-04-17,HC,-0.01874776938784962
2026-04-17,TF,-0.4018894090981627
2026-04-17,SA,-0.006143769346265184
2026-04-17,CF,-0.014337369533092295
2026-04-17,RM,-0.007355815858996729
2026-04-17,UR,-0.00805057491867132
2026-04-17,SR,-0.014857892874871827
2026-04-17,TA,-0.0032939254464779224
2026-04-20,AG,0.015607591586855743
2026-04-20,AU,0.02440369823784097
2026-04-20,A,0.11396550092492687
2026-04-20,P,0.06771497835136864
2026-04-20,SC,0.024408477505463155
2026-04-20,IM,0.05379139009701018
2026-04-20,SN,0.02544750900977775
2026-04-20,IF,0.08942718325533225
2026-04-20,IC,0.0481917260480085
2026-04-20,MA,0.03704194498341593
2026-04-20,RB,-0.01482558402606962
2026-04-20,HC,-0.016449807789113816
2026-04-20,CF,-0.012198921783400186
2026-04-20,TF,-0.4040338443545194
2026-04-20,RU,-0.007959131064485245
2026-04-20,I,-0.008155503477133673
2026-04-20,UR,-0.007826500044566078
2026-04-20,SR,-0.013765605601510935
2026-04-20,SA,-0.0057442277215913945
2026-04-20,M,-0.009040874137609532
2026-04-21,AG,0.015086470298843581
2026-04-21,AU,0.02364057998715476
2026-04-21,SC,0.02398098048010557
2026-04-21,P,0.06473255170627623
2026-04-21,A,0.11039739780569917
2026-04-21,IM,0.054291769701640576
2026-04-21,SN,0.024765933123864315
2026-04-21,IC,0.04869818451097522
2026-04-21,IH,0.0980922059598461
2026-04-21,MA,0.03631392642559448
2026-04-21,RB,-0.015220356282693364
2026-04-21,HC,-0.016827377809579082
2026-04-21,TF,-0.4028128146404273
2026-04-21,UR,-0.0074537408210081
2026-04-21,CF,-0.012415337851228394
2026-04-21,I,-0.008313101058421634
2026-04-21,SR,-0.013946200746415534
2026-04-21,RU,-0.008114305566209509
2026-04-21,SA,-0.005848555257748641
2026-04-21,M,-0.009048209966268417
2026-04-22,AG,0.015606752295723192
2026-04-22,AU,0.024985425198862727
2026-04-22,SC,0.02483370713927375
2026-04-22,P,0.06931802244939202
2026-04-22,A,0.10511769217698563
2026-04-22,SN,0.02587890046725166
2026-04-22,IM,0.055256096749863585
2026-04-22,IH,0.10143173699365088
2026-04-22,IC,0.04977402082114276
2026-04-22,FU,0.027797645707853782
2026-04-22,RB,-0.007873502125659343
2026-04-22,I,-0.004437353603338007
2026-04-22,TF,-0.10131563921606707
2026-04-22,HC,-0.008282024970766782
2026-04-22,SA,-0.0032438782852933137
2026-04-22,UR,-0.004063065306325308
2026-04-22,M,-0.004458397583099327
2026-04-22,TA,-0.001527078608530011
2026-04-22,TS,-0.28037677630934515
2026-04-22,T,-0.08442228399157563
2026-04-23,AG,0.015602509531096783
2026-04-23,AU,0.024993685628813926
2026-04-23,SC,0.024908325575085034
2026-04-23,P,0.06937659445406007
2026-04-23,A,0.10470986999697092
2026-04-23,IM,0.05519303991537105
2026-04-23,SN,0.025885744816521044
2026-04-23,IC,0.04975720780711752
2026-04-23,IH,0.10158863814458984
2026-04-23,FU,0.02798438413037381
2026-04-23,I,-0.004430775110976616
2026-04-23,RB,-0.00788015387300793
2026-04-23,TF,-0.10098868654177874
2026-04-23,UR,-0.004043576544748009
2026-04-23,M,-0.004400399426185774
2026-04-23,HC,-0.008296764259773253
2026-04-23,SA,-0.003226254574286871
2026-04-23,TA,-0.0015612153388241173
2026-04-23,T,-0.08229619848212581
2026-04-23,TS,-0.2828759758482928
2026-04-24,AU,0.022034118904654832
2026-04-24,AG,0.013722829822477418
2026-04-24,SC,0.025153250634401846
2026-04-24,P,0.061023461722778186
2026-04-24,IM,0.04830862067253124
2026-04-24,IH,0.08489670723647016
2026-04-24,IC,0.04401487842648364
2026-04-24,A,0.090786865196081
2026-04-24,SN,0.022452232436831854
2026-04-24,Y,0.0876070349472898
2026-04-24,I,-0.004773299940867821
2026-04-24,UR,-0.004084817875649267
2026-04-24,SA,-0.0031899654116490962
2026-04-24,M,-0.00445924063563576
2026-04-24,RB,-0.008366759936461037
2026-04-24,J,-0.0023745953977761173
2026-04-24,TF,-0.10376734554485893
2026-04-24,TS,-0.2843575546429858
2026-04-24,TA,-0.001523013810492165
2026-04-24,T,-0.08310340680362402
2026-04-27,AU,0.025322183147394168
2026-04-27,AG,0.01619373218150962
2026-04-27,SC,0.024794404266987227
2026-04-27,P,0.06982601149992222
2026-04-27,A,0.10267930276611105
2026-04-27,IH,0.10088415811696697
2026-04-27,IC,0.05020975989549952
2026-04-27,IM,0.05524502770692109
2026-04-27,SN,0.02620543022919065
2026-04-27,FU,0.028639990189497505
2026-04-27,I,-0.004588992412446124
2026-04-27,SA,-0.0031735704480147157
2026-04-27,M,-0.0041629906252490904
2026-04-27,UR,-0.0039044965876573923
2026-04-27,TF,-0.12620798974668584
2026-04-27,RB,-0.007963797395694085
2026-04-27,TS,-0.334127624318568
2026-04-27,HC,-0.008393313875505341
2026-04-27,JD,-0.005938156905264636
2026-04-27,TA,-0.0015390676849146715
2026-04-28,AU,0.022372718540226953
2026-04-28,AG,0.013753645769472259
2026-04-28,P,0.07180171469326797
2026-04-28,SN,0.02116972527322037
2026-04-28,SC,0.02793845249897698
2026-04-28,IH,0.07922076153558116
2026-04-28,IC,0.03932771448991913
2026-04-28,IM,0.04237724513340343
2026-04-28,A,0.09138023119206609
2026-04-28,LH,0.09065779087386565
2026-04-28,SA,-0.0071164329621325574
2026-04-28,I,-0.010879806900713348
2026-04-28,M,-0.009378816819605588
2026-04-28,J,-0.005721012598776591
2026-04-28,UR,-0.00878192964922433
2026-04-28,RB,-0.019570597993014516
2026-04-28,TA,-0.0038009757104496477
2026-04-28,JD,-0.014933196095019821
2026-04-28,RM,-0.007187680784525574
2026-04-28,TF,-0.41262955048653804
2026-04-29,AU,0.022801974265490684
2026-04-29,AG,0.013886697768208668
2026-04-29,IC,0.03910498733338843
2026-04-29,SC,0.02819563861594692
2026-04-29,IH,0.07902148016891154
2026-04-29,SN,0.021042067980941326
2026-04-29,IM,0.04204931474917646
2026-04-29,P,0.07182744613119424
2026-04-29,A,0.09051154853937257
2026-04-29,LH,0.09155884444736917
2026-04-29,SA,-0.006990915071258786
2026-04-29,I,-0.010344721382825
2026-04-29,J,-0.005500657623724787
2026-04-29,RB,-0.01860301773800264
2026-04-29,M,-0.009213625026455308
2026-04-29,UR,-0.008873696116064889
2026-04-29,JD,-0.014918188779955755
2026-04-29,RM,-0.007031202513154351
2026-04-29,V,-0.0043310054218900365
2026-04-29,TF,-0.4141929703266684
2026-04-30,AU,0.022980943895488173
2026-04-30,AG,0.014277871477377307
2026-04-30,IH,0.08866410658264716
2026-04-30,SC,0.024790748979943798
2026-04-30,IC,0.040995679200744685
2026-04-30,IM,0.04492832871251314
2026-04-30,SN,0.0220621418823524
2026-04-30,A,0.08973022899461905
2026-04-30,P,0.06200554122361965
2026-04-30,Y,0.0895644090506946
2026-04-30,SA,-0.007365809671198419
2026-04-30,I,-0.01126274646846299
2026-04-30,J,-0.005707161613037548
2026-04-30,JD,-0.013958144803053595
2026-04-30,M,-0.010238584068397692
2026-04-30,UR,-0.008818837548644808
2026-04-30,RB,-0.019966750495240982
2026-04-30,TA,-0.003578232901011434
2026-04-30,OI,-0.008907720834272914
2026-04-30,TF,-0.4101960115966797
2026-05-06,AU,0.02881902451527314
2026-05-06,AG,0.010807951597795254
2026-05-06,IC,0.03268104706848791
2026-05-06,SC,0.026052854646262013
2026-05-06,IM,0.033764557092853587
2026-05-06,IH,0.07162182701395746
2026-05-06,SN,0.015666572550038973
2026-05-06,CF,0.0770313225728945
2026-05-06,A,0.0726757324687647
2026-05-06,SR,0.13087911047367248
2026-05-06,SA,-0.007673868161214005
2026-05-06,I,-0.0118302170228141
2026-05-06,JD,-0.016048557638348768
2026-05-06,J,-0.006061630282989058
2026-05-06,M,-0.011319580998491093
2026-05-06,TA,-0.0036258887572044197
2026-05-06,MA,-0.00257932693037064
2026-05-06,RB,-0.022371348380519452
2026-05-06,OI,-0.009740645536076663
2026-05-06,TF,-0.4087489362919718
2026-05-07,AU,0.031448837511197564
2026-05-07,AG,0.0126986823892197
2026-05-07,IC,0.03829680613324537
2026-05-07,SN,0.01771323545232353
2026-05-07,IM,0.039469612738924464
2026-05-07,SC,0.025255317786229435
2026-05-07,IH,0.07861511509802645
2026-05-07,CF,0.08133801846756591
2026-05-07,A,0.07178893028770686
2026-05-07,Y,0.10337544413556066
2026-05-07,I,-0.05263262080735789
2026-05-07,SA,-0.03164402214773849
2026-05-07,J,-0.02778309933648241
2026-05-07,RB,-0.09583991871537784
2026-05-07,TA,-0.01838479071081209
2026-05-07,MA,-0.014682113467011797
2026-05-07,M,-0.04796003693523485
2026-05-07,JD,-0.08092735788853136
2026-05-07,RM,-0.03948360966070293
2026-05-07,ZN,-0.0906624303307503
2026-05-08,AG,0.013676860969811456
2026-05-08,AU,0.03360387481416331
2026-05-08,IM,0.04052840522423137
2026-05-08,IC,0.03889182241779476
2026-05-08,SC,0.026238043382022375
2026-05-08,SN,0.018742449083111394
2026-05-08,IF,0.06506856847644094
2026-05-08,CF,0.08315435685618854
2026-05-08,A,0.07336714063527841
2026-05-08,Y,0.10672847814095746
2026-05-08,I,-0.04481016886885035
2026-05-08,SA,-0.027476529701257732
2026-05-08,RB,-0.08135483832584689
2026-05-08,HC,-0.0754263798440248
2026-05-08,TA,-0.018247244228584945
2026-05-08,UR,-0.03604472248897523
2026-05-08,JD,-0.06903001602337268
2026-05-08,RM,-0.03484553355559016
2026-05-08,ZN,-0.07107809635664682
2026-05-08,M,-0.0416864706068504
2026-05-11,AG,0.013204581267904872
2026-05-11,AU,0.03208535517669338
2026-05-11,SC,0.026699367061259697
2026-05-11,SN,0.018022499781588135
2026-05-11,IC,0.0338802199756187
2026-05-11,IM,0.0359828328960343
2026-05-11,A,0.07188080583157216
2026-05-11,IF,0.05786474841831129
2026-05-11,CF,0.07565975544712142
2026-05-11,SR,0.13471983414389602
2026-05-11,I,-0.053535354643953356
2026-05-11,J,-0.028317550871934733
2026-05-11,TA,-0.01800526227563649
2026-05-11,RB,-0.09946688566567506
2026-05-11,UR,-0.040680887771461914
2026-05-11,M,-0.04731153375001981
2026-05-11,MA,-0.014369385555912923
2026-05-11,RM,-0.039773839963311915
2026-05-11,JD,-0.06600692653819733
2026-05-11,ZN,-0.09253237296389637
2026-05-12,AG,0.014319708567729515
2026-05-12,AU,0.03422260980344734
2026-05-12,SN,0.019502978481884675
2026-05-12,IM,0.04129659114174487
2026-05-12,IC,0.03871413175511874
2026-05-12,IF,0.06604985672193688
2026-05-12,SC,0.026019432575921136
2026-05-12,CF,0.07991472987379859
2026-05-12,A,0.0739044205494589
2026-05-12,Y,0.10605554052895937
2026-05-12,I,-0.05269606998541493
2026-05-12,J,-0.0280219447970432
2026-05-12,RB,-0.09791041691447577
2026-05-12,UR,-0.040191634373887994
2026-05-12,RM,-0.03937840924671098
2026-05-12,MA,-0.014498096315228725
2026-05-12,TA,-0.017971490927795618
2026-05-12,JD,-0.06719809378250303
2026-05-12,M,-0.047434131104080145
2026-05-12,ZN,-0.09469971255285961
2026-05-13,AG,0.013055886261104526
2026-05-13,AU,0.03220391219938357
2026-05-13,SC,0.026639014051359974
2026-05-13,SN,0.018014963311628468
2026-05-13,IC,0.03351198871324444
2026-05-13,IM,0.03545878243426509
2026-05-13,IF,0.05707296395883516
2026-05-13,A,0.07354008383397286
2026-05-13,CF,0.07538346689506435
2026-05-13,SR,0.13511893834114166
2026-05-13,I,-0.012850292927675169
2026-05-13,J,-0.006525564297797752
2026-05-13,JD,-0.014966449658963682
2026-05-13,HC,-0.022896904936565373
2026-05-13,MA,-0.0028900287895696486
2026-05-13,TA,-0.0039018541188605813
2026-05-13,UR,-0.010272098639840646
2026-05-13,TF,-0.40652307827047884
2026-05-13,M,-0.01071555593940746
2026-05-13,RM,-0.008458172420840782
2026-05-14,AG,0.01733349447587573
2026-05-14,AU,0.042262582223968864
2026-05-14,SN,0.0239543652567887
2026-05-14,SC,0.025751492140534706
2026-05-14,IC,0.04484765194210687
2026-05-14,IM,0.04870859500768752
2026-05-14,IF,0.07717167744048707
2026-05-14,A,0.08894031173858341
2026-05-14,CF,0.0993579785687876
2026-05-14,FU,0.031671851205179555
2026-05-14,J,-0.002637717224805859
2026-05-14,I,-0.005482728622366894
2026-05-14,HC,-0.009395382654544152
2026-05-14,MA,-0.0012621833983356358
2026-05-14,TA,-0.0016568698269798414
2026-05-14,JD,-0.006359521047575495
2026-05-14,SA,-0.0034268682539476715
2026-05-14,M,-0.0044731654708954635
2026-05-14,RM,-0.0035546004854554456
2026-05-14,TS,-0.4617509630150935
2026-05-15,AG,0.016659923892371357
2026-05-15,AU,0.04228995772505405
2026-05-15,SN,0.025490674099044538
2026-05-15,SC,0.027815987147694926
2026-05-15,IC,0.04613841305347134
2026-05-15,IF,0.0820029052333411
2026-05-15,IM,0.05070833628106403
2026-05-15,CF,0.09206829973791791
2026-05-15,A,0.0838968388873799
2026-05-15,FU,0.032928663942660856
2026-05-15,I,-0.011244588236807162
2026-05-15,J,-0.006010473790812408
2026-05-15,HC,-0.018327024427570622
2026-05-15,SA,-0.007329494525617334
2026-05-15,M,-0.009898995444280643
2026-05-15,MA,-0.0028653886220022214
2026-05-15,TA,-0.0037990146708209668
2026-05-15,RM,-0.007710823829242803
2026-05-15,ZN,-0.02033610209988766
2026-05-15,TF,-0.4124780943529582
2026-05-18,AG,0.01582537042935502
2026-05-18,AU,0.03823575981550964
2026-05-18,IC,0.04007993904366521
2026-05-18,SN,0.02191353335248083
2026-05-18,IM,0.04297789590345185
2026-05-18,IF,0.07051272127261349
2026-05-18,SC,0.03180839072599314
2026-05-18,CF,0.08499055373657383
2026-05-18,LH,0.06929951047338605
2026-05-18,P,0.08435632524697091
2026-05-18,I,-0.010693665256779755
2026-05-18,RB,-0.018978131350224952
2026-05-18,J,-0.005814148280235806
2026-05-18,SA,-0.0071385659927985425
2026-05-18,RM,-0.007441142105689888
2026-05-18,MA,-0.0029146360874608697
2026-05-18,M,-0.009561106736588056
2026-05-18,V,-0.004023642775669533
2026-05-18,ZN,-0.02061175496844732
2026-05-18,TF,-0.41282320644610526
2026-05-19,AU,0.03671716073462541
2026-05-19,AG,0.01430963496852762
2026-05-19,SN,0.020357320686577363
2026-05-19,IM,0.040734016475950256
2026-05-19,IC,0.03797041785743026
2026-05-19,IF,0.06830138824326758
2026-05-19,SC,0.02837442499466303
2026-05-19,CF,0.07572281291907099
2026-05-19,JD,0.10335087309959995
2026-05-19,P,0.0741619500202875
2026-05-19,I,-0.05116365241536374
2026-05-19,RB,-0.0882733359708432
2026-05-19,J,-0.026817201655917458
2026-05-19,RM,-0.03785715281257799
2026-05-19,MA,-0.014396202215790783
2026-05-19,TA,-0.018645089015940638
2026-05-19,SA,-0.030572178614691265
2026-05-19,ZN,-0.09671780096757308
2026-05-19,M,-0.044790554481096936
2026-05-19,SR,-0.09076683185020487
2026-05-20,AU,0.04319939902004906
2026-05-20,AG,0.01734404670465682
2026-05-20,SN,0.024145914343822912
2026-05-20,SC,0.03483249000157159
2026-05-20,IC,0.04262565835367488
2026-05-20,IF,0.07209564031657331
2026-05-20,IM,0.04603231934234981
2026-05-20,LH,0.07211594294370292
2026-05-20,CF,0.08750777933442874
2026-05-20,V,0.06010080963916996
2026-05-20,I,-0.011985753380595477
2026-05-20,J,-0.006144502510725251
2026-05-20,HC,-0.019259780357489556
2026-05-20,RM,-0.008550246406112672
2026-05-20,MA,-0.0027661421463981766
2026-05-20,TA,-0.0037783606678975993
2026-05-20,SA,-0.007532198916164598
2026-05-20,ZN,-0.020589256427576908
2026-05-20,OI,-0.009713009294754268
2026-05-20,TF,-0.4096807498922854
2026-05-21,AU,0.03771844003311676
2026-05-21,AG,0.014585064621405002
2026-05-21,LH,0.06774136716482962
2026-05-21,IM,0.03739828880290156
2026-05-21,IF,0.06338146191641007
2026-05-21,SN,0.020033207312863215
2026-05-21,IC,0.03515148199814669
2026-05-21,SC,0.03672627394269658
2026-05-21,CF,0.08249562172157524
2026-05-21,JD,0.10476879248605525
2026-05-21,J,-0.029000435191335137
2026-05-21,I,-0.054164082076498775
2026-05-21,RB,-0.09039727427324327
2026-05-21,MA,-0.016210288013350276
2026-05-21,SA,-0.03376780826601035
2026-05-21,ZN,-0.08661661583472759
2026-05-21,RU,-0.05273338432760379
2026-05-21,RM,-0.039309176230524295
2026-05-21,OI,-0.047265100681071356
2026-05-21,A,-0.05053583510563526
2026-05-22,AG,0.019011672371566823
2026-05-22,AU,0.05014093620246609
2026-05-22,LH,0.06619323254916508
2026-05-22,SN,0.02474136131868558
2026-05-22,IF,0.08509708355653257
2026-05-22,FU,0.029531599076244884
2026-05-22,JM,0.0505187767704813
2026-05-22,JD,0.10641243783737304
2026-05-22,SC,0.023809918349829408
2026-05-22,IC,0.044542981967655264
2026-05-22,I,-0.011474139177222962
2026-05-22,RB,-0.02064888397167416
2026-05-22,J,-0.0065625676785428825
2026-05-22,ZN,-0.01558861618681124
2026-05-22,RU,-0.010095319348352843
2026-05-22,V,-0.004655679509257687
2026-05-22,UR,-0.00994877534312333
2026-05-22,AL,-0.010699964134173874
2026-05-22,OI,-0.010211078753989977
2026-05-22,TF,-0.400114975896851
2026-05-25,AU,0.03894516620580947
2026-05-25,AG,0.015591529385430165
2026-05-25,SC,0.03707066816814191
2026-05-25,IF,0.0654671441075671
2026-05-25,IC,0.03750838293457102
2026-05-25,SN,0.02234053029730567
2026-05-25,IM,0.039804440989090015
2026-05-25,LH,0.07040156674848176
2026-05-25,CF,0.08881401832117293
2026-05-25,A,0.08405655284242997
2026-05-25,I,-0.05494300472359163
2026-05-25,RB,-0.0875634888788899
2026-05-25,J,-0.025949516342583415
2026-05-25,RU,-0.054574829527062926
2026-05-25,SA,-0.03235206916742797
2026-05-25,RM,-0.04418617150213351
2026-05-25,MA,-0.01582938792261932
2026-05-25,ZN,-0.09033904664967743
2026-05-25,OI,-0.04629526850828017
2026-05-25,Y,-0.047967216777733794
2026-05-26,AU,0.012891757967958354
2026-05-26,AG,0.005824618097714588
2026-05-26,LH,0.019451599981016247
2026-05-26,SN,0.008026859171436734
2026-05-26,P,0.022888058284357148
2026-05-26,A,0.021443373883660275
2026-05-26,SC,0.008089603229723985
2026-05-26,TL,0.08569688483699474
2026-05-26,IF,0.025406108820089146
2026-05-26,T,0.2902811357270488
2026-05-26,J,-0.022887898574317295
2026-05-26,I,-0.046402601020948314
2026-05-26,HC,-0.0658509524662255
2026-05-26,SA,-0.028037084536749194
2026-05-26,RU,-0.04834971755712382
2026-05-26,RM,-0.041256942109151415
2026-05-26,TA,-0.019922981089914648
2026-05-26,ZN,-0.07583091827311038
2026-05-26,SR,-0.08919887616713892
2026-05-26,CF,-0.06226202820532055
2026-05-27,AU,0.013717494555981312
2026-05-27,AG,0.006083050730787167
2026-05-27,LH,0.02016343976371415
2026-05-27,SN,0.008185907405994088
2026-05-27,P,0.024930515642933488
2026-05-27,TL,0.08426282787654765
2026-05-27,JD,0.02560827725340973
2026-05-27,IF,0.027376109010748977
2026-05-27,SC,0.008631757759197226
2026-05-27,T,0.28104062000068625
2026-05-27,J,-0.023673291350683173
2026-05-27,I,-0.04697534876005477
2026-05-27,SA,-0.029700833644919048
2026-05-27,RB,-0.07469799313517135
2026-05-27,RM,-0.036260347045730244
2026-05-27,RU,-0.054785150180677644
2026-05-27,MA,-0.01580500150299513
2026-05-27,M,-0.044213594549377976
2026-05-27,SR,-0.09064870063441856
2026-05-27,ZN,-0.08323973919597213
2026-05-28,AU,0.042352208203656594
2026-05-28,AG,0.019162215402791987
2026-05-28,LH,0.06751186290350054
2026-05-28,SN,0.026693078127558098
2026-05-28,IF,0.07450709476323347
2026-05-28,SC,0.032371764553282764
2026-05-28,P,0.08252299517971982
2026-05-28,IM,0.04054496327881827
2026-05-28,IC,0.0390672984152762
2026-05-28,A,0.07526651917216229
2026-05-28,I,-0.050707587647874246
2026-05-28,J,-0.024880251279917297
2026-05-28,SA,-0.03048051305204954
2026-05-28,RM,-0.03936217858095849
2026-05-28,RB,-0.07806441530325448
2026-05-28,RU,-0.05302050417577072
2026-05-28,MA,-0.018131532556653777
2026-05-28,CF,-0.07258373876451059
2026-05-28,M,-0.04718102731227089
2026-05-28,ZN,-0.08558825132674003
2026-05-29,AU,0.024868580534367437
2026-05-29,AG,0.012222030435386697
2026-05-29,CU,0.044117413404077155
2026-05-29,P,0.03957483852432814
2026-05-29,LH,0.038934802035101135
2026-05-29,SC,0.013681015365377485
2026-05-29,A,0.035758930328468524
2026-05-29,IF,0.04884013366523743
2026-05-29,V,0.026049203076277925
2026-05-29,TL,0.21595305263137807
2026-05-29,J,-0.005494982429515536
2026-05-29,I,-0.011839291850663652
2026-05-29,SA,-0.007253202135698669
2026-05-29,RM,-0.007907409289300052
2026-05-29,RU,-0.012257071804384515
2026-05-29,HC,-0.016486704212712932
2026-05-29,MA,-0.003483167352768703
2026-05-29,M,-0.009741625218427476
2026-05-29,CF,-0.018134885364142723
2026-05-29,TF,-0.4074016603423858
2026-06-01,AU,0.0135792103311959
2026-06-01,AG,0.006441300708827243
2026-06-01,P,0.0214501879165449
2026-06-01,CU,0.021353919229763
2026-06-01,LH,0.016956945421245973
2026-06-01,SC,0.007452424600429593
2026-06-01,IF,0.023844689070160307
2026-06-01,V,0.01399629770450865
2026-06-01,TL,0.09231530846371482
2026-06-01,T,0.28260971655360967
2026-06-01,J,-0.0021787154695523795
2026-06-01,I,-0.005230829313169053
2026-06-01,SA,-0.0030815616846182857
2026-06-01,RM,-0.00314664428870591
2026-06-01,RB,-0.007474322484446915
2026-06-01,RU,-0.005408803125863244
2026-06-01,TA,-0.00169216949628907
2026-06-01,M,-0.004048664706621971
2026-06-01,Y,-0.004439265395129099
2026-06-01,TS,-0.4632990240356041
2026-06-02,AU,0.013006093335257735
2026-06-02,AG,0.0067488281024711844
2026-06-02,P,0.018490687598342173
2026-06-02,SC,0.0064832639954093135
2026-06-02,CU,0.020262535426356195
2026-06-02,V,0.012411351446898042
2026-06-02,LH,0.016932240482516393
2026-06-02,A,0.017574402305927196
2026-06-02,T,0.3649932099251358
2026-06-02,IF,0.023097387381686017
2026-06-02,SA,-0.003077522755310711
2026-06-02,I,-0.004711713744494723
2026-06-02,J,-0.0020974078635617338
2026-06-02,RM,-0.003436732419702038
2026-06-02,HC,-0.006407683425522776
2026-06-02,RU,-0.004585146286259748
2026-06-02,JD,-0.004939073886317744
2026-06-02,CF,-0.006073487848704116
2026-06-02,IH,-0.007050011995198666
2026-06-02,TS,-0.4576212197749277
2026-06-03,AU,0.008670845492721017
2026-06-03,P,0.011604537082891098
2026-06-03,AG,0.0046650541823174945
2026-06-03,NI,0.009258342811680241
2026-06-03,SC,0.004045660738177967
2026-06-03,LH,0.009709602554085013
2026-06-03,TF,0.26625719380408863
2026-06-03,V,0.007602597289996338
2026-06-03,T,0.16309649055926165
2026-06-03,IF,0.01508967548478057
2026-06-03,I,-0.004385485640054161
2026-06-03,J,-0.0020118187453767107
2026-06-03,SA,-0.0028278057256069787
2026-06-03,HC,-0.005767343514110828
2026-06-03,RM,-0.003155167331403895
2026-06-03,CF,-0.0058265594038172846
2026-06-03,Y,-0.0051322128582578725
2026-06-03,RU,-0.004253841655054444
2026-06-03,TS,-0.4593102922130787
2026-06-03,IH,-0.007329472913239094
2026-06-04,P,0.009370271132952605
2026-06-04,AU,0.009592108001489756
2026-06-04,AG,0.00524160782944724
2026-06-04,NI,0.00942694956727718
2026-06-04,LH,0.00966057085367782
2026-06-04,TF,0.26746504682773564
2026-06-04,A,0.011311196982758492
2026-06-04,SC,0.0033510315271388673
2026-06-04,V,0.006740915453954587
2026-06-04,T,0.16784030182356782
2026-06-04,I,-0.004882917608101525
2026-06-04,SA,-0.0032145692423556807
2026-06-04,J,-0.002406225815417198
2026-06-04,RB,-0.007606289246691799
2026-06-04,RM,-0.003479576253715728
2026-06-04,JD,-0.004730366452275763
2026-06-04,CF,-0.006652987093837661
2026-06-04,TS,-0.46027089165220963
2026-06-04,FU,-0.001552113065422004
2026-06-04,IC,-0.005204063569972997
2026-06-05,P,0.009294225046248097
2026-06-05,AU,0.009732806707632337
2026-06-05,NI,0.009650431341268924
2026-06-05,AG,0.005362599949520201
2026-06-05,LH,0.009706618062532466
2026-06-05,TF,0.2663460479900262
2026-06-05,SC,0.0033828570931889543
2026-06-05,A,0.011478529746358497
2026-06-05,V,0.007235013514771049
2026-06-05,T,0.1678108705484533
2026-06-05,I,-0.050656392646606915
2026-06-05,RB,-0.07300709270819934
2026-06-05,SA,-0.031600021980429154
2026-06-05,J,-0.02538175192014514
2026-06-05,RM,-0.04306289689320396
2026-06-05,SR,-0.099966428841163
2026-06-05,RU,-0.048361874571618176
2026-06-05,CF,-0.05743886564160353
2026-06-05,IM,-0.03646849690121994
2026-06-05,IC,-0.03405617789581089
2026-06-08,P,0.015066176346237217
2026-06-08,AU,0.007989301819064442
2026-06-08,AG,0.004294674387087844
2026-06-08,LH,0.01106460455248035
2026-06-08,CU,0.013049260607742126
2026-06-08,SC,0.005774568099493505
2026-06-08,TF,0.25709139369756584
2026-06-08,T,0.15862482405278183
2026-06-08,IF,0.013068307329716521
2026-06-08,A,0.01397688910783036
2026-06-08,I,-0.005570654104555341
2026-06-08,J,-0.0023818539579899497
2026-06-08,SA,-0.0033025702988423574
2026-06-08,RB,-0.008019276540905505
2026-06-08,RM,-0.003671416965017152
2026-06-08,M,-0.004886249928608454
2026-06-08,RU,-0.005118707119248163
2026-06-08,CF,-0.0064481809242580125
2026-06-08,TA,-0.00208420425167515
2026-06-08,TS,-0.45851688590889994
2026-06-09,P,0.012684021105679934
2026-06-09,AU,0.009957167467436983
2026-06-09,LH,0.011463543768125506
2026-06-09,AG,0.005291047699943636
2026-06-09,CU,0.014755136144732285
2026-06-09,TF,0.2565074295937337
2026-06-09,A,0.013491221770261179
2026-06-09,SC,0.005056753348538767
2026-06-09,V,0.008811234245634568
2026-06-09,T,0.16198244485591348
2026-06-09,I,-0.005139724045833069
2026-06-09,SA,-0.0036085102898798086
2026-06-09,RM,-0.003555330339232417
2026-06-09,J,-0.0025509543918575406
2026-06-09,RB,-0.007802755926232892
2026-06-09,SR,-0.010699347849992399
2026-06-09,M,-0.004843468536366571
2026-06-09,RU,-0.004904925575815501
2026-06-09,IM,-0.004289172819838501
2026-06-09,TS,-0.45260581022495133
2026-06-10,P,0.013339477254827896
2026-06-10,AU,0.010365763660410105
2026-06-10,AG,0.005413019741248763
2026-06-10,CU,0.015356262634535905
2026-06-10,LH,0.01231749915994012
2026-06-10,SC,0.005101848780707766
2026-06-10,A,0.015069136883902613
2026-06-10,TF,0.25081593601078145
2026-06-10,V,0.010163604615055279
2026-06-10,T,0.1620574512585901
2026-06-10,I,-0.00538967886671525
2026-06-10,SA,-0.003889316619944507
2026-06-10,RM,-0.004016213263501184
2026-06-10,RB,-0.008202427682867977
2026-06-10,J,-0.002735113257633855
2026-06-10,SR,-0.011184992321116723
2026-06-10,RU,-0.0050954971993452045
2026-06-10,M,-0.005729907954970918
2026-06-10,TS,-0.44930146332163196
2026-06-10,IM,-0.004455389512272392
2026-06-11,P,0.013866431296609028
2026-06-11,AU,0.01044679472844683
2026-06-11,CU,0.015468735050225203
2026-06-11,AG,0.005592520355160491
2026-06-11,LH,0.012339538349242809
2026-06-11,SC,0.005585308484367863
2026-06-11,V,0.010218167535026211
2026-06-11,TF,0.2480786563812209
2026-06-11,A,0.015255307822170909
2026-06-11,T,0.16314853999752976
2026-06-11,I,-0.005213913043329009
2026-06-11,SA,-0.003536351778351787
2026-06-11,RM,-0.004338012778943
2026-06-11,RU,-0.004577716269430965
2026-06-11,SR,-0.010219519874653736
2026-06-11,RB,-0.007762471357222908
2026-06-11,JM,-0.0018657018734509324
2026-06-11,CF,-0.0059100517422563835
2026-06-11,TS,-0.4527791481909519
2026-06-11,IC,-0.0037971130914093796
2026-06-12,AU,0.010406683943463946
2026-06-12,CU,0.015269639490552721
2026-06-12,AG,0.005542395914332964
2026-06-12,P,0.014066718062575888
2026-06-12,TF,0.24958539113766545
2026-06-12,SC,0.005777644093061981
2026-06-12,T,0.16134630964786945
2026-06-12,LH,0.011802186318093811
2026-06-12,A,0.016033877384474052
2026-06-12,V,0.010169154007909699
2026-06-12,I,-0.0602194670992929
2026-06-12,SA,-0.03938814501352964
2026-06-12,RM,-0.05579730857900953
2026-06-12,RU,-0.04838350202000452
2026-06-12,JD,-0.05389455849900461
2026-06-12,CF,-0.0612422954359831
2026-06-12,JM,-0.02003589685121706
2026-06-12,FU,-0.023052359284320676
2026-06-12,RB,-0.08815436483466867
2026-06-12,IC,-0.04983210238296933
2026-06-15,AU,0.010058688527050092
2026-06-15,CU,0.015154230371999745
2026-06-15,P,0.013807140413839776
2026-06-15,TF,0.250800539864156
2026-06-15,AG,0.005396812482215184
2026-06-15,A,0.015843421920496332
2026-06-15,T,0.16130621256237931
2026-06-15,SC,0.005710089735476946
2026-06-15,LH,0.011974252862022718
2026-06-15,V,0.009948611260363933
2026-06-15,I,-0.059911328850817194
2026-06-15,SA,-0.03958543230588267
2026-06-15,RM,-0.05927023071182924
2026-06-15,RU,-0.047415153643702045
2026-06-15,JD,-0.05422720549812714
2026-06-15,FU,-0.022869634648781445
2026-06-15,CF,-0.060719976924321975
2026-06-15,JM,-0.02063322468970061
2026-06-15,HC,-0.08293030926584966
2026-06-15,IM,-0.05243750346098801
2026-06-16,AU,0.010147442985131956
2026-06-16,AG,0.005461607911851949
2026-06-16,CU,0.015427685133286144
2026-06-16,P,0.013847124746329893
2026-06-16,TF,0.24893500206236083
2026-06-16,SC,0.005808707540575736
2026-06-16,A,0.016119710754907014
2026-06-16,T,0.1619886330273533
2026-06-16,LH,0.01219888240979538
2026-06-16,V,0.010065203428407759
2026-06-16,I,-0.057143034984961004
2026-06-16,SA,-0.03696904827244108
2026-06-16,RU,-0.04540728092145324
2026-06-16,CF,-0.0568744698127333
2026-06-16,RM,-0.05519196061260887
2026-06-16,FU,-0.02067448237210907
2026-06-16,JM,-0.01898331548230693
2026-06-16,OI,-0.051154170521487054
2026-06-16,HC,-0.07453827751637294
2026-06-16,IH,-0.08306395950352652
2026-06-17,P,0.018215857481107475
2026-06-17,AU,0.008534725676463187
2026-06-17,AG,0.0047151599875885335
2026-06-17,TF,0.2449481200038896
2026-06-17,CU,0.014752604631377023
2026-06-17,T,0.15721733931944004
2026-06-17,LH,0.012947771523549914
2026-06-17,SC,0.007578657920624741
2026-06-17,A,0.017312339013350102
2026-06-17,IF,0.013777424442609373
2026-06-17,I,-0.04541944270240617
2026-06-17,SA,-0.030360286005754748
2026-06-17,RU,-0.04529797513848283
2026-06-17,CF,-0.0459496891970974
2026-06-17,Y,-0.0621790334408163
2026-06-17,UR,-0.04045622625715558
2026-06-17,SR,-0.0876035023327423
2026-06-17,RB,-0.06283897667983718
2026-06-17,JM,-0.01598082019773123
2026-06-17,IH,-0.0639140480479762
2026-06-18,AG,0.004909442264414207
2026-06-18,P,0.018340572720150723
2026-06-18,AU,0.008810660862485414
2026-06-18,CU,0.016401143537926918
2026-06-18,TF,0.24363946178231027
2026-06-18,SC,0.0075857594505880505
2026-06-18,LH,0.013090135639389934
2026-06-18,T,0.1554936996973123
2026-06-18,A,0.017891262788822474
2026-06-18,IF,0.013837861256599613
2026-06-18,I,-0.0055747176850196485
2026-06-18,SA,-0.0038134539704810224
2026-06-18,CF,-0.0060115996906598265
2026-06-18,UR,-0.004832647680630978
2026-06-18,RU,-0.004818599553495942
2026-06-18,RM,-0.005500445444723571
2026-06-18,Y,-0.0060618916334077315
2026-06-18,RB,-0.007644671686600969
2026-06-18,HC,-0.0070598849654706945
2026-06-18,TS,-0.4486820876895096
2026-06-22,AG,0.005139015921802417
2026-06-22,AU,0.011948642774352824
2026-06-22,P,0.016263844379013213
2026-06-22,CU,0.016070285807069228
2026-06-22,TF,0.2464816125565811
2026-06-22,SC,0.007210593257246936
2026-06-22,LH,0.013218035380828603
2026-06-22,A,0.01779804215986753
2026-06-22,T,0.15214733604270364
2026-06-22,IF,0.013722591720534454
2026-06-22,I,-0.005285761323272921
2026-06-22,SA,-0.004219459531715284
2026-06-22,RU,-0.004984997186802891
2026-06-22,UR,-0.004922328149301788
2026-06-22,CF,-0.005706854873363345
2026-06-22,RB,-0.007748238495610373
2026-06-22,RM,-0.005278063214156895
2026-06-22,TS,-0.4447770898294317
2026-06-22,SR,-0.010058088931745009
2026-06-22,HC,-0.007019118464599792
2026-06-23,AU,0.012221411361243226
2026-06-23,AG,0.005045623962222365
2026-06-23,P,0.01668597707340225
2026-06-23,CU,0.01613654587502006
2026-06-23,TF,0.24489005741778924
2026-06-23,A,0.019783213506518144
2026-06-23,SC,0.007296540938866529
2026-06-23,T,0.1517508956087974
2026-06-23,LH,0.013995155355729868
2026-06-23,IF,0.01219457890041092
2026-06-23,I,-0.05465518449047347
2026-06-23,RU,-0.044528617852018296
2026-06-23,CF,-0.059139019296212826
2026-06-23,SA,-0.04462970861466631
2026-06-23,MA,-0.02844646863418604
2026-06-23,RM,-0.06019829772391104
2026-06-23,HC,-0.07474648019943927
2026-06-23,Y,-0.06965265308808904
2026-06-23,JM,-0.021022417973043314
2026-06-23,IC,-0.042981152127960276
2026-06-24,AU,0.013077830720595618
2026-06-24,AG,0.005290274378729993
2026-06-24,P,0.016714837144874616
2026-06-24,CU,0.017229938508454685
2026-06-24,TF,0.2439008713695286
2026-06-24,SC,0.0076134753126443555
2026-06-24,A,0.019781018471711345
2026-06-24,T,0.15260526405025415
2026-06-24,LH,0.01366933471821254
2026-06-24,IM,0.010117155324994105
2026-06-24,I,-0.059627508586742255
2026-06-24,SA,-0.04907012002127976
2026-06-24,MA,-0.023859279155142018
2026-06-24,RM,-0.06309662667070146
2026-06-24,CF,-0.06075182298329795
2026-06-24,HC,-0.0815911378140273
2026-06-24,Y,-0.06761100454011335
2026-06-24,FU,-0.01934128408438838
2026-06-24,JM,-0.022370142307120495
2026-06-24,IC,-0.052681073837187016
2026-06-25,AU,0.012128237108321227
2026-06-25,AG,0.004771023271567175
2026-06-25,P,0.015178822465868517
2026-06-25,CU,0.015311801248701745
2026-06-25,SC,0.006998704136263131
2026-06-25,A,0.02006025723539142
2026-06-25,TF,0.24493442891871198
2026-06-25,T,0.15707495376521344
2026-06-25,LH,0.013207951067660947
2026-06-25,IM,0.010333820782300437
2026-06-25,I,-0.005982562762757082
2026-06-25,SA,-0.005145616985364052
2026-06-25,MA,-0.0025292883471107787
2026-06-25,HC,-0.008321302521244826
2026-06-25,RM,-0.005398495230057604
2026-06-25,Y,-0.006441706666486061
2026-06-25,OI,-0.004533546957415445
2026-06-25,UR,-0.004910595360962323
2026-06-25,TS,-0.4481226271118741
2026-06-25,IH,-0.008614258056727749
2026-06-26,AU,0.012609699699099445
2026-06-26,AG,0.0049063080732381975
2026-06-26,P,0.014879662433486146
2026-06-26,SN,0.006239297782806941
2026-06-26,SC,0.0074150249710891805
2026-06-26,TF,0.24987315247058758
2026-06-26,A,0.021069072888839305
2026-06-26,T,0.15806860338598516
2026-06-26,LH,0.013533888724601584
2026-06-26,IM,0.011405289570266482
2026-06-26,I,-0.05086422580043608
2026-06-26,SA,-0.04383952280829554
2026-06-26,RM,-0.055350586032321035
2026-06-26,HC,-0.07144415400424432
2026-06-26,MA,-0.025235794334799104
2026-06-26,JD,-0.04428710589583439
2026-06-26,Y,-0.06763666602152661
2026-06-26,JM,-0.019548133365378174
2026-06-26,UR,-0.04302576771693375
2026-06-26,IH,-0.07876804402023098
2026-06-29,AU,0.00658398656895188
2026-06-29,AG,0.0025728979851316384
2026-06-29,P,0.006791319115778555
2026-06-29,SN,0.003416534032318176
2026-06-29,SC,0.003202111559525102
2026-06-29,LH,0.005645700869438511
2026-06-29,TF,0.10255592749539894
2026-06-29,A,0.010289792148599463
2026-06-29,TS,0.2904868585324325
2026-06-29,T,0.06845487169242524
2026-06-29,I,-0.056896050419964664
2026-06-29,SA,-0.04553728911563928
2026-06-29,RM,-0.06592167036052653
2026-06-29,MA,-0.029119150960328702
2026-06-29,JD,-0.04705703919189746
2026-06-29,CF,-0.05713289044695436
2026-06-29,HC,-0.0797088257123547
2026-06-29,JM,-0.02084212586545079
2026-06-29,V,-0.033098377222317926
2026-06-29,IF,-0.06468658070456564
2026-06-30,AU,0.0065535990974945335
2026-06-30,AG,0.0025275657073876353
2026-06-30,SN,0.0032498723143688855
2026-06-30,SC,0.0038542615944609994
2026-06-30,P,0.007561224068472688
2026-06-30,LH,0.0059189216674127385
2026-06-30,TF,0.1198996424254602
2026-06-30,A,0.010255205043972227
2026-06-30,IM,0.005946758008017223
2026-06-30,TS,0.3342329500729529
2026-06-30,I,-0.05344745740721433
2026-06-30,UR,-0.039887774580725385
2026-06-30,MA,-0.02370655638050364
2026-06-30,RM,-0.055947088468845434
2026-06-30,CF,-0.050787290500272544
2026-06-30,SA,-0.045045147244552296
2026-06-30,HC,-0.07450992250654523
2026-06-30,Y,-0.06487674981161692
2026-06-30,JM,-0.02188446251083644
2026-06-30,ZN,-0.06990755058888777
2026-07-01,AU,0.006496241044705826
2026-07-01,AG,0.0026080924714508243
2026-07-01,SC,0.004341888603824001
2026-07-01,CU,0.007477050859166974
2026-07-01,P,0.008259343553987577
2026-07-01,TF,0.11948710754289786
2026-07-01,A,0.010202270776497822
2026-07-01,LH,0.00642928373111886
2026-07-01,TS,0.32810125204534724
2026-07-01,IM,0.006597469371003
2026-07-01,I,-0.04244806125963816
2026-07-01,UR,-0.028087463113352574
2026-07-01,TA,-0.016192488451019116
2026-07-01,CF,-0.03854727601118406
2026-07-01,RM,-0.03638473411925029
2026-07-01,MA,-0.013906645119616418
2026-07-01,HC,-0.059662596222311154
2026-07-01,Y,-0.03892625863081466
2026-07-01,JM,-0.014959861699435405
2026-07-01,TL,-0.21088461537337821
2026-07-02,AU,0.006561365772091665
2026-07-02,AG,0.0026199721632326678
2026-07-02,SC,0.004747598170727365
2026-07-02,SN,0.00339742765632588
2026-07-02,P,0.007986051539298938
2026-07-02,A,0.010587563356596956
2026-07-02,TF,0.12160505893218841
2026-07-02,LH,0.006520405862346954
2026-07-02,TS,0.3294858789332635
2026-07-02,IM,0.006488677613927691
2026-07-02,I,-0.033727779489658126
2026-07-02,UR,-0.026160981048603614
2026-07-02,TA,-0.02021176291661656
2026-07-02,HC,-0.04495700212400268
2026-07-02,RM,-0.03302534685481534
2026-07-02,SA,-0.028983144570371683
2026-07-02,CF,-0.03249543353830123
2026-07-02,Y,-0.038494369511516864
2026-07-02,RB,-0.04973101432394156
2026-07-02,TL,-0.19221316562217236
2026-07-03,AU,0.015885681087478166
2026-07-03,AG,0.006102928380817514
2026-07-03,SN,0.007697704132576466
2026-07-03,SC,0.012740386667283657
2026-07-03,P,0.02147509329982316
2026-07-03,IC,0.011709964073801062
2026-07-03,TF,0.3674560280263762
2026-07-03,A,0.026655735499811144
2026-07-03,LH,0.016721784512270386
2026-07-03,IM,0.013554694319762235
2026-07-03,I,-0.0540628369108091
2026-07-03,TA,-0.031019306308246848
2026-07-03,UR,-0.040927162290655225
2026-07-03,SA,-0.04655484077387687
2026-07-03,CF,-0.050258274334648925
2026-07-03,HC,-0.0752842817906759
2026-07-03,RM,-0.06304799906407535
2026-07-03,OI,-0.04657956415202883
2026-07-03,JM,-0.02249867782987686
2026-07-03,ZN,-0.06976705654510613
2026-07-06,AU,0.016039620428606308
2026-07-06,AG,0.006168680571006748
2026-07-06,SC,0.012899701230046101
2026-07-06,P,0.021279739746929306
2026-07-06,SN,0.0076962905681118195
2026-07-06,A,0.026889211171474983
2026-07-06,LH,0.016865723152523077
2026-07-06,IC,0.011858386656495622
2026-07-06,IM,0.013764004306933291
2026-07-06,TF,0.36653864216787274
2026-07-06,SA,-0.033972701673874776
2026-07-06,I,-0.040554326272127315
2026-07-06,CF,-0.03862816134050185
2026-07-06,UR,-0.028931444272949327
2026-07-06,RM,-0.0359186120626185
2026-07-06,HC,-0.054952476382212005
2026-07-06,MA,-0.019568629105976103
2026-07-06,JM,-0.014609204496767648
2026-07-06,OI,-0.030336575104877205
2026-07-06,TL,-0.20252786928809524
2026-07-07,AU,0.016038561418978234
2026-07-07,AG,0.006166505800816183
2026-07-07,SC,0.01290343392621692
2026-07-07,SN,0.007707623090314419
2026-07-07,P,0.02129986191188025
2026-07-07,A,0.02692538728920904
2026-07-07,IC,0.011794769717405326
2026-07-07,LH,0.016936711895623225
2026-07-07,TF,0.36657255546551043
2026-07-07,IM,0.01365458948404604
2026-07-07,I,-0.053810024268514264
2026-07-07,SA,-0.05102930291468038
2026-07-07,CF,-0.05466008198560323
2026-07-07,UR,-0.042673521142673095
2026-07-07,HC,-0.07996150569251181
2026-07-07,MA,-0.02865928320587905
2026-07-07,RM,-0.05968189753128056
2026-07-07,JM,-0.022743829933847888
2026-07-07,OI,-0.04760216684374907
2026-07-07,AL,-0.05917838648126064
2026-07-08,AU,0.016304842490251777
2026-07-08,AG,0.0062309535740084744
2026-07-08,SC,0.013345013124878275
2026-07-08,SN,0.007724241063644269
2026-07-08,P,0.0220006876323069
2026-07-08,A,0.027107019399007483
2026-07-08,IC,0.01213474611353673
2026-07-08,LH,0.017036971936277564
2026-07-08,IM,0.014145624840366822
2026-07-08,TF,0.36396989982572175
2026-07-08,SA,-0.048893283726330575
2026-07-08,I,-0.05364397044068663
2026-07-08,UR,-0.042911371202413284
2026-07-08,CF,-0.05540285064097364
2026-07-08,MA,-0.034669936952687073
2026-07-08,HC,-0.07695477721709071
2026-07-08,RM,-0.05925236478479818
2026-07-08,JM,-0.021647200511563807
2026-07-08,OI,-0.051377051789946414
2026-07-08,AL,-0.05524719273350962
2026-07-09,AU,0.007204561258130665
2026-07-09,AG,0.0027852290825969364
2026-07-09,SC,0.005891876206245017
2026-07-09,SN,0.0033713593581245088
2026-07-09,P,0.0097013159959554
2026-07-09,A,0.01370324944869424
2026-07-09,IC,0.005194368831662624
2026-07-09,LH,0.0073894773790461775
2026-07-09,IM,0.006075043336144144
2026-07-09,TS,0.43868351910340025
2026-07-09,I,-0.05492275657465635
2026-07-09,SA,-0.04620809838238486
2026-07-09,CF,-0.05789064104697985
2026-07-09,MA,-0.034917151106890636
2026-07-09,UR,-0.04220381903506131
2026-07-09,RM,-0.05462274441550104
2026-07-09,HC,-0.0738677941547807
2026-07-09,JM,-0.022322254350605412
2026-07-09,NI,-0.03590809742207036
2026-07-09,M,-0.07713664351106948
2026-07-10,AU,0.007294422963918179
2026-07-10,AG,0.002827153552719341
2026-07-10,SN,0.003405421291720829
2026-07-10,SC,0.005930083752172604
2026-07-10,P,0.00962168320427697
2026-07-10,A,0.013974687984688079
2026-07-10,IC,0.005200106699345628
2026-07-10,LH,0.0074036914825888825
2026-07-10,IM,0.006108836536751584
2026-07-10,TS,0.43823391253181787
2026-07-10,SA,-0.01917216387346739
2026-07-10,I,-0.02243400491326659
2026-07-10,RM,-0.02130903857807456
2026-07-10,CF,-0.02280881024383544
2026-07-10,UR,-0.018170996578637626
2026-07-10,FU,-0.010597181078247475
2026-07-10,HC,-0.030530948546658474
2026-07-10,JM,-0.00829877746838126
2026-07-10,OI,-0.01807357386803154
2026-07-10,T,-0.3286045048513996
2026-07-13,AU,0.00732759995681399
2026-07-13,AG,0.0028334589673501397
2026-07-13,SC,0.006321424499554426
2026-07-13,SN,0.0034753456207699245
2026-07-13,P,0.009691290363230786
2026-07-13,A,0.013771986447121822
2026-07-13,IC,0.004940737666775877
2026-07-13,LH,0.006745497135366448
2026-07-13,IM,0.00560874574785933
2026-07-13,TS,0.4392839135951572
2026-07-13,SA,-0.01798284855126602
2026-07-13,I,-0.02119153751252772
2026-07-13,CF,-0.022351142150324792
2026-07-13,RM,-0.02029221824723215
2026-07-13,UR,-0.017183761201497293
2026-07-13,HC,-0.028260433481273512
2026-07-13,MA,-0.014522128863216105
2026-07-13,J,-0.009313761247269294
2026-07-13,M,-0.028117200850997875
2026-07-13,T,-0.32078496789439526
2026-07-14,AU,0.007358800136401215
2026-07-14,AG,0.00281320342980925
2026-07-14,SC,0.005349354360750897
2026-07-14,SN,0.0034227256446010554
2026-07-14,P,0.009150661062692302
2026-07-14,A,0.01354251985842512
2026-07-14,IC,0.0048508754121391875
2026-07-14,LH,0.006809375010094488
2026-07-14,IM,0.005435204283404647
2026-07-14,TS,0.44126728080168187
2026-07-14,SA,-0.013651554380040494
2026-07-14,I,-0.014200030047562843
2026-07-14,RM,-0.014578926326500397
2026-07-14,CF,-0.0165013100516989
2026-07-14,UR,-0.012439487683501163
2026-07-14,J,-0.006934457095938589
2026-07-14,MA,-0.009645315941140825
2026-07-14,HC,-0.020059700923786804
2026-07-14,M,-0.02111617200751648
2026-07-14,TF,-0.37087304554231354
2026-07-15,AU,0.007321471460540144
2026-07-15,AG,0.0028112832199535956
2026-07-15,SC,0.0052771467081101815
2026-07-15,SN,0.0033721246191101063
2026-07-15,P,0.00895114857559017
2026-07-15,A,0.013223400281876308
2026-07-15,IC,0.004754330000375722
2026-07-15,LH,0.0069133248580312045
2026-07-15,TS,0.4420378982580699
2026-07-15,IM,0.005337872018342624
2026-07-15,SA,-0.04777842269435726
2026-07-15,I,-0.05570855047650062
2026-07-15,RM,-0.05609887566876255
2026-07-15,CF,-0.05568330737145226
2026-07-15,UR,-0.042129187884051664
2026-07-15,J,-0.02581920421555385
2026-07-15,JM,-0.021822266372668337
2026-07-15,MA,-0.03720657294809972
2026-07-15,M,-0.08266477795840924
2026-07-15,ZN,-0.07508883441014452
2026-07-16,AU,0.007572408727281491
2026-07-16,AG,0.0028789706432996525
2026-07-16,SC,0.005423629197961647
2026-07-16,SN,0.00346426121133325
2026-07-16,P,0.009074409590115667
2026-07-16,A,0.01357461779760538
2026-07-16,IC,0.004843291806194198
2026-07-16,LH,0.00708895632443514
2026-07-16,IM,0.005426392529277451
2026-07-16,TS,0.4406530621724961
2026-07-16,I,-0.05017439249966319
2026-07-16,SA,-0.04124212608744863
2026-07-16,RM,-0.048902781188372636
2026-07-16,CF,-0.0550815570803408
2026-07-16,J,-0.02440069827466492
2026-07-16,HC,-0.06689343377359874
2026-07-16,MA,-0.03421885515218851
2026-07-16,M,-0.07411480299222702
2026-07-16,UR,-0.041056590608016405
2026-07-16,ZN,-0.06391476234347913
2026-07-17,AU,0.007308413604892968
2026-07-17,AG,0.0027458094693734022
2026-07-17,P,0.008902579194142514
2026-07-17,SN,0.0033093898937182962
2026-07-17,SC,0.005207375117378382
2026-07-17,A,0.012913360141605242
2026-07-17,IC,0.004207969568802786
2026-07-17,LH,0.006824892483455146
2026-07-17,IM,0.004611569172055796
2026-07-17,TS,0.4439686413545754
2026-07-17,SA,-0.043785897918337986
2026-07-17,I,-0.0615219229051784
2026-07-17,RM,-0.05340578996968231
2026-07-17,CF,-0.05627472774653684
2026-07-17,J,-0.025375166943462153
2026-07-17,JM,-0.021997004758531044
2026-07-17,M,-0.08405597508220444
2026-07-17,MA,-0.036879339178326996
2026-07-17,UR,-0.04416381852160336
2026-07-17,ZN,-0.07254035697613648
2026-07-20,AU,0.007133462470749292
2026-07-20,P,0.00861370567215904
2026-07-20,AG,0.0026705703089965113
2026-07-20,SN,0.0032143877426552424
2026-07-20,SC,0.004829845240692714
2026-07-20,A,0.012698350066781178
2026-07-20,IC,0.004158850938818361
2026-07-20,LH,0.006844715794690159
2026-07-20,IM,0.004614035109597495
2026-07-20,TS,0.44522207665486
2026-07-20,I,-0.054416696579841654
2026-07-20,SA,-0.041078926935668184
2026-07-20,RM,-0.04710595006632268
2026-07-20,CF,-0.05177402766124598
2026-07-20,J,-0.027209822028007105
2026-07-20,M,-0.07045033771608182
2026-07-20,HC,-0.07440862623955168
2026-07-20,UR,-0.04191554565905522
2026-07-20,FU,-0.02477586178103045
2026-07-20,ZN,-0.06686420533319523
2026-07-21,AU,0.007115392989032128
2026-07-21,AG,0.0025006576185654323
2026-07-21,P,0.008314153361480047
2026-07-21,SN,0.003125097676029322
2026-07-21,SC,0.004385585330516559
2026-07-21,A,0.012865179249495831
2026-07-21,IC,0.00393199224516215
2026-07-21,IM,0.0044747508703234596
2026-07-21,Y,0.012645618331851127
2026-07-21,TS,0.4406415723275439
2026-07-21,SA,-0.01285756855811954
2026-07-21,I,-0.016167244813413032
2026-07-21,CF,-0.016321855593436047
2026-07-21,RM,-0.013208329805242147
2026-07-21,J,-0.007417249105205438
2026-07-21,HC,-0.022262687680904083
2026-07-21,M,-0.01944910341584637
2026-07-21,UR,-0.013741435839578505
2026-07-21,FU,-0.006580967888166566
2026-07-21,TF,-0.37199355730008826
2026-07-22,AU,0.05979691396247308
2026-07-22,AG,0.01962766589892985
2026-07-22,P,0.06214591534441316
2026-07-22,SN,0.02358177458330571
2026-07-22,SC,0.026227391563904457
2026-07-22,A,0.11411612190599939
2026-07-22,IC,0.03291894559859145
2026-07-22,FU,0.02665822820872146
2026-07-22,IM,0.03895114425408358
2026-07-22,Y,0.09597589867957786
2026-07-22,SA,-0.01260342177000474
2026-07-22,I,-0.01897030861698937
2026-07-22,CF,-0.016360450835644653
2026-07-22,JM,-0.005791067945849315
2026-07-22,RM,-0.014580539883488706
2026-07-22,M,-0.02099398174436935
2026-07-22,J,-0.006526226882689254
2026-07-22,UR,-0.014369899908727862
2026-07-22,TF,-0.37700486708176206
2026-07-22,IH,-0.012799235330474683
2026-07-23,AU,0.06126661868587652
2026-07-23,AG,0.0201589478050967
2026-07-23,P,0.058322213722774005
2026-07-23,SN,0.02463581459372782
2026-07-23,SC,0.02672389756158908
2026-07-23,A,0.11361148682494127
2026-07-23,IC,0.034321292984033996
2026-07-23,Y,0.09416595740129709
2026-07-23,IM,0.039598981343625814
2026-07-23,FU,0.027194789077037675
2026-07-23,SA,-0.04363141208388092
2026-07-23,I,-0.06459808316981136
2026-07-23,JM,-0.022373956379159093
2026-07-23,CF,-0.054520698049032305
2026-07-23,RM,-0.05620969542241499
2026-07-23,J,-0.024854264761031246
2026-07-23,M,-0.07996992623685008
2026-07-23,UR,-0.04734594991544378
2026-07-23,ZN,-0.06299233385104061
2026-07-23,IH,-0.04350368013133559
2026-07-24,AU,0.05971136070324985
2026-07-24,P,0.0563619396345621
2026-07-24,AG,0.019911970128387153
2026-07-24,SN,0.024120064694187742
2026-07-24,SC,0.025839443982382797
2026-07-24,A,0.12023438281130142
2026-07-24,IC,0.03319888937681321
2026-07-24,IM,0.03823484255027584
2026-07-24,FU,0.02619616134919691
2026-07-24,Y,0.09619094476964304
2026-07-24,I,-0.06995291493965584
2026-07-24,J,-0.025807278302204775
2026-07-24,SA,-0.046483207366875216
2026-07-24,CF,-0.05837251978293346
2026-07-24,JM,-0.02269938401134561
2026-07-24,RM,-0.05215707746074004
2026-07-24,M,-0.07964128230246122
2026-07-24,UR,-0.05175343104000834
2026-07-24,IH,-0.04927812010130558
2026-07-24,RU,-0.0438547846924699
2026-07-27,AU,0.060914555091005206
2026-07-27,AG,0.02031731104587323
2026-07-27,P,0.05598256292419772
2026-07-27,SN,0.024419471173702863
2026-07-27,SC,0.025250598477368377
2026-07-27,A,0.12137400091535744
2026-07-27,IC,0.03378548758200397
2026-07-27,IM,0.0390100865164176
2026-07-27,FU,0.025899303343056672
2026-07-27,Y,0.09304662293101697
2026-07-27,SA,-0.005717831615408895
2026-07-27,I,-0.007578560476097191
2026-07-27,J,-0.0028659464448843146
2026-07-27,RM,-0.005568106950213332
2026-07-27,JM,-0.0025069236044672886
2026-07-27,CF,-0.007020452194353824
2026-07-27,UR,-0.006342429409206974
2026-07-27,OI,-0.004886145956122451
2026-07-27,RU,-0.004742036382231875
2026-07-27,TS,-0.45277156696701387
2026-07-28,AU,0.06192202362376848
2026-07-28,P,0.05781879036510587
2026-07-28,AG,0.02075281590167788
2026-07-28,SN,0.025008083369625043
2026-07-28,A,0.11661491965576516
2026-07-28,SC,0.02596237751638902
2026-07-28,IC,0.0328356607218303
2026-07-28,IM,0.0387879775220573
2026-07-28,FU,0.025865046082683828
2026-07-28,Y,0.09443230524109711
2026-07-28,SA,-0.0054738501198839575
2026-07-28,I,-0.007609736932901102
2026-07-28,J,-0.0029056804233467096
2026-07-28,RM,-0.005971620924925671
2026-07-28,JM,-0.002611054877728896
2026-07-28,CF,-0.007290431833166157
2026-07-28,LH,-0.00538901647126967
2026-07-28,UR,-0.006983939409751023
2026-07-28,RU,-0.0049249011894539375
2026-07-28,TS,-0.4508397678175729
2026-07-29,AU,0.020122629050222832
2026-07-29,P,0.021987322250810754
2026-07-29,AG,0.007176594744389819
2026-07-29,A,0.04277233743754122
2026-07-29,SN,0.009012246192458993
2026-07-29,SC,0.011447643071525368
2026-07-29,IC,0.011387879730771964
2026-07-29,IM,0.013281393800551076
2026-07-29,T,0.32747929585570806
2026-07-29,Y,0.03533265786601996
2026-07-29,SA,-0.04835207411312905
2026-07-29,I,-0.07382442480484147
2026-07-29,RM,-0.05858624103137461
2026-07-29,J,-0.027170053679191217
2026-07-29,JM,-0.024116092160031192
2026-07-29,CF,-0.06540459463981928
2026-07-29,LH,-0.05275041030748894
2026-07-29,UR,-0.06195276407776424
2026-07-29,V,-0.03695951406968685
2026-07-29,IH,-0.05088383111667308
2026-07-30,P,0.05465934988069803
2026-07-30,AU,0.05593949557095996
2026-07-30,A,0.10593667708662845
2026-07-30,CU,0.05741114636555503
2026-07-30,AG,0.01887447105352138
2026-07-30,SC,0.0237457857326657
2026-07-30,IM,0.036337665470646166
2026-07-30,IC,0.03101402163733348
2026-07-30,Y,0.0918677265681018
2026-07-30,FU,0.02421366063389008
2026-07-30,SA,-0.04403583281525464
2026-07-30,I,-0.06134171674864653
2026-07-30,RM,-0.05250595344550311
2026-07-30,J,-0.024915364552497297
2026-07-30,JM,-0.022487368382413463
2026-07-30,SR,-0.10662725890563084
2026-07-30,UR,-0.058664153988713344
2026-07-30,LH,-0.04805899483599089
2026-07-30,V,-0.03488088847384014
2026-07-30,IH,-0.04648246785150968
2026-07-31,P,0.02141850111749951
2026-07-31,AU,0.020802430605973372
2026-07-31,A,0.040085108669177166
2026-07-31,SC,0.010907342268372547
2026-07-31,CU,0.021876215702123655
2026-07-31,SN,0.008818839751990708
2026-07-31,IM,0.012931556653981192
2026-07-31,IC,0.010993058813651523
2026-07-31,T,0.31722066064320403
2026-07-31,Y,0.03494628577402632
2026-07-31,SA,-0.044415214175782765
2026-07-31,I,-0.06675823876604645
2026-07-31,J,-0.02507083520052716
2026-07-31,RM,-0.051302250290114586
2026-07-31,JM,-0.021867631848371226
2026-07-31,SR,-0.10042662038957297
2026-07-31,CF,-0.05647288574103212
2026-07-31,V,-0.03271785590167066
2026-07-31,UR,-0.0552228424650032
2026-07-31,IH,-0.04574562522187884
2026-08-03,AU,0.031096070299695057
2026-08-03,P,0.04193856245276346
2026-08-03,A,0.0693157330761608
2026-08-03,AG,0.011418940153403391
2026-08-03,SN,0.01507040941632579
2026-08-03,SC,0.020713215626312228
2026-08-03,IM,0.021015633023274298
2026-08-03,IC,0.018157621519593575
2026-08-03,TL,0.2020421103112037
2026-08-03,RB,0.06923170412126768
2026-08-03,SA,-0.04430121126732231
2026-08-03,J,-0.025532221266554033
2026-08-03,I,-0.06312587687141219
2026-08-03,RM,-0.05298798596251841
2026-08-03,JM,-0.022551225631978478
2026-08-03,SR,-0.10412545659083601
2026-08-03,V,-0.03354171419807455
2026-08-03,CF,-0.057366052319387704
2026-08-03,UR,-0.050917044684816344
2026-08-03,IH,-0.04555121120709994
2026-08-04,AU,0.019172903918411963
2026-08-04,P,0.022318958744125723
2026-08-04,A,0.0411823824574778
2026-08-04,AG,0.00735882618152696
2026-08-04,CU,0.022713108590397452
2026-08-04,SC,0.008147572680608027
2026-08-04,IC,0.014590993205961175
2026-08-04,TL,0.09411951194042113
2026-08-04,T,0.26182690404981984
2026-08-04,FU,0.008568838231249895
2026-08-04,SA,-0.05566712833893244
2026-08-04,J,-0.029926917381746545
2026-08-04,I,-0.06604857421164217
2026-08-04,RM,-0.06830607918654426
2026-08-04,JM,-0.02595770384984779
2026-08-04,V,-0.041456936041936406
2026-08-04,TA,-0.043705906078158295
2026-08-04,JD,-0.05394487092866399
2026-08-04,LH,-0.052880270430892946
2026-08-04,IH,-0.06210561355163517
